==================
WARNING: ThreadSanitizer: data race (pid=4178837)
  Read of size 4 at 0x5613fca69928 by thread T28 (mutexes: write M0):
    #0 lru_maintainer_thread /home/alexey/tsan-experiments/nosql/memcached/memcached-tsan/items.c:1671:59 (memcached+0x100c2d)

  Previous write of size 4 at 0x5613fca69928 by main thread:
    #0 clock_handler /home/alexey/tsan-experiments/nosql/memcached/memcached-tsan/memcached.c (memcached+0xf440e)
    #1 main /home/alexey/tsan-experiments/nosql/memcached/memcached-tsan/memcached.c:6208:5 (memcached+0xf1cb3)

  As if synchronized via sleep:
    #0 usleep /extra/alexey/worktrees/perf/compiler-rt/lib/tsan/rtl/tsan_interceptors_posix.cpp:391:3 (memcached+0x611ee)
    #1 lru_maintainer_thread /home/alexey/tsan-experiments/nosql/memcached/memcached-tsan/items.c:1624:13 (memcached+0x1005e4)

  Location is global 'current_time' of size 4 at 0x5613fca69928 (memcached+0x14e0928)

  Mutex M0 (0x5613fca76cb0) created at:
    #0 pthread_mutex_lock /extra/alexey/worktrees/perf/compiler-rt/lib/tsan/rtl/tsan_interceptors_posix.cpp:1342:3 (memcached+0x65d4e)
    #1 start_lru_maintainer_thread /home/alexey/tsan-experiments/nosql/memcached/memcached-tsan/items.c:1725:5 (memcached+0x10032c)
    #2 main /home/alexey/tsan-experiments/nosql/memcached/memcached-tsan/memcached.c:6170:33 (memcached+0xf1b7b)

  Thread T28 'mc-lrumaint' (tid=4178866, running) created by main thread at:
    #0 pthread_create /extra/alexey/worktrees/perf/compiler-rt/lib/tsan/rtl/tsan_interceptors_posix.cpp:1023:3 (memcached+0x640ef)
    #1 start_lru_maintainer_thread /home/alexey/tsan-experiments/nosql/memcached/memcached-tsan/items.c:1728:16 (memcached+0x100376)
    #2 main /home/alexey/tsan-experiments/nosql/memcached/memcached-tsan/memcached.c:6170:33 (memcached+0xf1b7b)

SUMMARY: ThreadSanitizer: data race /home/alexey/tsan-experiments/nosql/memcached/memcached-tsan/items.c:1671:59 in lru_maintainer_thread
==================
==================
WARNING: ThreadSanitizer: data race (pid=4178837)
  Read of size 8 at 0x72b000008410 by thread T3:
    #0 conn_new /home/alexey/tsan-experiments/nosql/memcached/memcached-tsan/memcached.c:653:9 (memcached+0xe977f)
    #1 thread_libevent_process /home/alexey/tsan-experiments/nosql/memcached/memcached-tsan/thread.c:624:21 (memcached+0x10560a)
    #2 <null> <null> (libevent-2.1.so.7+0x20b3b) (BuildId: 79ee78eebaf1fabcfa2c5160e0b25a68bf3edce9)

  Previous write of size 8 at 0x72b000008410 by thread T2:
    #0 conn_new /home/alexey/tsan-experiments/nosql/memcached/memcached-tsan/memcached.c:691:20 (memcached+0xe983d)
    #1 thread_libevent_process /home/alexey/tsan-experiments/nosql/memcached/memcached-tsan/thread.c:624:21 (memcached+0x10560a)
    #2 <null> <null> (libevent-2.1.so.7+0x20b3b) (BuildId: 79ee78eebaf1fabcfa2c5160e0b25a68bf3edce9)

  Location is heap block of size 32768 at 0x72b000008000 allocated by main thread:
    #0 calloc /extra/alexey/worktrees/perf/compiler-rt/lib/tsan/rtl/tsan_interceptors_posix.cpp:686:5 (memcached+0x6282a)
    #1 conn_init /home/alexey/tsan-experiments/nosql/memcached/memcached-tsan/memcached.c:488:18 (memcached+0xf18e2)
    #2 main /home/alexey/tsan-experiments/nosql/memcached/memcached-tsan/memcached.c:6058:5 (memcached+0xf18e2)

  Thread T3 'mc-worker' (tid=4178841, running) created by main thread at:
    #0 pthread_create /extra/alexey/worktrees/perf/compiler-rt/lib/tsan/rtl/tsan_interceptors_posix.cpp:1023:3 (memcached+0x640ef)
    #1 create_worker /home/alexey/tsan-experiments/nosql/memcached/memcached-tsan/thread.c:385:16 (memcached+0x10509e)
    #2 memcached_thread_init /home/alexey/tsan-experiments/nosql/memcached/memcached-tsan/thread.c:1155:9 (memcached+0x10509e)
    #3 main /home/alexey/tsan-experiments/nosql/memcached/memcached-tsan/memcached.c:6138:5 (memcached+0xf1b16)

  Thread T2 'mc-worker' (tid=4178840, running) created by main thread at:
    #0 pthread_create /extra/alexey/worktrees/perf/compiler-rt/lib/tsan/rtl/tsan_interceptors_posix.cpp:1023:3 (memcached+0x640ef)
    #1 create_worker /home/alexey/tsan-experiments/nosql/memcached/memcached-tsan/thread.c:385:16 (memcached+0x10509e)
    #2 memcached_thread_init /home/alexey/tsan-experiments/nosql/memcached/memcached-tsan/thread.c:1155:9 (memcached+0x10509e)
    #3 main /home/alexey/tsan-experiments/nosql/memcached/memcached-tsan/memcached.c:6138:5 (memcached+0xf1b16)

SUMMARY: ThreadSanitizer: data race /home/alexey/tsan-experiments/nosql/memcached/memcached-tsan/memcached.c:653:9 in conn_new
==================
==================
WARNING: ThreadSanitizer: data race (pid=4178837)
  Write of size 4 at 0x725000010140 by thread T3:
    #0 conn_new /home/alexey/tsan-experiments/nosql/memcached/memcached-tsan/memcached.c:694:18 (memcached+0xe985a)
    #1 thread_libevent_process /home/alexey/tsan-experiments/nosql/memcached/memcached-tsan/thread.c:624:21 (memcached+0x10560a)
    #2 <null> <null> (libevent-2.1.so.7+0x20b3b) (BuildId: 79ee78eebaf1fabcfa2c5160e0b25a68bf3edce9)

  Previous write of size 8 at 0x725000010140 by thread T2:
    #0 calloc /extra/alexey/worktrees/perf/compiler-rt/lib/tsan/rtl/tsan_interceptors_posix.cpp:686:5 (memcached+0x6282a)
    #1 conn_new /home/alexey/tsan-experiments/nosql/memcached/memcached-tsan/memcached.c:656:27 (memcached+0xe979b)
    #2 thread_libevent_process /home/alexey/tsan-experiments/nosql/memcached/memcached-tsan/thread.c:624:21 (memcached+0x10560a)
    #3 <null> <null> (libevent-2.1.so.7+0x20b3b) (BuildId: 79ee78eebaf1fabcfa2c5160e0b25a68bf3edce9)

  Location is heap block of size 496 at 0x725000010000 allocated by thread T2:
    #0 calloc /extra/alexey/worktrees/perf/compiler-rt/lib/tsan/rtl/tsan_interceptors_posix.cpp:686:5 (memcached+0x6282a)
    #1 conn_new /home/alexey/tsan-experiments/nosql/memcached/memcached-tsan/memcached.c:656:27 (memcached+0xe979b)
    #2 thread_libevent_process /home/alexey/tsan-experiments/nosql/memcached/memcached-tsan/thread.c:624:21 (memcached+0x10560a)
    #3 <null> <null> (libevent-2.1.so.7+0x20b3b) (BuildId: 79ee78eebaf1fabcfa2c5160e0b25a68bf3edce9)

  Thread T3 'mc-worker' (tid=4178841, running) created by main thread at:
    #0 pthread_create /extra/alexey/worktrees/perf/compiler-rt/lib/tsan/rtl/tsan_interceptors_posix.cpp:1023:3 (memcached+0x640ef)
    #1 create_worker /home/alexey/tsan-experiments/nosql/memcached/memcached-tsan/thread.c:385:16 (memcached+0x10509e)
    #2 memcached_thread_init /home/alexey/tsan-experiments/nosql/memcached/memcached-tsan/thread.c:1155:9 (memcached+0x10509e)
    #3 main /home/alexey/tsan-experiments/nosql/memcached/memcached-tsan/memcached.c:6138:5 (memcached+0xf1b16)

  Thread T2 'mc-worker' (tid=4178840, running) created by main thread at:
    #0 pthread_create /extra/alexey/worktrees/perf/compiler-rt/lib/tsan/rtl/tsan_interceptors_posix.cpp:1023:3 (memcached+0x640ef)
    #1 create_worker /home/alexey/tsan-experiments/nosql/memcached/memcached-tsan/thread.c:385:16 (memcached+0x10509e)
    #2 memcached_thread_init /home/alexey/tsan-experiments/nosql/memcached/memcached-tsan/thread.c:1155:9 (memcached+0x10509e)
    #3 main /home/alexey/tsan-experiments/nosql/memcached/memcached-tsan/memcached.c:6138:5 (memcached+0xf1b16)

SUMMARY: ThreadSanitizer: data race /home/alexey/tsan-experiments/nosql/memcached/memcached-tsan/memcached.c:694:18 in conn_new
==================
==================
WARNING: ThreadSanitizer: data race (pid=4178837)
  Write of size 4 at 0x72500001013c by thread T3:
    #0 conn_new /home/alexey/tsan-experiments/nosql/memcached/memcached-tsan/memcached.c:695:17 (memcached+0xe9872)
    #1 thread_libevent_process /home/alexey/tsan-experiments/nosql/memcached/memcached-tsan/thread.c:624:21 (memcached+0x10560a)
    #2 <null> <null> (libevent-2.1.so.7+0x20b3b) (BuildId: 79ee78eebaf1fabcfa2c5160e0b25a68bf3edce9)

  Previous write of size 8 at 0x725000010138 by thread T2:
    #0 calloc /extra/alexey/worktrees/perf/compiler-rt/lib/tsan/rtl/tsan_interceptors_posix.cpp:686:5 (memcached+0x6282a)
    #1 conn_new /home/alexey/tsan-experiments/nosql/memcached/memcached-tsan/memcached.c:656:27 (memcached+0xe979b)
    #2 thread_libevent_process /home/alexey/tsan-experiments/nosql/memcached/memcached-tsan/thread.c:624:21 (memcached+0x10560a)
    #3 <null> <null> (libevent-2.1.so.7+0x20b3b) (BuildId: 79ee78eebaf1fabcfa2c5160e0b25a68bf3edce9)

  Location is heap block of size 496 at 0x725000010000 allocated by thread T2:
    #0 calloc /extra/alexey/worktrees/perf/compiler-rt/lib/tsan/rtl/tsan_interceptors_posix.cpp:686:5 (memcached+0x6282a)
    #1 conn_new /home/alexey/tsan-experiments/nosql/memcached/memcached-tsan/memcached.c:656:27 (memcached+0xe979b)
    #2 thread_libevent_process /home/alexey/tsan-experiments/nosql/memcached/memcached-tsan/thread.c:624:21 (memcached+0x10560a)
    #3 <null> <null> (libevent-2.1.so.7+0x20b3b) (BuildId: 79ee78eebaf1fabcfa2c5160e0b25a68bf3edce9)

  Thread T3 'mc-worker' (tid=4178841, running) created by main thread at:
    #0 pthread_create /extra/alexey/worktrees/perf/compiler-rt/lib/tsan/rtl/tsan_interceptors_posix.cpp:1023:3 (memcached+0x640ef)
    #1 create_worker /home/alexey/tsan-experiments/nosql/memcached/memcached-tsan/thread.c:385:16 (memcached+0x10509e)
    #2 memcached_thread_init /home/alexey/tsan-experiments/nosql/memcached/memcached-tsan/thread.c:1155:9 (memcached+0x10509e)
    #3 main /home/alexey/tsan-experiments/nosql/memcached/memcached-tsan/memcached.c:6138:5 (memcached+0xf1b16)

  Thread T2 'mc-worker' (tid=4178840, running) created by main thread at:
    #0 pthread_create /extra/alexey/worktrees/perf/compiler-rt/lib/tsan/rtl/tsan_interceptors_posix.cpp:1023:3 (memcached+0x640ef)
    #1 create_worker /home/alexey/tsan-experiments/nosql/memcached/memcached-tsan/thread.c:385:16 (memcached+0x10509e)
    #2 memcached_thread_init /home/alexey/tsan-experiments/nosql/memcached/memcached-tsan/thread.c:1155:9 (memcached+0x10509e)
    #3 main /home/alexey/tsan-experiments/nosql/memcached/memcached-tsan/memcached.c:6138:5 (memcached+0xf1b16)

SUMMARY: ThreadSanitizer: data race /home/alexey/tsan-experiments/nosql/memcached/memcached-tsan/memcached.c:695:17 in conn_new
==================
==================
WARNING: ThreadSanitizer: data race (pid=4178837)
  Write of size 8 at 0x7250000101a8 by thread T3:
    #0 conn_new /home/alexey/tsan-experiments/nosql/memcached/memcached-tsan/memcached.c:696:12 (memcached+0xe9885)
    #1 thread_libevent_process /home/alexey/tsan-experiments/nosql/memcached/memcached-tsan/thread.c:624:21 (memcached+0x10560a)
    #2 <null> <null> (libevent-2.1.so.7+0x20b3b) (BuildId: 79ee78eebaf1fabcfa2c5160e0b25a68bf3edce9)

  Previous write of size 8 at 0x7250000101a8 by thread T2:
    #0 conn_new /home/alexey/tsan-experiments/nosql/memcached/memcached-tsan/memcached.c:696:12 (memcached+0xe9885)
    #1 thread_libevent_process /home/alexey/tsan-experiments/nosql/memcached/memcached-tsan/thread.c:624:21 (memcached+0x10560a)
    #2 <null> <null> (libevent-2.1.so.7+0x20b3b) (BuildId: 79ee78eebaf1fabcfa2c5160e0b25a68bf3edce9)

  Location is heap block of size 496 at 0x725000010000 allocated by thread T2:
    #0 calloc /extra/alexey/worktrees/perf/compiler-rt/lib/tsan/rtl/tsan_interceptors_posix.cpp:686:5 (memcached+0x6282a)
    #1 conn_new /home/alexey/tsan-experiments/nosql/memcached/memcached-tsan/memcached.c:656:27 (memcached+0xe979b)
    #2 thread_libevent_process /home/alexey/tsan-experiments/nosql/memcached/memcached-tsan/thread.c:624:21 (memcached+0x10560a)
    #3 <null> <null> (libevent-2.1.so.7+0x20b3b) (BuildId: 79ee78eebaf1fabcfa2c5160e0b25a68bf3edce9)

  Thread T3 'mc-worker' (tid=4178841, running) created by main thread at:
    #0 pthread_create /extra/alexey/worktrees/perf/compiler-rt/lib/tsan/rtl/tsan_interceptors_posix.cpp:1023:3 (memcached+0x640ef)
    #1 create_worker /home/alexey/tsan-experiments/nosql/memcached/memcached-tsan/thread.c:385:16 (memcached+0x10509e)
    #2 memcached_thread_init /home/alexey/tsan-experiments/nosql/memcached/memcached-tsan/thread.c:1155:9 (memcached+0x10509e)
    #3 main /home/alexey/tsan-experiments/nosql/memcached/memcached-tsan/memcached.c:6138:5 (memcached+0xf1b16)

  Thread T2 'mc-worker' (tid=4178840, running) created by main thread at:
    #0 pthread_create /extra/alexey/worktrees/perf/compiler-rt/lib/tsan/rtl/tsan_interceptors_posix.cpp:1023:3 (memcached+0x640ef)
    #1 create_worker /home/alexey/tsan-experiments/nosql/memcached/memcached-tsan/thread.c:385:16 (memcached+0x10509e)
    #2 memcached_thread_init /home/alexey/tsan-experiments/nosql/memcached/memcached-tsan/thread.c:1155:9 (memcached+0x10509e)
    #3 main /home/alexey/tsan-experiments/nosql/memcached/memcached-tsan/memcached.c:6138:5 (memcached+0xf1b16)

SUMMARY: ThreadSanitizer: data race /home/alexey/tsan-experiments/nosql/memcached/memcached-tsan/memcached.c:696:12 in conn_new
==================
==================
WARNING: ThreadSanitizer: data race (pid=4178837)
  Write of size 4 at 0x725000010168 by thread T3:
    #0 conn_new /home/alexey/tsan-experiments/nosql/memcached/memcached-tsan/memcached.c (memcached+0xe98bb)
    #1 thread_libevent_process /home/alexey/tsan-experiments/nosql/memcached/memcached-tsan/thread.c:624:21 (memcached+0x10560a)
    #2 <null> <null> (libevent-2.1.so.7+0x20b3b) (BuildId: 79ee78eebaf1fabcfa2c5160e0b25a68bf3edce9)

  Previous write of size 8 at 0x725000010168 by thread T2:
    #0 calloc /extra/alexey/worktrees/perf/compiler-rt/lib/tsan/rtl/tsan_interceptors_posix.cpp:686:5 (memcached+0x6282a)
    #1 conn_new /home/alexey/tsan-experiments/nosql/memcached/memcached-tsan/memcached.c:656:27 (memcached+0xe979b)
    #2 thread_libevent_process /home/alexey/tsan-experiments/nosql/memcached/memcached-tsan/thread.c:624:21 (memcached+0x10560a)
    #3 <null> <null> (libevent-2.1.so.7+0x20b3b) (BuildId: 79ee78eebaf1fabcfa2c5160e0b25a68bf3edce9)

  Location is heap block of size 496 at 0x725000010000 allocated by thread T2:
    #0 calloc /extra/alexey/worktrees/perf/compiler-rt/lib/tsan/rtl/tsan_interceptors_posix.cpp:686:5 (memcached+0x6282a)
    #1 conn_new /home/alexey/tsan-experiments/nosql/memcached/memcached-tsan/memcached.c:656:27 (memcached+0xe979b)
    #2 thread_libevent_process /home/alexey/tsan-experiments/nosql/memcached/memcached-tsan/thread.c:624:21 (memcached+0x10560a)
    #3 <null> <null> (libevent-2.1.so.7+0x20b3b) (BuildId: 79ee78eebaf1fabcfa2c5160e0b25a68bf3edce9)

  Thread T3 'mc-worker' (tid=4178841, running) created by main thread at:
    #0 pthread_create /extra/alexey/worktrees/perf/compiler-rt/lib/tsan/rtl/tsan_interceptors_posix.cpp:1023:3 (memcached+0x640ef)
    #1 create_worker /home/alexey/tsan-experiments/nosql/memcached/memcached-tsan/thread.c:385:16 (memcached+0x10509e)
    #2 memcached_thread_init /home/alexey/tsan-experiments/nosql/memcached/memcached-tsan/thread.c:1155:9 (memcached+0x10509e)
    #3 main /home/alexey/tsan-experiments/nosql/memcached/memcached-tsan/memcached.c:6138:5 (memcached+0xf1b16)

  Thread T2 'mc-worker' (tid=4178840, running) created by main thread at:
    #0 pthread_create /extra/alexey/worktrees/perf/compiler-rt/lib/tsan/rtl/tsan_interceptors_posix.cpp:1023:3 (memcached+0x640ef)
    #1 create_worker /home/alexey/tsan-experiments/nosql/memcached/memcached-tsan/thread.c:385:16 (memcached+0x10509e)
    #2 memcached_thread_init /home/alexey/tsan-experiments/nosql/memcached/memcached-tsan/thread.c:1155:9 (memcached+0x10509e)
    #3 main /home/alexey/tsan-experiments/nosql/memcached/memcached-tsan/memcached.c:6138:5 (memcached+0xf1b16)

SUMMARY: ThreadSanitizer: data race /home/alexey/tsan-experiments/nosql/memcached/memcached-tsan/memcached.c in conn_new
==================
==================
WARNING: ThreadSanitizer: data race (pid=4178837)
  Write of size 4 at 0x72500001014c by thread T3:
    #0 getpeername /extra/alexey/worktrees/perf/compiler-rt/lib/tsan/rtl/../../sanitizer_common/sanitizer_common_interceptors.inc:3313:3 (memcached+0x82b77)
    #1 conn_new /home/alexey/tsan-experiments/nosql/memcached/memcached-tsan/memcached.c:708:13 (memcached+0xe98f6)
    #2 thread_libevent_process /home/alexey/tsan-experiments/nosql/memcached/memcached-tsan/thread.c:624:21 (memcached+0x10560a)
    #3 <null> <null> (libevent-2.1.so.7+0x20b3b) (BuildId: 79ee78eebaf1fabcfa2c5160e0b25a68bf3edce9)

  Previous write of size 8 at 0x725000010148 by thread T2:
    #0 calloc /extra/alexey/worktrees/perf/compiler-rt/lib/tsan/rtl/tsan_interceptors_posix.cpp:686:5 (memcached+0x6282a)
    #1 conn_new /home/alexey/tsan-experiments/nosql/memcached/memcached-tsan/memcached.c:656:27 (memcached+0xe979b)
    #2 thread_libevent_process /home/alexey/tsan-experiments/nosql/memcached/memcached-tsan/thread.c:624:21 (memcached+0x10560a)
    #3 <null> <null> (libevent-2.1.so.7+0x20b3b) (BuildId: 79ee78eebaf1fabcfa2c5160e0b25a68bf3edce9)

  Location is heap block of size 496 at 0x725000010000 allocated by thread T2:
    #0 calloc /extra/alexey/worktrees/perf/compiler-rt/lib/tsan/rtl/tsan_interceptors_posix.cpp:686:5 (memcached+0x6282a)
    #1 conn_new /home/alexey/tsan-experiments/nosql/memcached/memcached-tsan/memcached.c:656:27 (memcached+0xe979b)
    #2 thread_libevent_process /home/alexey/tsan-experiments/nosql/memcached/memcached-tsan/thread.c:624:21 (memcached+0x10560a)
    #3 <null> <null> (libevent-2.1.so.7+0x20b3b) (BuildId: 79ee78eebaf1fabcfa2c5160e0b25a68bf3edce9)

  Thread T3 'mc-worker' (tid=4178841, running) created by main thread at:
    #0 pthread_create /extra/alexey/worktrees/perf/compiler-rt/lib/tsan/rtl/tsan_interceptors_posix.cpp:1023:3 (memcached+0x640ef)
    #1 create_worker /home/alexey/tsan-experiments/nosql/memcached/memcached-tsan/thread.c:385:16 (memcached+0x10509e)
    #2 memcached_thread_init /home/alexey/tsan-experiments/nosql/memcached/memcached-tsan/thread.c:1155:9 (memcached+0x10509e)
    #3 main /home/alexey/tsan-experiments/nosql/memcached/memcached-tsan/memcached.c:6138:5 (memcached+0xf1b16)

  Thread T2 'mc-worker' (tid=4178840, running) created by main thread at:
    #0 pthread_create /extra/alexey/worktrees/perf/compiler-rt/lib/tsan/rtl/tsan_interceptors_posix.cpp:1023:3 (memcached+0x640ef)
    #1 create_worker /home/alexey/tsan-experiments/nosql/memcached/memcached-tsan/thread.c:385:16 (memcached+0x10509e)
    #2 memcached_thread_init /home/alexey/tsan-experiments/nosql/memcached/memcached-tsan/thread.c:1155:9 (memcached+0x10509e)
    #3 main /home/alexey/tsan-experiments/nosql/memcached/memcached-tsan/memcached.c:6138:5 (memcached+0xf1b16)

SUMMARY: ThreadSanitizer: data race /home/alexey/tsan-experiments/nosql/memcached/memcached-tsan/memcached.c:708:13 in conn_new
==================
==================
WARNING: ThreadSanitizer: data race (pid=4178837)
  Write of size 4 at 0x725000010014 by thread T3:
    #0 conn_new /home/alexey/tsan-experiments/nosql/memcached/memcached-tsan/memcached.c:749:14 (memcached+0xe99bf)
    #1 thread_libevent_process /home/alexey/tsan-experiments/nosql/memcached/memcached-tsan/thread.c:624:21 (memcached+0x10560a)
    #2 <null> <null> (libevent-2.1.so.7+0x20b3b) (BuildId: 79ee78eebaf1fabcfa2c5160e0b25a68bf3edce9)

  Previous write of size 4 at 0x725000010014 by thread T2:
    #0 conn_set_state /home/alexey/tsan-experiments/nosql/memcached/memcached-tsan/memcached.c:1011:18 (memcached+0xe82b9)
    #1 reset_cmd_handler /home/alexey/tsan-experiments/nosql/memcached/memcached-tsan/memcached.c:1470:9 (memcached+0xe82b9)
    #2 drive_machine /home/alexey/tsan-experiments/nosql/memcached/memcached-tsan/memcached.c:3211:17 (memcached+0xe82b9)
    #3 event_handler /home/alexey/tsan-experiments/nosql/memcached/memcached-tsan/memcached.c:3476:5 (memcached+0xea1af)
    #4 <null> <null> (libevent-2.1.so.7+0x20b3b) (BuildId: 79ee78eebaf1fabcfa2c5160e0b25a68bf3edce9)

  Location is heap block of size 496 at 0x725000010000 allocated by thread T2:
    #0 calloc /extra/alexey/worktrees/perf/compiler-rt/lib/tsan/rtl/tsan_interceptors_posix.cpp:686:5 (memcached+0x6282a)
    #1 conn_new /home/alexey/tsan-experiments/nosql/memcached/memcached-tsan/memcached.c:656:27 (memcached+0xe979b)
    #2 thread_libevent_process /home/alexey/tsan-experiments/nosql/memcached/memcached-tsan/thread.c:624:21 (memcached+0x10560a)
    #3 <null> <null> (libevent-2.1.so.7+0x20b3b) (BuildId: 79ee78eebaf1fabcfa2c5160e0b25a68bf3edce9)

  Thread T3 'mc-worker' (tid=4178841, running) created by main thread at:
    #0 pthread_create /extra/alexey/worktrees/perf/compiler-rt/lib/tsan/rtl/tsan_interceptors_posix.cpp:1023:3 (memcached+0x640ef)
    #1 create_worker /home/alexey/tsan-experiments/nosql/memcached/memcached-tsan/thread.c:385:16 (memcached+0x10509e)
    #2 memcached_thread_init /home/alexey/tsan-experiments/nosql/memcached/memcached-tsan/thread.c:1155:9 (memcached+0x10509e)
    #3 main /home/alexey/tsan-experiments/nosql/memcached/memcached-tsan/memcached.c:6138:5 (memcached+0xf1b16)

  Thread T2 'mc-worker' (tid=4178840, running) created by main thread at:
    #0 pthread_create /extra/alexey/worktrees/perf/compiler-rt/lib/tsan/rtl/tsan_interceptors_posix.cpp:1023:3 (memcached+0x640ef)
    #1 create_worker /home/alexey/tsan-experiments/nosql/memcached/memcached-tsan/thread.c:385:16 (memcached+0x10509e)
    #2 memcached_thread_init /home/alexey/tsan-experiments/nosql/memcached/memcached-tsan/thread.c:1155:9 (memcached+0x10509e)
    #3 main /home/alexey/tsan-experiments/nosql/memcached/memcached-tsan/memcached.c:6138:5 (memcached+0xf1b16)

SUMMARY: ThreadSanitizer: data race /home/alexey/tsan-experiments/nosql/memcached/memcached-tsan/memcached.c:749:14 in conn_new
==================
==================
WARNING: ThreadSanitizer: data race (pid=4178837)
  Write of size 4 at 0x7250000100d8 by thread T3:
    #0 conn_new /home/alexey/tsan-experiments/nosql/memcached/memcached-tsan/memcached.c:750:16 (memcached+0xe99cf)
    #1 thread_libevent_process /home/alexey/tsan-experiments/nosql/memcached/memcached-tsan/thread.c:624:21 (memcached+0x10560a)
    #2 <null> <null> (libevent-2.1.so.7+0x20b3b) (BuildId: 79ee78eebaf1fabcfa2c5160e0b25a68bf3edce9)

  Previous write of size 8 at 0x7250000100d8 by thread T2:
    #0 calloc /extra/alexey/worktrees/perf/compiler-rt/lib/tsan/rtl/tsan_interceptors_posix.cpp:686:5 (memcached+0x6282a)
    #1 conn_new /home/alexey/tsan-experiments/nosql/memcached/memcached-tsan/memcached.c:656:27 (memcached+0xe979b)
    #2 thread_libevent_process /home/alexey/tsan-experiments/nosql/memcached/memcached-tsan/thread.c:624:21 (memcached+0x10560a)
    #3 <null> <null> (libevent-2.1.so.7+0x20b3b) (BuildId: 79ee78eebaf1fabcfa2c5160e0b25a68bf3edce9)

  Location is heap block of size 496 at 0x725000010000 allocated by thread T2:
    #0 calloc /extra/alexey/worktrees/perf/compiler-rt/lib/tsan/rtl/tsan_interceptors_posix.cpp:686:5 (memcached+0x6282a)
    #1 conn_new /home/alexey/tsan-experiments/nosql/memcached/memcached-tsan/memcached.c:656:27 (memcached+0xe979b)
    #2 thread_libevent_process /home/alexey/tsan-experiments/nosql/memcached/memcached-tsan/thread.c:624:21 (memcached+0x10560a)
    #3 <null> <null> (libevent-2.1.so.7+0x20b3b) (BuildId: 79ee78eebaf1fabcfa2c5160e0b25a68bf3edce9)

  Thread T3 'mc-worker' (tid=4178841, running) created by main thread at:
    #0 pthread_create /extra/alexey/worktrees/perf/compiler-rt/lib/tsan/rtl/tsan_interceptors_posix.cpp:1023:3 (memcached+0x640ef)
    #1 create_worker /home/alexey/tsan-experiments/nosql/memcached/memcached-tsan/thread.c:385:16 (memcached+0x10509e)
    #2 memcached_thread_init /home/alexey/tsan-experiments/nosql/memcached/memcached-tsan/thread.c:1155:9 (memcached+0x10509e)
    #3 main /home/alexey/tsan-experiments/nosql/memcached/memcached-tsan/memcached.c:6138:5 (memcached+0xf1b16)

  Thread T2 'mc-worker' (tid=4178840, running) created by main thread at:
    #0 pthread_create /extra/alexey/worktrees/perf/compiler-rt/lib/tsan/rtl/tsan_interceptors_posix.cpp:1023:3 (memcached+0x640ef)
    #1 create_worker /home/alexey/tsan-experiments/nosql/memcached/memcached-tsan/thread.c:385:16 (memcached+0x10509e)
    #2 memcached_thread_init /home/alexey/tsan-experiments/nosql/memcached/memcached-tsan/thread.c:1155:9 (memcached+0x10509e)
    #3 main /home/alexey/tsan-experiments/nosql/memcached/memcached-tsan/memcached.c:6138:5 (memcached+0xf1b16)

SUMMARY: ThreadSanitizer: data race /home/alexey/tsan-experiments/nosql/memcached/memcached-tsan/memcached.c:750:16 in conn_new
==================
==================
WARNING: ThreadSanitizer: data race (pid=4178837)
  Write of size 2 at 0x7250000101b0 by thread T3:
    #0 conn_new /home/alexey/tsan-experiments/nosql/memcached/memcached-tsan/memcached.c:751:12 (memcached+0xe99e5)
    #1 thread_libevent_process /home/alexey/tsan-experiments/nosql/memcached/memcached-tsan/thread.c:624:21 (memcached+0x10560a)
    #2 <null> <null> (libevent-2.1.so.7+0x20b3b) (BuildId: 79ee78eebaf1fabcfa2c5160e0b25a68bf3edce9)

  Previous write of size 8 at 0x7250000101b0 by thread T2:
    #0 calloc /extra/alexey/worktrees/perf/compiler-rt/lib/tsan/rtl/tsan_interceptors_posix.cpp:686:5 (memcached+0x6282a)
    #1 conn_new /home/alexey/tsan-experiments/nosql/memcached/memcached-tsan/memcached.c:656:27 (memcached+0xe979b)
    #2 thread_libevent_process /home/alexey/tsan-experiments/nosql/memcached/memcached-tsan/thread.c:624:21 (memcached+0x10560a)
    #3 <null> <null> (libevent-2.1.so.7+0x20b3b) (BuildId: 79ee78eebaf1fabcfa2c5160e0b25a68bf3edce9)

  Location is heap block of size 496 at 0x725000010000 allocated by thread T2:
    #0 calloc /extra/alexey/worktrees/perf/compiler-rt/lib/tsan/rtl/tsan_interceptors_posix.cpp:686:5 (memcached+0x6282a)
    #1 conn_new /home/alexey/tsan-experiments/nosql/memcached/memcached-tsan/memcached.c:656:27 (memcached+0xe979b)
    #2 thread_libevent_process /home/alexey/tsan-experiments/nosql/memcached/memcached-tsan/thread.c:624:21 (memcached+0x10560a)
    #3 <null> <null> (libevent-2.1.so.7+0x20b3b) (BuildId: 79ee78eebaf1fabcfa2c5160e0b25a68bf3edce9)

  Thread T3 'mc-worker' (tid=4178841, running) created by main thread at:
    #0 pthread_create /extra/alexey/worktrees/perf/compiler-rt/lib/tsan/rtl/tsan_interceptors_posix.cpp:1023:3 (memcached+0x640ef)
    #1 create_worker /home/alexey/tsan-experiments/nosql/memcached/memcached-tsan/thread.c:385:16 (memcached+0x10509e)
    #2 memcached_thread_init /home/alexey/tsan-experiments/nosql/memcached/memcached-tsan/thread.c:1155:9 (memcached+0x10509e)
    #3 main /home/alexey/tsan-experiments/nosql/memcached/memcached-tsan/memcached.c:6138:5 (memcached+0xf1b16)

  Thread T2 'mc-worker' (tid=4178840, running) created by main thread at:
    #0 pthread_create /extra/alexey/worktrees/perf/compiler-rt/lib/tsan/rtl/tsan_interceptors_posix.cpp:1023:3 (memcached+0x640ef)
    #1 create_worker /home/alexey/tsan-experiments/nosql/memcached/memcached-tsan/thread.c:385:16 (memcached+0x10509e)
    #2 memcached_thread_init /home/alexey/tsan-experiments/nosql/memcached/memcached-tsan/thread.c:1155:9 (memcached+0x10509e)
    #3 main /home/alexey/tsan-experiments/nosql/memcached/memcached-tsan/memcached.c:6138:5 (memcached+0xf1b16)

SUMMARY: ThreadSanitizer: data race /home/alexey/tsan-experiments/nosql/memcached/memcached-tsan/memcached.c:751:12 in conn_new
==================
==================
WARNING: ThreadSanitizer: data race (pid=4178837)
  Write of size 4 at 0x7250000100bc by thread T3:
    #0 conn_new /home/alexey/tsan-experiments/nosql/memcached/memcached-tsan/memcached.c:752:15 (memcached+0xe99fa)
    #1 thread_libevent_process /home/alexey/tsan-experiments/nosql/memcached/memcached-tsan/thread.c:624:21 (memcached+0x10560a)
    #2 <null> <null> (libevent-2.1.so.7+0x20b3b) (BuildId: 79ee78eebaf1fabcfa2c5160e0b25a68bf3edce9)

  Previous write of size 8 at 0x7250000100b8 by thread T2:
    #0 calloc /extra/alexey/worktrees/perf/compiler-rt/lib/tsan/rtl/tsan_interceptors_posix.cpp:686:5 (memcached+0x6282a)
    #1 conn_new /home/alexey/tsan-experiments/nosql/memcached/memcached-tsan/memcached.c:656:27 (memcached+0xe979b)
    #2 thread_libevent_process /home/alexey/tsan-experiments/nosql/memcached/memcached-tsan/thread.c:624:21 (memcached+0x10560a)
    #3 <null> <null> (libevent-2.1.so.7+0x20b3b) (BuildId: 79ee78eebaf1fabcfa2c5160e0b25a68bf3edce9)

  Location is heap block of size 496 at 0x725000010000 allocated by thread T2:
    #0 calloc /extra/alexey/worktrees/perf/compiler-rt/lib/tsan/rtl/tsan_interceptors_posix.cpp:686:5 (memcached+0x6282a)
    #1 conn_new /home/alexey/tsan-experiments/nosql/memcached/memcached-tsan/memcached.c:656:27 (memcached+0xe979b)
    #2 thread_libevent_process /home/alexey/tsan-experiments/nosql/memcached/memcached-tsan/thread.c:624:21 (memcached+0x10560a)
    #3 <null> <null> (libevent-2.1.so.7+0x20b3b) (BuildId: 79ee78eebaf1fabcfa2c5160e0b25a68bf3edce9)

  Thread T3 'mc-worker' (tid=4178841, running) created by main thread at:
    #0 pthread_create /extra/alexey/worktrees/perf/compiler-rt/lib/tsan/rtl/tsan_interceptors_posix.cpp:1023:3 (memcached+0x640ef)
    #1 create_worker /home/alexey/tsan-experiments/nosql/memcached/memcached-tsan/thread.c:385:16 (memcached+0x10509e)
    #2 memcached_thread_init /home/alexey/tsan-experiments/nosql/memcached/memcached-tsan/thread.c:1155:9 (memcached+0x10509e)
    #3 main /home/alexey/tsan-experiments/nosql/memcached/memcached-tsan/memcached.c:6138:5 (memcached+0xf1b16)

  Thread T2 'mc-worker' (tid=4178840, running) created by main thread at:
    #0 pthread_create /extra/alexey/worktrees/perf/compiler-rt/lib/tsan/rtl/tsan_interceptors_posix.cpp:1023:3 (memcached+0x640ef)
    #1 create_worker /home/alexey/tsan-experiments/nosql/memcached/memcached-tsan/thread.c:385:16 (memcached+0x10509e)
    #2 memcached_thread_init /home/alexey/tsan-experiments/nosql/memcached/memcached-tsan/thread.c:1155:9 (memcached+0x10509e)
    #3 main /home/alexey/tsan-experiments/nosql/memcached/memcached-tsan/memcached.c:6138:5 (memcached+0xf1b16)

SUMMARY: ThreadSanitizer: data race /home/alexey/tsan-experiments/nosql/memcached/memcached-tsan/memcached.c:752:15 in conn_new
==================
==================
WARNING: ThreadSanitizer: data race (pid=4178837)
  Read of size 8 at 0x7250000100a8 by thread T3:
    #0 conn_new /home/alexey/tsan-experiments/nosql/memcached/memcached-tsan/memcached.c:753:19 (memcached+0xe9a10)
    #1 thread_libevent_process /home/alexey/tsan-experiments/nosql/memcached/memcached-tsan/thread.c:624:21 (memcached+0x10560a)
    #2 <null> <null> (libevent-2.1.so.7+0x20b3b) (BuildId: 79ee78eebaf1fabcfa2c5160e0b25a68bf3edce9)

  Previous write of size 8 at 0x7250000100a8 by thread T2:
    #0 __tsan_memset /extra/alexey/worktrees/perf/compiler-rt/lib/tsan/rtl/tsan_interceptors_memintrinsics.cpp:35:3 (memcached+0x5fe89)
    #1 rbuf_release /home/alexey/tsan-experiments/nosql/memcached/memcached-tsan/memcached.c:417:17 (memcached+0xea7bd)
    #2 conn_close /home/alexey/tsan-experiments/nosql/memcached/memcached-tsan/memcached.c:934:9 (memcached+0xea7bd)
    #3 drive_machine /home/alexey/tsan-experiments/nosql/memcached/memcached-tsan/memcached.c:3424:17 (memcached+0xe8e7a)
    #4 event_handler /home/alexey/tsan-experiments/nosql/memcached/memcached-tsan/memcached.c:3476:5 (memcached+0xea1af)
    #5 <null> <null> (libevent-2.1.so.7+0x20b3b) (BuildId: 79ee78eebaf1fabcfa2c5160e0b25a68bf3edce9)

  Location is heap block of size 496 at 0x725000010000 allocated by thread T2:
    #0 calloc /extra/alexey/worktrees/perf/compiler-rt/lib/tsan/rtl/tsan_interceptors_posix.cpp:686:5 (memcached+0x6282a)
    #1 conn_new /home/alexey/tsan-experiments/nosql/memcached/memcached-tsan/memcached.c:656:27 (memcached+0xe979b)
    #2 thread_libevent_process /home/alexey/tsan-experiments/nosql/memcached/memcached-tsan/thread.c:624:21 (memcached+0x10560a)
    #3 <null> <null> (libevent-2.1.so.7+0x20b3b) (BuildId: 79ee78eebaf1fabcfa2c5160e0b25a68bf3edce9)

  Thread T3 'mc-worker' (tid=4178841, running) created by main thread at:
    #0 pthread_create /extra/alexey/worktrees/perf/compiler-rt/lib/tsan/rtl/tsan_interceptors_posix.cpp:1023:3 (memcached+0x640ef)
    #1 create_worker /home/alexey/tsan-experiments/nosql/memcached/memcached-tsan/thread.c:385:16 (memcached+0x10509e)
    #2 memcached_thread_init /home/alexey/tsan-experiments/nosql/memcached/memcached-tsan/thread.c:1155:9 (memcached+0x10509e)
    #3 main /home/alexey/tsan-experiments/nosql/memcached/memcached-tsan/memcached.c:6138:5 (memcached+0xf1b16)

  Thread T2 'mc-worker' (tid=4178840, running) created by main thread at:
    #0 pthread_create /extra/alexey/worktrees/perf/compiler-rt/lib/tsan/rtl/tsan_interceptors_posix.cpp:1023:3 (memcached+0x640ef)
    #1 create_worker /home/alexey/tsan-experiments/nosql/memcached/memcached-tsan/thread.c:385:16 (memcached+0x10509e)
    #2 memcached_thread_init /home/alexey/tsan-experiments/nosql/memcached/memcached-tsan/thread.c:1155:9 (memcached+0x10509e)
    #3 main /home/alexey/tsan-experiments/nosql/memcached/memcached-tsan/memcached.c:6138:5 (memcached+0xf1b16)

SUMMARY: ThreadSanitizer: data race /home/alexey/tsan-experiments/nosql/memcached/memcached-tsan/memcached.c:753:19 in conn_new
==================
==================
WARNING: ThreadSanitizer: data race (pid=4178837)
  Write of size 8 at 0x7250000100b0 by thread T3:
    #0 conn_new /home/alexey/tsan-experiments/nosql/memcached/memcached-tsan/memcached.c:753:14 (memcached+0xe9a23)
    #1 thread_libevent_process /home/alexey/tsan-experiments/nosql/memcached/memcached-tsan/thread.c:624:21 (memcached+0x10560a)
    #2 <null> <null> (libevent-2.1.so.7+0x20b3b) (BuildId: 79ee78eebaf1fabcfa2c5160e0b25a68bf3edce9)

  Previous write of size 8 at 0x7250000100b0 by thread T2:
    #0 __tsan_memset /extra/alexey/worktrees/perf/compiler-rt/lib/tsan/rtl/tsan_interceptors_memintrinsics.cpp:35:3 (memcached+0x5fe89)
    #1 rbuf_release /home/alexey/tsan-experiments/nosql/memcached/memcached-tsan/memcached.c:417:17 (memcached+0xea7bd)
    #2 conn_close /home/alexey/tsan-experiments/nosql/memcached/memcached-tsan/memcached.c:934:9 (memcached+0xea7bd)
    #3 drive_machine /home/alexey/tsan-experiments/nosql/memcached/memcached-tsan/memcached.c:3424:17 (memcached+0xe8e7a)
    #4 event_handler /home/alexey/tsan-experiments/nosql/memcached/memcached-tsan/memcached.c:3476:5 (memcached+0xea1af)
    #5 <null> <null> (libevent-2.1.so.7+0x20b3b) (BuildId: 79ee78eebaf1fabcfa2c5160e0b25a68bf3edce9)

  Location is heap block of size 496 at 0x725000010000 allocated by thread T2:
    #0 calloc /extra/alexey/worktrees/perf/compiler-rt/lib/tsan/rtl/tsan_interceptors_posix.cpp:686:5 (memcached+0x6282a)
    #1 conn_new /home/alexey/tsan-experiments/nosql/memcached/memcached-tsan/memcached.c:656:27 (memcached+0xe979b)
    #2 thread_libevent_process /home/alexey/tsan-experiments/nosql/memcached/memcached-tsan/thread.c:624:21 (memcached+0x10560a)
    #3 <null> <null> (libevent-2.1.so.7+0x20b3b) (BuildId: 79ee78eebaf1fabcfa2c5160e0b25a68bf3edce9)

  Thread T3 'mc-worker' (tid=4178841, running) created by main thread at:
    #0 pthread_create /extra/alexey/worktrees/perf/compiler-rt/lib/tsan/rtl/tsan_interceptors_posix.cpp:1023:3 (memcached+0x640ef)
    #1 create_worker /home/alexey/tsan-experiments/nosql/memcached/memcached-tsan/thread.c:385:16 (memcached+0x10509e)
    #2 memcached_thread_init /home/alexey/tsan-experiments/nosql/memcached/memcached-tsan/thread.c:1155:9 (memcached+0x10509e)
    #3 main /home/alexey/tsan-experiments/nosql/memcached/memcached-tsan/memcached.c:6138:5 (memcached+0xf1b16)

  Thread T2 'mc-worker' (tid=4178840, running) created by main thread at:
    #0 pthread_create /extra/alexey/worktrees/perf/compiler-rt/lib/tsan/rtl/tsan_interceptors_posix.cpp:1023:3 (memcached+0x640ef)
    #1 create_worker /home/alexey/tsan-experiments/nosql/memcached/memcached-tsan/thread.c:385:16 (memcached+0x10509e)
    #2 memcached_thread_init /home/alexey/tsan-experiments/nosql/memcached/memcached-tsan/thread.c:1155:9 (memcached+0x10509e)
    #3 main /home/alexey/tsan-experiments/nosql/memcached/memcached-tsan/memcached.c:6138:5 (memcached+0xf1b16)

SUMMARY: ThreadSanitizer: data race /home/alexey/tsan-experiments/nosql/memcached/memcached-tsan/memcached.c:753:14 in conn_new
==================
==================
WARNING: ThreadSanitizer: data race (pid=4178837)
  Write of size 8 at 0x7250000100d0 by thread T3:
    #0 conn_new /home/alexey/tsan-experiments/nosql/memcached/memcached-tsan/memcached.c:754:14 (memcached+0xe9a36)
    #1 thread_libevent_process /home/alexey/tsan-experiments/nosql/memcached/memcached-tsan/thread.c:624:21 (memcached+0x10560a)
    #2 <null> <null> (libevent-2.1.so.7+0x20b3b) (BuildId: 79ee78eebaf1fabcfa2c5160e0b25a68bf3edce9)

  Previous write of size 8 at 0x7250000100d0 by thread T2:
    #0 conn_new /home/alexey/tsan-experiments/nosql/memcached/memcached-tsan/memcached.c:754:14 (memcached+0xe9a36)
    #1 thread_libevent_process /home/alexey/tsan-experiments/nosql/memcached/memcached-tsan/thread.c:624:21 (memcached+0x10560a)
    #2 <null> <null> (libevent-2.1.so.7+0x20b3b) (BuildId: 79ee78eebaf1fabcfa2c5160e0b25a68bf3edce9)

  Location is heap block of size 496 at 0x725000010000 allocated by thread T2:
    #0 calloc /extra/alexey/worktrees/perf/compiler-rt/lib/tsan/rtl/tsan_interceptors_posix.cpp:686:5 (memcached+0x6282a)
    #1 conn_new /home/alexey/tsan-experiments/nosql/memcached/memcached-tsan/memcached.c:656:27 (memcached+0xe979b)
    #2 thread_libevent_process /home/alexey/tsan-experiments/nosql/memcached/memcached-tsan/thread.c:624:21 (memcached+0x10560a)
    #3 <null> <null> (libevent-2.1.so.7+0x20b3b) (BuildId: 79ee78eebaf1fabcfa2c5160e0b25a68bf3edce9)

  Thread T3 'mc-worker' (tid=4178841, running) created by main thread at:
    #0 pthread_create /extra/alexey/worktrees/perf/compiler-rt/lib/tsan/rtl/tsan_interceptors_posix.cpp:1023:3 (memcached+0x640ef)
    #1 create_worker /home/alexey/tsan-experiments/nosql/memcached/memcached-tsan/thread.c:385:16 (memcached+0x10509e)
    #2 memcached_thread_init /home/alexey/tsan-experiments/nosql/memcached/memcached-tsan/thread.c:1155:9 (memcached+0x10509e)
    #3 main /home/alexey/tsan-experiments/nosql/memcached/memcached-tsan/memcached.c:6138:5 (memcached+0xf1b16)

  Thread T2 'mc-worker' (tid=4178840, running) created by main thread at:
    #0 pthread_create /extra/alexey/worktrees/perf/compiler-rt/lib/tsan/rtl/tsan_interceptors_posix.cpp:1023:3 (memcached+0x640ef)
    #1 create_worker /home/alexey/tsan-experiments/nosql/memcached/memcached-tsan/thread.c:385:16 (memcached+0x10509e)
    #2 memcached_thread_init /home/alexey/tsan-experiments/nosql/memcached/memcached-tsan/thread.c:1155:9 (memcached+0x10509e)
    #3 main /home/alexey/tsan-experiments/nosql/memcached/memcached-tsan/memcached.c:6138:5 (memcached+0xf1b16)

SUMMARY: ThreadSanitizer: data race /home/alexey/tsan-experiments/nosql/memcached/memcached-tsan/memcached.c:754:14 in conn_new
==================
==================
WARNING: ThreadSanitizer: data race (pid=4178837)
  Write of size 1 at 0x72500001000c by thread T3:
    #0 conn_new /home/alexey/tsan-experiments/nosql/memcached/memcached-tsan/memcached.c:757:21 (memcached+0xe9a4a)
    #1 thread_libevent_process /home/alexey/tsan-experiments/nosql/memcached/memcached-tsan/thread.c:624:21 (memcached+0x10560a)
    #2 <null> <null> (libevent-2.1.so.7+0x20b3b) (BuildId: 79ee78eebaf1fabcfa2c5160e0b25a68bf3edce9)

  Previous write of size 8 at 0x725000010008 by thread T2:
    #0 calloc /extra/alexey/worktrees/perf/compiler-rt/lib/tsan/rtl/tsan_interceptors_posix.cpp:686:5 (memcached+0x6282a)
    #1 conn_new /home/alexey/tsan-experiments/nosql/memcached/memcached-tsan/memcached.c:656:27 (memcached+0xe979b)
    #2 thread_libevent_process /home/alexey/tsan-experiments/nosql/memcached/memcached-tsan/thread.c:624:21 (memcached+0x10560a)
    #3 <null> <null> (libevent-2.1.so.7+0x20b3b) (BuildId: 79ee78eebaf1fabcfa2c5160e0b25a68bf3edce9)

  Location is heap block of size 496 at 0x725000010000 allocated by thread T2:
    #0 calloc /extra/alexey/worktrees/perf/compiler-rt/lib/tsan/rtl/tsan_interceptors_posix.cpp:686:5 (memcached+0x6282a)
    #1 conn_new /home/alexey/tsan-experiments/nosql/memcached/memcached-tsan/memcached.c:656:27 (memcached+0xe979b)
    #2 thread_libevent_process /home/alexey/tsan-experiments/nosql/memcached/memcached-tsan/thread.c:624:21 (memcached+0x10560a)
    #3 <null> <null> (libevent-2.1.so.7+0x20b3b) (BuildId: 79ee78eebaf1fabcfa2c5160e0b25a68bf3edce9)

  Thread T3 'mc-worker' (tid=4178841, running) created by main thread at:
    #0 pthread_create /extra/alexey/worktrees/perf/compiler-rt/lib/tsan/rtl/tsan_interceptors_posix.cpp:1023:3 (memcached+0x640ef)
    #1 create_worker /home/alexey/tsan-experiments/nosql/memcached/memcached-tsan/thread.c:385:16 (memcached+0x10509e)
    #2 memcached_thread_init /home/alexey/tsan-experiments/nosql/memcached/memcached-tsan/thread.c:1155:9 (memcached+0x10509e)
    #3 main /home/alexey/tsan-experiments/nosql/memcached/memcached-tsan/memcached.c:6138:5 (memcached+0xf1b16)

  Thread T2 'mc-worker' (tid=4178840, running) created by main thread at:
    #0 pthread_create /extra/alexey/worktrees/perf/compiler-rt/lib/tsan/rtl/tsan_interceptors_posix.cpp:1023:3 (memcached+0x640ef)
    #1 create_worker /home/alexey/tsan-experiments/nosql/memcached/memcached-tsan/thread.c:385:16 (memcached+0x10509e)
    #2 memcached_thread_init /home/alexey/tsan-experiments/nosql/memcached/memcached-tsan/thread.c:1155:9 (memcached+0x10509e)
    #3 main /home/alexey/tsan-experiments/nosql/memcached/memcached-tsan/memcached.c:6138:5 (memcached+0xf1b16)

SUMMARY: ThreadSanitizer: data race /home/alexey/tsan-experiments/nosql/memcached/memcached-tsan/memcached.c:757:21 in conn_new
==================
==================
WARNING: ThreadSanitizer: data race (pid=4178837)
  Write of size 4 at 0x72500001001c by thread T3:
    #0 conn_new /home/alexey/tsan-experiments/nosql/memcached/memcached-tsan/memcached.c:761:22 (memcached+0xe9a79)
    #1 thread_libevent_process /home/alexey/tsan-experiments/nosql/memcached/memcached-tsan/thread.c:624:21 (memcached+0x10560a)
    #2 <null> <null> (libevent-2.1.so.7+0x20b3b) (BuildId: 79ee78eebaf1fabcfa2c5160e0b25a68bf3edce9)

  Previous write of size 8 at 0x725000010018 by thread T2:
    #0 calloc /extra/alexey/worktrees/perf/compiler-rt/lib/tsan/rtl/tsan_interceptors_posix.cpp:686:5 (memcached+0x6282a)
    #1 conn_new /home/alexey/tsan-experiments/nosql/memcached/memcached-tsan/memcached.c:656:27 (memcached+0xe979b)
    #2 thread_libevent_process /home/alexey/tsan-experiments/nosql/memcached/memcached-tsan/thread.c:624:21 (memcached+0x10560a)
    #3 <null> <null> (libevent-2.1.so.7+0x20b3b) (BuildId: 79ee78eebaf1fabcfa2c5160e0b25a68bf3edce9)

  Location is heap block of size 496 at 0x725000010000 allocated by thread T2:
    #0 calloc /extra/alexey/worktrees/perf/compiler-rt/lib/tsan/rtl/tsan_interceptors_posix.cpp:686:5 (memcached+0x6282a)
    #1 conn_new /home/alexey/tsan-experiments/nosql/memcached/memcached-tsan/memcached.c:656:27 (memcached+0xe979b)
    #2 thread_libevent_process /home/alexey/tsan-experiments/nosql/memcached/memcached-tsan/thread.c:624:21 (memcached+0x10560a)
    #3 <null> <null> (libevent-2.1.so.7+0x20b3b) (BuildId: 79ee78eebaf1fabcfa2c5160e0b25a68bf3edce9)

  Thread T3 'mc-worker' (tid=4178841, running) created by main thread at:
    #0 pthread_create /extra/alexey/worktrees/perf/compiler-rt/lib/tsan/rtl/tsan_interceptors_posix.cpp:1023:3 (memcached+0x640ef)
    #1 create_worker /home/alexey/tsan-experiments/nosql/memcached/memcached-tsan/thread.c:385:16 (memcached+0x10509e)
    #2 memcached_thread_init /home/alexey/tsan-experiments/nosql/memcached/memcached-tsan/thread.c:1155:9 (memcached+0x10509e)
    #3 main /home/alexey/tsan-experiments/nosql/memcached/memcached-tsan/memcached.c:6138:5 (memcached+0xf1b16)

  Thread T2 'mc-worker' (tid=4178840, running) created by main thread at:
    #0 pthread_create /extra/alexey/worktrees/perf/compiler-rt/lib/tsan/rtl/tsan_interceptors_posix.cpp:1023:3 (memcached+0x640ef)
    #1 create_worker /home/alexey/tsan-experiments/nosql/memcached/memcached-tsan/thread.c:385:16 (memcached+0x10509e)
    #2 memcached_thread_init /home/alexey/tsan-experiments/nosql/memcached/memcached-tsan/thread.c:1155:9 (memcached+0x10509e)
    #3 main /home/alexey/tsan-experiments/nosql/memcached/memcached-tsan/memcached.c:6138:5 (memcached+0xf1b16)

SUMMARY: ThreadSanitizer: data race /home/alexey/tsan-experiments/nosql/memcached/memcached-tsan/memcached.c:761:22 in conn_new
==================
==================
WARNING: ThreadSanitizer: data race (pid=4178837)
  Write of size 8 at 0x7250000100e0 by thread T3:
    #0 conn_new /home/alexey/tsan-experiments/nosql/memcached/memcached-tsan/memcached.c:766:13 (memcached+0xe9a8f)
    #1 thread_libevent_process /home/alexey/tsan-experiments/nosql/memcached/memcached-tsan/thread.c:624:21 (memcached+0x10560a)
    #2 <null> <null> (libevent-2.1.so.7+0x20b3b) (BuildId: 79ee78eebaf1fabcfa2c5160e0b25a68bf3edce9)

  Previous write of size 8 at 0x7250000100e0 by thread T2:
    #0 conn_new /home/alexey/tsan-experiments/nosql/memcached/memcached-tsan/memcached.c:766:13 (memcached+0xe9a8f)
    #1 thread_libevent_process /home/alexey/tsan-experiments/nosql/memcached/memcached-tsan/thread.c:624:21 (memcached+0x10560a)
    #2 <null> <null> (libevent-2.1.so.7+0x20b3b) (BuildId: 79ee78eebaf1fabcfa2c5160e0b25a68bf3edce9)

  Location is heap block of size 496 at 0x725000010000 allocated by thread T2:
    #0 calloc /extra/alexey/worktrees/perf/compiler-rt/lib/tsan/rtl/tsan_interceptors_posix.cpp:686:5 (memcached+0x6282a)
    #1 conn_new /home/alexey/tsan-experiments/nosql/memcached/memcached-tsan/memcached.c:656:27 (memcached+0xe979b)
    #2 thread_libevent_process /home/alexey/tsan-experiments/nosql/memcached/memcached-tsan/thread.c:624:21 (memcached+0x10560a)
    #3 <null> <null> (libevent-2.1.so.7+0x20b3b) (BuildId: 79ee78eebaf1fabcfa2c5160e0b25a68bf3edce9)

  Thread T3 'mc-worker' (tid=4178841, running) created by main thread at:
    #0 pthread_create /extra/alexey/worktrees/perf/compiler-rt/lib/tsan/rtl/tsan_interceptors_posix.cpp:1023:3 (memcached+0x640ef)
    #1 create_worker /home/alexey/tsan-experiments/nosql/memcached/memcached-tsan/thread.c:385:16 (memcached+0x10509e)
    #2 memcached_thread_init /home/alexey/tsan-experiments/nosql/memcached/memcached-tsan/thread.c:1155:9 (memcached+0x10509e)
    #3 main /home/alexey/tsan-experiments/nosql/memcached/memcached-tsan/memcached.c:6138:5 (memcached+0xf1b16)

  Thread T2 'mc-worker' (tid=4178840, running) created by main thread at:
    #0 pthread_create /extra/alexey/worktrees/perf/compiler-rt/lib/tsan/rtl/tsan_interceptors_posix.cpp:1023:3 (memcached+0x640ef)
    #1 create_worker /home/alexey/tsan-experiments/nosql/memcached/memcached-tsan/thread.c:385:16 (memcached+0x10509e)
    #2 memcached_thread_init /home/alexey/tsan-experiments/nosql/memcached/memcached-tsan/thread.c:1155:9 (memcached+0x10509e)
    #3 main /home/alexey/tsan-experiments/nosql/memcached/memcached-tsan/memcached.c:6138:5 (memcached+0xf1b16)

SUMMARY: ThreadSanitizer: data race /home/alexey/tsan-experiments/nosql/memcached/memcached-tsan/memcached.c:766:13 in conn_new
==================
==================
WARNING: ThreadSanitizer: data race (pid=4178837)
  Write of size 4 at 0x7250000100ec by thread T3:
    #0 __tsan_memset /extra/alexey/worktrees/perf/compiler-rt/lib/tsan/rtl/tsan_interceptors_memintrinsics.cpp:35:3 (memcached+0x5fe89)
    #1 conn_new /home/alexey/tsan-experiments/nosql/memcached/memcached-tsan/memcached.c:764:28 (memcached+0xe9ac3)
    #2 thread_libevent_process /home/alexey/tsan-experiments/nosql/memcached/memcached-tsan/thread.c:624:21 (memcached+0x10560a)
    #3 <null> <null> (libevent-2.1.so.7+0x20b3b) (BuildId: 79ee78eebaf1fabcfa2c5160e0b25a68bf3edce9)

  Previous write of size 8 at 0x7250000100e8 by thread T2:
    #0 calloc /extra/alexey/worktrees/perf/compiler-rt/lib/tsan/rtl/tsan_interceptors_posix.cpp:686:5 (memcached+0x6282a)
    #1 conn_new /home/alexey/tsan-experiments/nosql/memcached/memcached-tsan/memcached.c:656:27 (memcached+0xe979b)
    #2 thread_libevent_process /home/alexey/tsan-experiments/nosql/memcached/memcached-tsan/thread.c:624:21 (memcached+0x10560a)
    #3 <null> <null> (libevent-2.1.so.7+0x20b3b) (BuildId: 79ee78eebaf1fabcfa2c5160e0b25a68bf3edce9)

  Location is heap block of size 496 at 0x725000010000 allocated by thread T2:
    #0 calloc /extra/alexey/worktrees/perf/compiler-rt/lib/tsan/rtl/tsan_interceptors_posix.cpp:686:5 (memcached+0x6282a)
    #1 conn_new /home/alexey/tsan-experiments/nosql/memcached/memcached-tsan/memcached.c:656:27 (memcached+0xe979b)
    #2 thread_libevent_process /home/alexey/tsan-experiments/nosql/memcached/memcached-tsan/thread.c:624:21 (memcached+0x10560a)
    #3 <null> <null> (libevent-2.1.so.7+0x20b3b) (BuildId: 79ee78eebaf1fabcfa2c5160e0b25a68bf3edce9)

  Thread T3 'mc-worker' (tid=4178841, running) created by main thread at:
    #0 pthread_create /extra/alexey/worktrees/perf/compiler-rt/lib/tsan/rtl/tsan_interceptors_posix.cpp:1023:3 (memcached+0x640ef)
    #1 create_worker /home/alexey/tsan-experiments/nosql/memcached/memcached-tsan/thread.c:385:16 (memcached+0x10509e)
    #2 memcached_thread_init /home/alexey/tsan-experiments/nosql/memcached/memcached-tsan/thread.c:1155:9 (memcached+0x10509e)
    #3 main /home/alexey/tsan-experiments/nosql/memcached/memcached-tsan/memcached.c:6138:5 (memcached+0xf1b16)

  Thread T2 'mc-worker' (tid=4178840, running) created by main thread at:
    #0 pthread_create /extra/alexey/worktrees/perf/compiler-rt/lib/tsan/rtl/tsan_interceptors_posix.cpp:1023:3 (memcached+0x640ef)
    #1 create_worker /home/alexey/tsan-experiments/nosql/memcached/memcached-tsan/thread.c:385:16 (memcached+0x10509e)
    #2 memcached_thread_init /home/alexey/tsan-experiments/nosql/memcached/memcached-tsan/thread.c:1155:9 (memcached+0x10509e)
    #3 main /home/alexey/tsan-experiments/nosql/memcached/memcached-tsan/memcached.c:6138:5 (memcached+0xf1b16)

SUMMARY: ThreadSanitizer: data race /home/alexey/tsan-experiments/nosql/memcached/memcached-tsan/memcached.c:764:28 in conn_new
==================
==================
WARNING: ThreadSanitizer: data race (pid=4178837)
  Write of size 8 at 0x7250000101d8 by thread T3:
    #0 conn_new /home/alexey/tsan-experiments/nosql/memcached/memcached-tsan/memcached.c:784:17 (memcached+0xe9acb)
    #1 thread_libevent_process /home/alexey/tsan-experiments/nosql/memcached/memcached-tsan/thread.c:624:21 (memcached+0x10560a)
    #2 <null> <null> (libevent-2.1.so.7+0x20b3b) (BuildId: 79ee78eebaf1fabcfa2c5160e0b25a68bf3edce9)

  Previous write of size 8 at 0x7250000101d8 by thread T2:
    #0 conn_new /home/alexey/tsan-experiments/nosql/memcached/memcached-tsan/memcached.c:784:17 (memcached+0xe9acb)
    #1 thread_libevent_process /home/alexey/tsan-experiments/nosql/memcached/memcached-tsan/thread.c:624:21 (memcached+0x10560a)
    #2 <null> <null> (libevent-2.1.so.7+0x20b3b) (BuildId: 79ee78eebaf1fabcfa2c5160e0b25a68bf3edce9)

  Location is heap block of size 496 at 0x725000010000 allocated by thread T2:
    #0 calloc /extra/alexey/worktrees/perf/compiler-rt/lib/tsan/rtl/tsan_interceptors_posix.cpp:686:5 (memcached+0x6282a)
    #1 conn_new /home/alexey/tsan-experiments/nosql/memcached/memcached-tsan/memcached.c:656:27 (memcached+0xe979b)
    #2 thread_libevent_process /home/alexey/tsan-experiments/nosql/memcached/memcached-tsan/thread.c:624:21 (memcached+0x10560a)
    #3 <null> <null> (libevent-2.1.so.7+0x20b3b) (BuildId: 79ee78eebaf1fabcfa2c5160e0b25a68bf3edce9)

  Thread T3 'mc-worker' (tid=4178841, running) created by main thread at:
    #0 pthread_create /extra/alexey/worktrees/perf/compiler-rt/lib/tsan/rtl/tsan_interceptors_posix.cpp:1023:3 (memcached+0x640ef)
    #1 create_worker /home/alexey/tsan-experiments/nosql/memcached/memcached-tsan/thread.c:385:16 (memcached+0x10509e)
    #2 memcached_thread_init /home/alexey/tsan-experiments/nosql/memcached/memcached-tsan/thread.c:1155:9 (memcached+0x10509e)
    #3 main /home/alexey/tsan-experiments/nosql/memcached/memcached-tsan/memcached.c:6138:5 (memcached+0xf1b16)

  Thread T2 'mc-worker' (tid=4178840, running) created by main thread at:
    #0 pthread_create /extra/alexey/worktrees/perf/compiler-rt/lib/tsan/rtl/tsan_interceptors_posix.cpp:1023:3 (memcached+0x640ef)
    #1 create_worker /home/alexey/tsan-experiments/nosql/memcached/memcached-tsan/thread.c:385:16 (memcached+0x10509e)
    #2 memcached_thread_init /home/alexey/tsan-experiments/nosql/memcached/memcached-tsan/thread.c:1155:9 (memcached+0x10509e)
    #3 main /home/alexey/tsan-experiments/nosql/memcached/memcached-tsan/memcached.c:6138:5 (memcached+0xf1b16)

SUMMARY: ThreadSanitizer: data race /home/alexey/tsan-experiments/nosql/memcached/memcached-tsan/memcached.c:784:17 in conn_new
==================
==================
WARNING: ThreadSanitizer: data race (pid=4178837)
  Write of size 8 at 0x7250000101e0 by thread T3:
    #0 conn_new /home/alexey/tsan-experiments/nosql/memcached/memcached-tsan/memcached.c:785:20 (memcached+0xe9ae5)
    #1 thread_libevent_process /home/alexey/tsan-experiments/nosql/memcached/memcached-tsan/thread.c:624:21 (memcached+0x10560a)
    #2 <null> <null> (libevent-2.1.so.7+0x20b3b) (BuildId: 79ee78eebaf1fabcfa2c5160e0b25a68bf3edce9)

  Previous write of size 8 at 0x7250000101e0 by thread T2:
    #0 conn_new /home/alexey/tsan-experiments/nosql/memcached/memcached-tsan/memcached.c:785:20 (memcached+0xe9ae5)
    #1 thread_libevent_process /home/alexey/tsan-experiments/nosql/memcached/memcached-tsan/thread.c:624:21 (memcached+0x10560a)
    #2 <null> <null> (libevent-2.1.so.7+0x20b3b) (BuildId: 79ee78eebaf1fabcfa2c5160e0b25a68bf3edce9)

  Location is heap block of size 496 at 0x725000010000 allocated by thread T2:
    #0 calloc /extra/alexey/worktrees/perf/compiler-rt/lib/tsan/rtl/tsan_interceptors_posix.cpp:686:5 (memcached+0x6282a)
    #1 conn_new /home/alexey/tsan-experiments/nosql/memcached/memcached-tsan/memcached.c:656:27 (memcached+0xe979b)
    #2 thread_libevent_process /home/alexey/tsan-experiments/nosql/memcached/memcached-tsan/thread.c:624:21 (memcached+0x10560a)
    #3 <null> <null> (libevent-2.1.so.7+0x20b3b) (BuildId: 79ee78eebaf1fabcfa2c5160e0b25a68bf3edce9)

  Thread T3 'mc-worker' (tid=4178841, running) created by main thread at:
    #0 pthread_create /extra/alexey/worktrees/perf/compiler-rt/lib/tsan/rtl/tsan_interceptors_posix.cpp:1023:3 (memcached+0x640ef)
    #1 create_worker /home/alexey/tsan-experiments/nosql/memcached/memcached-tsan/thread.c:385:16 (memcached+0x10509e)
    #2 memcached_thread_init /home/alexey/tsan-experiments/nosql/memcached/memcached-tsan/thread.c:1155:9 (memcached+0x10509e)
    #3 main /home/alexey/tsan-experiments/nosql/memcached/memcached-tsan/memcached.c:6138:5 (memcached+0xf1b16)

  Thread T2 'mc-worker' (tid=4178840, running) created by main thread at:
    #0 pthread_create /extra/alexey/worktrees/perf/compiler-rt/lib/tsan/rtl/tsan_interceptors_posix.cpp:1023:3 (memcached+0x640ef)
    #1 create_worker /home/alexey/tsan-experiments/nosql/memcached/memcached-tsan/thread.c:385:16 (memcached+0x10509e)
    #2 memcached_thread_init /home/alexey/tsan-experiments/nosql/memcached/memcached-tsan/thread.c:1155:9 (memcached+0x10509e)
    #3 main /home/alexey/tsan-experiments/nosql/memcached/memcached-tsan/memcached.c:6138:5 (memcached+0xf1b16)

SUMMARY: ThreadSanitizer: data race /home/alexey/tsan-experiments/nosql/memcached/memcached-tsan/memcached.c:785:20 in conn_new
==================
==================
WARNING: ThreadSanitizer: data race (pid=4178837)
  Write of size 8 at 0x7250000101e8 by thread T3:
    #0 conn_new /home/alexey/tsan-experiments/nosql/memcached/memcached-tsan/memcached.c:786:18 (memcached+0xe9aff)
    #1 thread_libevent_process /home/alexey/tsan-experiments/nosql/memcached/memcached-tsan/thread.c:624:21 (memcached+0x10560a)
    #2 <null> <null> (libevent-2.1.so.7+0x20b3b) (BuildId: 79ee78eebaf1fabcfa2c5160e0b25a68bf3edce9)

  Previous write of size 8 at 0x7250000101e8 by thread T2:
    #0 conn_new /home/alexey/tsan-experiments/nosql/memcached/memcached-tsan/memcached.c:786:18 (memcached+0xe9aff)
    #1 thread_libevent_process /home/alexey/tsan-experiments/nosql/memcached/memcached-tsan/thread.c:624:21 (memcached+0x10560a)
    #2 <null> <null> (libevent-2.1.so.7+0x20b3b) (BuildId: 79ee78eebaf1fabcfa2c5160e0b25a68bf3edce9)

  Location is heap block of size 496 at 0x725000010000 allocated by thread T2:
    #0 calloc /extra/alexey/worktrees/perf/compiler-rt/lib/tsan/rtl/tsan_interceptors_posix.cpp:686:5 (memcached+0x6282a)
    #1 conn_new /home/alexey/tsan-experiments/nosql/memcached/memcached-tsan/memcached.c:656:27 (memcached+0xe979b)
    #2 thread_libevent_process /home/alexey/tsan-experiments/nosql/memcached/memcached-tsan/thread.c:624:21 (memcached+0x10560a)
    #3 <null> <null> (libevent-2.1.so.7+0x20b3b) (BuildId: 79ee78eebaf1fabcfa2c5160e0b25a68bf3edce9)

  Thread T3 'mc-worker' (tid=4178841, running) created by main thread at:
    #0 pthread_create /extra/alexey/worktrees/perf/compiler-rt/lib/tsan/rtl/tsan_interceptors_posix.cpp:1023:3 (memcached+0x640ef)
    #1 create_worker /home/alexey/tsan-experiments/nosql/memcached/memcached-tsan/thread.c:385:16 (memcached+0x10509e)
    #2 memcached_thread_init /home/alexey/tsan-experiments/nosql/memcached/memcached-tsan/thread.c:1155:9 (memcached+0x10509e)
    #3 main /home/alexey/tsan-experiments/nosql/memcached/memcached-tsan/memcached.c:6138:5 (memcached+0xf1b16)

  Thread T2 'mc-worker' (tid=4178840, running) created by main thread at:
    #0 pthread_create /extra/alexey/worktrees/perf/compiler-rt/lib/tsan/rtl/tsan_interceptors_posix.cpp:1023:3 (memcached+0x640ef)
    #1 create_worker /home/alexey/tsan-experiments/nosql/memcached/memcached-tsan/thread.c:385:16 (memcached+0x10509e)
    #2 memcached_thread_init /home/alexey/tsan-experiments/nosql/memcached/memcached-tsan/thread.c:1155:9 (memcached+0x10509e)
    #3 main /home/alexey/tsan-experiments/nosql/memcached/memcached-tsan/memcached.c:6138:5 (memcached+0xf1b16)

SUMMARY: ThreadSanitizer: data race /home/alexey/tsan-experiments/nosql/memcached/memcached-tsan/memcached.c:786:18 in conn_new
==================
==================
WARNING: ThreadSanitizer: data race (pid=4178837)
  Write of size 8 at 0x7250000101d0 by thread T3:
    #0 conn_new /home/alexey/tsan-experiments/nosql/memcached/memcached-tsan/memcached.c:808:37 (memcached+0xe9bd0)
    #1 thread_libevent_process /home/alexey/tsan-experiments/nosql/memcached/memcached-tsan/thread.c:624:21 (memcached+0x10560a)
    #2 <null> <null> (libevent-2.1.so.7+0x20b3b) (BuildId: 79ee78eebaf1fabcfa2c5160e0b25a68bf3edce9)

  Previous write of size 8 at 0x7250000101d0 by thread T2:
    #0 try_read_command_negotiate /home/alexey/tsan-experiments/nosql/memcached/memcached-tsan/memcached.c (memcached+0xea0d5)
    #1 drive_machine /home/alexey/tsan-experiments/nosql/memcached/memcached-tsan/memcached.c:3193:17 (memcached+0xe65bb)
    #2 event_handler /home/alexey/tsan-experiments/nosql/memcached/memcached-tsan/memcached.c:3476:5 (memcached+0xea1af)
    #3 <null> <null> (libevent-2.1.so.7+0x20b3b) (BuildId: 79ee78eebaf1fabcfa2c5160e0b25a68bf3edce9)

  Location is heap block of size 496 at 0x725000010000 allocated by thread T2:
    #0 calloc /extra/alexey/worktrees/perf/compiler-rt/lib/tsan/rtl/tsan_interceptors_posix.cpp:686:5 (memcached+0x6282a)
    #1 conn_new /home/alexey/tsan-experiments/nosql/memcached/memcached-tsan/memcached.c:656:27 (memcached+0xe979b)
    #2 thread_libevent_process /home/alexey/tsan-experiments/nosql/memcached/memcached-tsan/thread.c:624:21 (memcached+0x10560a)
    #3 <null> <null> (libevent-2.1.so.7+0x20b3b) (BuildId: 79ee78eebaf1fabcfa2c5160e0b25a68bf3edce9)

  Thread T3 'mc-worker' (tid=4178841, running) created by main thread at:
    #0 pthread_create /extra/alexey/worktrees/perf/compiler-rt/lib/tsan/rtl/tsan_interceptors_posix.cpp:1023:3 (memcached+0x640ef)
    #1 create_worker /home/alexey/tsan-experiments/nosql/memcached/memcached-tsan/thread.c:385:16 (memcached+0x10509e)
    #2 memcached_thread_init /home/alexey/tsan-experiments/nosql/memcached/memcached-tsan/thread.c:1155:9 (memcached+0x10509e)
    #3 main /home/alexey/tsan-experiments/nosql/memcached/memcached-tsan/memcached.c:6138:5 (memcached+0xf1b16)

  Thread T2 'mc-worker' (tid=4178840, running) created by main thread at:
    #0 pthread_create /extra/alexey/worktrees/perf/compiler-rt/lib/tsan/rtl/tsan_interceptors_posix.cpp:1023:3 (memcached+0x640ef)
    #1 create_worker /home/alexey/tsan-experiments/nosql/memcached/memcached-tsan/thread.c:385:16 (memcached+0x10509e)
    #2 memcached_thread_init /home/alexey/tsan-experiments/nosql/memcached/memcached-tsan/thread.c:1155:9 (memcached+0x10509e)
    #3 main /home/alexey/tsan-experiments/nosql/memcached/memcached-tsan/memcached.c:6138:5 (memcached+0xf1b16)

SUMMARY: ThreadSanitizer: data race /home/alexey/tsan-experiments/nosql/memcached/memcached-tsan/memcached.c:808:37 in conn_new
==================
==================
WARNING: ThreadSanitizer: data race (pid=4178837)
  Write of size 2 at 0x7250000100a0 by thread T3:
    #0 conn_new /home/alexey/tsan-experiments/nosql/memcached/memcached-tsan/memcached.c:820:17 (memcached+0xe9c15)
    #1 thread_libevent_process /home/alexey/tsan-experiments/nosql/memcached/memcached-tsan/thread.c:624:21 (memcached+0x10560a)
    #2 <null> <null> (libevent-2.1.so.7+0x20b3b) (BuildId: 79ee78eebaf1fabcfa2c5160e0b25a68bf3edce9)

  Previous write of size 8 at 0x7250000100a0 by thread T2:
    #0 calloc /extra/alexey/worktrees/perf/compiler-rt/lib/tsan/rtl/tsan_interceptors_posix.cpp:686:5 (memcached+0x6282a)
    #1 conn_new /home/alexey/tsan-experiments/nosql/memcached/memcached-tsan/memcached.c:656:27 (memcached+0xe979b)
    #2 thread_libevent_process /home/alexey/tsan-experiments/nosql/memcached/memcached-tsan/thread.c:624:21 (memcached+0x10560a)
    #3 <null> <null> (libevent-2.1.so.7+0x20b3b) (BuildId: 79ee78eebaf1fabcfa2c5160e0b25a68bf3edce9)

  Location is heap block of size 496 at 0x725000010000 allocated by thread T2:
    #0 calloc /extra/alexey/worktrees/perf/compiler-rt/lib/tsan/rtl/tsan_interceptors_posix.cpp:686:5 (memcached+0x6282a)
    #1 conn_new /home/alexey/tsan-experiments/nosql/memcached/memcached-tsan/memcached.c:656:27 (memcached+0xe979b)
    #2 thread_libevent_process /home/alexey/tsan-experiments/nosql/memcached/memcached-tsan/thread.c:624:21 (memcached+0x10560a)
    #3 <null> <null> (libevent-2.1.so.7+0x20b3b) (BuildId: 79ee78eebaf1fabcfa2c5160e0b25a68bf3edce9)

  Thread T3 'mc-worker' (tid=4178841, running) created by main thread at:
    #0 pthread_create /extra/alexey/worktrees/perf/compiler-rt/lib/tsan/rtl/tsan_interceptors_posix.cpp:1023:3 (memcached+0x640ef)
    #1 create_worker /home/alexey/tsan-experiments/nosql/memcached/memcached-tsan/thread.c:385:16 (memcached+0x10509e)
    #2 memcached_thread_init /home/alexey/tsan-experiments/nosql/memcached/memcached-tsan/thread.c:1155:9 (memcached+0x10509e)
    #3 main /home/alexey/tsan-experiments/nosql/memcached/memcached-tsan/memcached.c:6138:5 (memcached+0xf1b16)

  Thread T2 'mc-worker' (tid=4178840, running) created by main thread at:
    #0 pthread_create /extra/alexey/worktrees/perf/compiler-rt/lib/tsan/rtl/tsan_interceptors_posix.cpp:1023:3 (memcached+0x640ef)
    #1 create_worker /home/alexey/tsan-experiments/nosql/memcached/memcached-tsan/thread.c:385:16 (memcached+0x10509e)
    #2 memcached_thread_init /home/alexey/tsan-experiments/nosql/memcached/memcached-tsan/thread.c:1155:9 (memcached+0x10509e)
    #3 main /home/alexey/tsan-experiments/nosql/memcached/memcached-tsan/memcached.c:6138:5 (memcached+0xf1b16)

SUMMARY: ThreadSanitizer: data race /home/alexey/tsan-experiments/nosql/memcached/memcached-tsan/memcached.c:820:17 in conn_new
==================
==================
WARNING: ThreadSanitizer: data race (pid=4178837)
  Read of size 2 at 0x7fe58c5fff9e by thread T9:
    #0 item_remove /home/alexey/tsan-experiments/nosql/memcached/memcached-tsan/thread.c:921:15 (memcached+0x103b62)
    #1 complete_nread_ascii /home/alexey/tsan-experiments/nosql/memcached/memcached-tsan/proto_text.c:241:5 (memcached+0x10f06c)
    #2 complete_nread /home/alexey/tsan-experiments/nosql/memcached/memcached-tsan/memcached.c:1485:9 (memcached+0xe70be)
    #3 drive_machine /home/alexey/tsan-experiments/nosql/memcached/memcached-tsan/memcached.c:3239:17 (memcached+0xe70be)
    #4 event_handler /home/alexey/tsan-experiments/nosql/memcached/memcached-tsan/memcached.c:3476:5 (memcached+0xea1af)
    #5 <null> <null> (libevent-2.1.so.7+0x20b3b) (BuildId: 79ee78eebaf1fabcfa2c5160e0b25a68bf3edce9)

  Previous write of size 2 at 0x7fe58c5fff9e by thread T7 (mutexes: write M0):
    #0 do_item_unlink /home/alexey/tsan-experiments/nosql/memcached/memcached-tsan/items.c:516:22 (memcached+0xfcf2a)
    #1 do_item_replace /home/alexey/tsan-experiments/nosql/memcached/memcached-tsan/items.c:589:5 (memcached+0xfda55)
    #2 item_replace /home/alexey/tsan-experiments/nosql/memcached/memcached-tsan/thread.c:934:12 (memcached+0x103c5b)
    #3 do_store_item /home/alexey/tsan-experiments/nosql/memcached/memcached-tsan/memcached.c:1715:13 (memcached+0xec1b2)
    #4 store_item /home/alexey/tsan-experiments/nosql/memcached/memcached-tsan/thread.c:974:11 (memcached+0x103f82)
    #5 complete_nread_ascii /home/alexey/tsan-experiments/nosql/memcached/memcached-tsan/proto_text.c:184:13 (memcached+0x10ee83)
    #6 complete_nread /home/alexey/tsan-experiments/nosql/memcached/memcached-tsan/memcached.c:1485:9 (memcached+0xe70be)
    #7 drive_machine /home/alexey/tsan-experiments/nosql/memcached/memcached-tsan/memcached.c:3239:17 (memcached+0xe70be)
    #8 event_handler /home/alexey/tsan-experiments/nosql/memcached/memcached-tsan/memcached.c:3476:5 (memcached+0xea1af)
    #9 <null> <null> (libevent-2.1.so.7+0x20b3b) (BuildId: 79ee78eebaf1fabcfa2c5160e0b25a68bf3edce9)

  Location is heap block of size 1048576 at 0x7fe58c500000 allocated by thread T9:
    #0 malloc /extra/alexey/worktrees/perf/compiler-rt/lib/tsan/rtl/tsan_interceptors_posix.cpp:666:5 (memcached+0x625af)
    #1 memory_allocate /home/alexey/tsan-experiments/nosql/memcached/memcached-tsan/slabs.c:615:15 (memcached+0xfb05c)
    #2 do_slabs_newslab /home/alexey/tsan-experiments/nosql/memcached/memcached-tsan/slabs.c:386:17 (memcached+0xfb05c)
    #3 do_slabs_alloc /home/alexey/tsan-experiments/nosql/memcached/memcached-tsan/slabs.c:423:9 (memcached+0xf89b2)
    #4 slabs_alloc /home/alexey/tsan-experiments/nosql/memcached/memcached-tsan/slabs.c:661:11 (memcached+0xf89b2)
    #5 do_item_alloc_pull /home/alexey/tsan-experiments/nosql/memcached/memcached-tsan/items.c:181:14 (memcached+0xfb61e)
    #6 do_item_alloc /home/alexey/tsan-experiments/nosql/memcached/memcached-tsan/items.c:298:14 (memcached+0xfc505)
    #7 item_alloc /home/alexey/tsan-experiments/nosql/memcached/memcached-tsan/thread.c:876:10 (memcached+0x103842)
    #8 process_update_command /home/alexey/tsan-experiments/nosql/memcached/memcached-tsan/proto_text.c:2044:10 (memcached+0x113db1)
    #9 process_command_ascii /home/alexey/tsan-experiments/nosql/memcached/memcached-tsan/proto_text.c (memcached+0x110267)
    #10 try_read_command_ascii /home/alexey/tsan-experiments/nosql/memcached/memcached-tsan/proto_text.c:494:5 (memcached+0x10faa1)
    #11 try_read_command_negotiate /home/alexey/tsan-experiments/nosql/memcached/memcached-tsan/memcached.c:2427:12 (memcached+0xea0f7)
    #12 drive_machine /home/alexey/tsan-experiments/nosql/memcached/memcached-tsan/memcached.c:3193:17 (memcached+0xe65bb)
    #13 event_handler /home/alexey/tsan-experiments/nosql/memcached/memcached-tsan/memcached.c:3476:5 (memcached+0xea1af)
    #14 <null> <null> (libevent-2.1.so.7+0x20b3b) (BuildId: 79ee78eebaf1fabcfa2c5160e0b25a68bf3edce9)

  Mutex M0 (0x7fe594931f48) created at:
    #0 pthread_mutex_init /extra/alexey/worktrees/perf/compiler-rt/lib/tsan/rtl/tsan_interceptors_posix.cpp:1316:3 (memcached+0x65a23)
    #1 memcached_thread_init /home/alexey/tsan-experiments/nosql/memcached/memcached-tsan/thread.c:1132:9 (memcached+0x104ba8)
    #2 main /home/alexey/tsan-experiments/nosql/memcached/memcached-tsan/memcached.c:6138:5 (memcached+0xf1b16)

  Thread T9 'mc-worker' (tid=4178847, running) created by main thread at:
    #0 pthread_create /extra/alexey/worktrees/perf/compiler-rt/lib/tsan/rtl/tsan_interceptors_posix.cpp:1023:3 (memcached+0x640ef)
    #1 create_worker /home/alexey/tsan-experiments/nosql/memcached/memcached-tsan/thread.c:385:16 (memcached+0x10509e)
    #2 memcached_thread_init /home/alexey/tsan-experiments/nosql/memcached/memcached-tsan/thread.c:1155:9 (memcached+0x10509e)
    #3 main /home/alexey/tsan-experiments/nosql/memcached/memcached-tsan/memcached.c:6138:5 (memcached+0xf1b16)

  Thread T7 'mc-worker' (tid=4178845, running) created by main thread at:
    #0 pthread_create /extra/alexey/worktrees/perf/compiler-rt/lib/tsan/rtl/tsan_interceptors_posix.cpp:1023:3 (memcached+0x640ef)
    #1 create_worker /home/alexey/tsan-experiments/nosql/memcached/memcached-tsan/thread.c:385:16 (memcached+0x10509e)
    #2 memcached_thread_init /home/alexey/tsan-experiments/nosql/memcached/memcached-tsan/thread.c:1155:9 (memcached+0x10509e)
    #3 main /home/alexey/tsan-experiments/nosql/memcached/memcached-tsan/memcached.c:6138:5 (memcached+0xf1b16)

SUMMARY: ThreadSanitizer: data race /home/alexey/tsan-experiments/nosql/memcached/memcached-tsan/thread.c:921:15 in item_remove
==================
==================
WARNING: ThreadSanitizer: data race (pid=4178837)
  Read of size 8 at 0x5613fca69bd0 by main thread:
    #0 clock_handler /home/alexey/tsan-experiments/nosql/memcached/memcached-tsan/memcached.c:4009:36 (memcached+0xf4306)
    #1 <null> <null> (libevent-2.1.so.7+0x20a57) (BuildId: 79ee78eebaf1fabcfa2c5160e0b25a68bf3edce9)
    #2 __libc_start_call_main csu/../sysdeps/nptl/libc_start_call_main.h:58:16 (libc.so.6+0x2a1c9) (BuildId: 282c2c16e7b6600b0b22ea0c99010d2795752b5f)

  Previous write of size 8 at 0x5613fca69bd0 by thread T5 (mutexes: write M0, write M1):
    #0 do_item_unlink /home/alexey/tsan-experiments/nosql/memcached/memcached-tsan/items.c:519:32 (memcached+0xfcfac)
    #1 do_item_replace /home/alexey/tsan-experiments/nosql/memcached/memcached-tsan/items.c:589:5 (memcached+0xfda55)
    #2 item_replace /home/alexey/tsan-experiments/nosql/memcached/memcached-tsan/thread.c:934:12 (memcached+0x103c5b)
    #3 do_store_item /home/alexey/tsan-experiments/nosql/memcached/memcached-tsan/memcached.c:1715:13 (memcached+0xec1b2)
    #4 store_item /home/alexey/tsan-experiments/nosql/memcached/memcached-tsan/thread.c:974:11 (memcached+0x103f82)
    #5 complete_nread_ascii /home/alexey/tsan-experiments/nosql/memcached/memcached-tsan/proto_text.c:184:13 (memcached+0x10ee83)
    #6 complete_nread /home/alexey/tsan-experiments/nosql/memcached/memcached-tsan/memcached.c:1485:9 (memcached+0xe70be)
    #7 drive_machine /home/alexey/tsan-experiments/nosql/memcached/memcached-tsan/memcached.c:3239:17 (memcached+0xe70be)
    #8 event_handler /home/alexey/tsan-experiments/nosql/memcached/memcached-tsan/memcached.c:3476:5 (memcached+0xea1af)
    #9 <null> <null> (libevent-2.1.so.7+0x20b3b) (BuildId: 79ee78eebaf1fabcfa2c5160e0b25a68bf3edce9)

  Location is global 'stats_state' of size 56 at 0x5613fca69bd0 (memcached+0x14e0bd0)

  Mutex M0 (0x7fe594931f48) created at:
    #0 pthread_mutex_init /extra/alexey/worktrees/perf/compiler-rt/lib/tsan/rtl/tsan_interceptors_posix.cpp:1316:3 (memcached+0x65a23)
    #1 memcached_thread_init /home/alexey/tsan-experiments/nosql/memcached/memcached-tsan/thread.c:1132:9 (memcached+0x104ba8)
    #2 main /home/alexey/tsan-experiments/nosql/memcached/memcached-tsan/memcached.c:6138:5 (memcached+0xf1b16)

  Mutex M1 (0x5613fca77638) created at:
    #0 pthread_mutex_lock /extra/alexey/worktrees/perf/compiler-rt/lib/tsan/rtl/tsan_interceptors_posix.cpp:1342:3 (memcached+0x65d4e)
    #1 STATS_LOCK /home/alexey/tsan-experiments/nosql/memcached/memcached-tsan/thread.c:982:5 (memcached+0x103ff6)
    #2 assoc_init /home/alexey/tsan-experiments/nosql/memcached/memcached-tsan/assoc.c:64:5 (memcached+0x1018dd)
    #3 main /home/alexey/tsan-experiments/nosql/memcached/memcached-tsan/memcached.c:6082:5 (memcached+0xf19bf)

  Thread T5 'mc-worker' (tid=4178843, running) created by main thread at:
    #0 pthread_create /extra/alexey/worktrees/perf/compiler-rt/lib/tsan/rtl/tsan_interceptors_posix.cpp:1023:3 (memcached+0x640ef)
    #1 create_worker /home/alexey/tsan-experiments/nosql/memcached/memcached-tsan/thread.c:385:16 (memcached+0x10509e)
    #2 memcached_thread_init /home/alexey/tsan-experiments/nosql/memcached/memcached-tsan/thread.c:1155:9 (memcached+0x10509e)
    #3 main /home/alexey/tsan-experiments/nosql/memcached/memcached-tsan/memcached.c:6138:5 (memcached+0xf1b16)

SUMMARY: ThreadSanitizer: data race /home/alexey/tsan-experiments/nosql/memcached/memcached-tsan/memcached.c:4009:36 in clock_handler
==================
==================
WARNING: ThreadSanitizer: data race (pid=4178837)
  Read of size 2 at 0x7fe58c5fd29e by thread T28 (mutexes: write M0, write M1):
    #0 lru_pull_tail /home/alexey/tsan-experiments/nosql/memcached/memcached-tsan/items.c:1137:28 (memcached+0xfb896)
    #1 lru_maintainer_juggle /home/alexey/tsan-experiments/nosql/memcached/memcached-tsan/items.c:1448:13 (memcached+0x1008b7)
    #2 lru_maintainer_thread /home/alexey/tsan-experiments/nosql/memcached/memcached-tsan/items.c:1645:29 (memcached+0x1008b7)

  Previous write of size 2 at 0x7fe58c5fd29e by thread T4 (mutexes: write M2):
    #0 do_item_unlink /home/alexey/tsan-experiments/nosql/memcached/memcached-tsan/items.c:516:22 (memcached+0xfcf2a)
    #1 do_item_replace /home/alexey/tsan-experiments/nosql/memcached/memcached-tsan/items.c:589:5 (memcached+0xfda55)
    #2 item_replace /home/alexey/tsan-experiments/nosql/memcached/memcached-tsan/thread.c:934:12 (memcached+0x103c5b)
    #3 do_store_item /home/alexey/tsan-experiments/nosql/memcached/memcached-tsan/memcached.c:1715:13 (memcached+0xec1b2)
    #4 store_item /home/alexey/tsan-experiments/nosql/memcached/memcached-tsan/thread.c:974:11 (memcached+0x103f82)
    #5 complete_nread_ascii /home/alexey/tsan-experiments/nosql/memcached/memcached-tsan/proto_text.c:184:13 (memcached+0x10ee83)
    #6 complete_nread /home/alexey/tsan-experiments/nosql/memcached/memcached-tsan/memcached.c:1485:9 (memcached+0xe70be)
    #7 drive_machine /home/alexey/tsan-experiments/nosql/memcached/memcached-tsan/memcached.c:3239:17 (memcached+0xe70be)
    #8 event_handler /home/alexey/tsan-experiments/nosql/memcached/memcached-tsan/memcached.c:3476:5 (memcached+0xea1af)
    #9 <null> <null> (libevent-2.1.so.7+0x20b3b) (BuildId: 79ee78eebaf1fabcfa2c5160e0b25a68bf3edce9)

  Location is heap block of size 1048576 at 0x7fe58c500000 allocated by thread T9:
    #0 malloc /extra/alexey/worktrees/perf/compiler-rt/lib/tsan/rtl/tsan_interceptors_posix.cpp:666:5 (memcached+0x625af)
    #1 memory_allocate /home/alexey/tsan-experiments/nosql/memcached/memcached-tsan/slabs.c:615:15 (memcached+0xfb05c)
    #2 do_slabs_newslab /home/alexey/tsan-experiments/nosql/memcached/memcached-tsan/slabs.c:386:17 (memcached+0xfb05c)
    #3 do_slabs_alloc /home/alexey/tsan-experiments/nosql/memcached/memcached-tsan/slabs.c:423:9 (memcached+0xf89b2)
    #4 slabs_alloc /home/alexey/tsan-experiments/nosql/memcached/memcached-tsan/slabs.c:661:11 (memcached+0xf89b2)
    #5 do_item_alloc_pull /home/alexey/tsan-experiments/nosql/memcached/memcached-tsan/items.c:181:14 (memcached+0xfb61e)
    #6 do_item_alloc /home/alexey/tsan-experiments/nosql/memcached/memcached-tsan/items.c:298:14 (memcached+0xfc505)
    #7 item_alloc /home/alexey/tsan-experiments/nosql/memcached/memcached-tsan/thread.c:876:10 (memcached+0x103842)
    #8 process_update_command /home/alexey/tsan-experiments/nosql/memcached/memcached-tsan/proto_text.c:2044:10 (memcached+0x113db1)
    #9 process_command_ascii /home/alexey/tsan-experiments/nosql/memcached/memcached-tsan/proto_text.c (memcached+0x110267)
    #10 try_read_command_ascii /home/alexey/tsan-experiments/nosql/memcached/memcached-tsan/proto_text.c:494:5 (memcached+0x10faa1)
    #11 try_read_command_negotiate /home/alexey/tsan-experiments/nosql/memcached/memcached-tsan/memcached.c:2427:12 (memcached+0xea0f7)
    #12 drive_machine /home/alexey/tsan-experiments/nosql/memcached/memcached-tsan/memcached.c:3193:17 (memcached+0xe65bb)
    #13 event_handler /home/alexey/tsan-experiments/nosql/memcached/memcached-tsan/memcached.c:3476:5 (memcached+0xea1af)
    #14 <null> <null> (libevent-2.1.so.7+0x20b3b) (BuildId: 79ee78eebaf1fabcfa2c5160e0b25a68bf3edce9)

  Mutex M0 (0x5613fca76cb0) created at:
    #0 pthread_mutex_lock /extra/alexey/worktrees/perf/compiler-rt/lib/tsan/rtl/tsan_interceptors_posix.cpp:1342:3 (memcached+0x65d4e)
    #1 start_lru_maintainer_thread /home/alexey/tsan-experiments/nosql/memcached/memcached-tsan/items.c:1725:5 (memcached+0x10032c)
    #2 main /home/alexey/tsan-experiments/nosql/memcached/memcached-tsan/memcached.c:6170:33 (memcached+0xf1b7b)

  Mutex M1 (0x5613fca776b0) created at:
    #0 pthread_mutex_init /extra/alexey/worktrees/perf/compiler-rt/lib/tsan/rtl/tsan_interceptors_posix.cpp:1316:3 (memcached+0x65a23)
    #1 memcached_thread_init /home/alexey/tsan-experiments/nosql/memcached/memcached-tsan/thread.c:1093:9 (memcached+0x104a9a)
    #2 main /home/alexey/tsan-experiments/nosql/memcached/memcached-tsan/memcached.c:6138:5 (memcached+0xf1b16)

  Mutex M2 (0x7fe5949f6690) created at:
    #0 pthread_mutex_init /extra/alexey/worktrees/perf/compiler-rt/lib/tsan/rtl/tsan_interceptors_posix.cpp:1316:3 (memcached+0x65a23)
    #1 memcached_thread_init /home/alexey/tsan-experiments/nosql/memcached/memcached-tsan/thread.c:1132:9 (memcached+0x104ba8)
    #2 main /home/alexey/tsan-experiments/nosql/memcached/memcached-tsan/memcached.c:6138:5 (memcached+0xf1b16)

  Thread T28 'mc-lrumaint' (tid=4178866, running) created by main thread at:
    #0 pthread_create /extra/alexey/worktrees/perf/compiler-rt/lib/tsan/rtl/tsan_interceptors_posix.cpp:1023:3 (memcached+0x640ef)
    #1 start_lru_maintainer_thread /home/alexey/tsan-experiments/nosql/memcached/memcached-tsan/items.c:1728:16 (memcached+0x100376)
    #2 main /home/alexey/tsan-experiments/nosql/memcached/memcached-tsan/memcached.c:6170:33 (memcached+0xf1b7b)

  Thread T4 'mc-worker' (tid=4178842, running) created by main thread at:
    #0 pthread_create /extra/alexey/worktrees/perf/compiler-rt/lib/tsan/rtl/tsan_interceptors_posix.cpp:1023:3 (memcached+0x640ef)
    #1 create_worker /home/alexey/tsan-experiments/nosql/memcached/memcached-tsan/thread.c:385:16 (memcached+0x10509e)
    #2 memcached_thread_init /home/alexey/tsan-experiments/nosql/memcached/memcached-tsan/thread.c:1155:9 (memcached+0x10509e)
    #3 main /home/alexey/tsan-experiments/nosql/memcached/memcached-tsan/memcached.c:6138:5 (memcached+0xf1b16)

  Thread T9 'mc-worker' (tid=4178847, running) created by main thread at:
    #0 pthread_create /extra/alexey/worktrees/perf/compiler-rt/lib/tsan/rtl/tsan_interceptors_posix.cpp:1023:3 (memcached+0x640ef)
    #1 create_worker /home/alexey/tsan-experiments/nosql/memcached/memcached-tsan/thread.c:385:16 (memcached+0x10509e)
    #2 memcached_thread_init /home/alexey/tsan-experiments/nosql/memcached/memcached-tsan/thread.c:1155:9 (memcached+0x10509e)
    #3 main /home/alexey/tsan-experiments/nosql/memcached/memcached-tsan/memcached.c:6138:5 (memcached+0xf1b16)

SUMMARY: ThreadSanitizer: data race /home/alexey/tsan-experiments/nosql/memcached/memcached-tsan/items.c:1137:28 in lru_pull_tail
==================
==================
WARNING: ThreadSanitizer: data race (pid=4178837)
  Read of size 8 at 0x5613fca69bd0 by main thread:
    #0 clock_handler /home/alexey/tsan-experiments/nosql/memcached/memcached-tsan/memcached.c:4009:36 (memcached+0xf4306)
    #1 <null> <null> (libevent-2.1.so.7+0x20a57) (BuildId: 79ee78eebaf1fabcfa2c5160e0b25a68bf3edce9)
    #2 __libc_start_call_main csu/../sysdeps/nptl/libc_start_call_main.h:58:16 (libc.so.6+0x2a1c9) (BuildId: 282c2c16e7b6600b0b22ea0c99010d2795752b5f)

  Previous write of size 8 at 0x5613fca69bd0 by thread T2 (mutexes: write M0, write M1):
    #0 do_item_link /home/alexey/tsan-experiments/nosql/memcached/memcached-tsan/items.c:499:28 (memcached+0xfcc10)
    #1 do_item_replace /home/alexey/tsan-experiments/nosql/memcached/memcached-tsan/items.c:590:12 (memcached+0xfda62)
    #2 item_replace /home/alexey/tsan-experiments/nosql/memcached/memcached-tsan/thread.c:934:12 (memcached+0x103c5b)
    #3 do_store_item /home/alexey/tsan-experiments/nosql/memcached/memcached-tsan/memcached.c:1715:13 (memcached+0xec1b2)
    #4 store_item /home/alexey/tsan-experiments/nosql/memcached/memcached-tsan/thread.c:974:11 (memcached+0x103f82)
    #5 complete_nread_ascii /home/alexey/tsan-experiments/nosql/memcached/memcached-tsan/proto_text.c:184:13 (memcached+0x10ee83)
    #6 complete_nread /home/alexey/tsan-experiments/nosql/memcached/memcached-tsan/memcached.c:1485:9 (memcached+0xe70be)
    #7 drive_machine /home/alexey/tsan-experiments/nosql/memcached/memcached-tsan/memcached.c:3239:17 (memcached+0xe70be)
    #8 event_handler /home/alexey/tsan-experiments/nosql/memcached/memcached-tsan/memcached.c:3476:5 (memcached+0xea1af)
    #9 <null> <null> (libevent-2.1.so.7+0x20b3b) (BuildId: 79ee78eebaf1fabcfa2c5160e0b25a68bf3edce9)

  Location is global 'stats_state' of size 56 at 0x5613fca69bd0 (memcached+0x14e0bd0)

  Mutex M0 (0x7fe5949b3db8) created at:
    #0 pthread_mutex_init /extra/alexey/worktrees/perf/compiler-rt/lib/tsan/rtl/tsan_interceptors_posix.cpp:1316:3 (memcached+0x65a23)
    #1 memcached_thread_init /home/alexey/tsan-experiments/nosql/memcached/memcached-tsan/thread.c:1132:9 (memcached+0x104ba8)
    #2 main /home/alexey/tsan-experiments/nosql/memcached/memcached-tsan/memcached.c:6138:5 (memcached+0xf1b16)

  Mutex M1 (0x5613fca77638) created at:
    #0 pthread_mutex_lock /extra/alexey/worktrees/perf/compiler-rt/lib/tsan/rtl/tsan_interceptors_posix.cpp:1342:3 (memcached+0x65d4e)
    #1 STATS_LOCK /home/alexey/tsan-experiments/nosql/memcached/memcached-tsan/thread.c:982:5 (memcached+0x103ff6)
    #2 assoc_init /home/alexey/tsan-experiments/nosql/memcached/memcached-tsan/assoc.c:64:5 (memcached+0x1018dd)
    #3 main /home/alexey/tsan-experiments/nosql/memcached/memcached-tsan/memcached.c:6082:5 (memcached+0xf19bf)

  Thread T2 'mc-worker' (tid=4178840, running) created by main thread at:
    #0 pthread_create /extra/alexey/worktrees/perf/compiler-rt/lib/tsan/rtl/tsan_interceptors_posix.cpp:1023:3 (memcached+0x640ef)
    #1 create_worker /home/alexey/tsan-experiments/nosql/memcached/memcached-tsan/thread.c:385:16 (memcached+0x10509e)
    #2 memcached_thread_init /home/alexey/tsan-experiments/nosql/memcached/memcached-tsan/thread.c:1155:9 (memcached+0x10509e)
    #3 main /home/alexey/tsan-experiments/nosql/memcached/memcached-tsan/memcached.c:6138:5 (memcached+0xf1b16)

SUMMARY: ThreadSanitizer: data race /home/alexey/tsan-experiments/nosql/memcached/memcached-tsan/memcached.c:4009:36 in clock_handler
==================
==================
WARNING: ThreadSanitizer: data race (pid=4178837)
  Write of size 4 at 0x5613fca69928 by main thread:
    #0 clock_handler /home/alexey/tsan-experiments/nosql/memcached/memcached-tsan/memcached.c (memcached+0xf440e)
    #1 <null> <null> (libevent-2.1.so.7+0x20a57) (BuildId: 79ee78eebaf1fabcfa2c5160e0b25a68bf3edce9)
    #2 __libc_start_call_main csu/../sysdeps/nptl/libc_start_call_main.h:58:16 (libc.so.6+0x2a1c9) (BuildId: 282c2c16e7b6600b0b22ea0c99010d2795752b5f)

  Previous read of size 4 at 0x5613fca69928 by thread T11:
    #0 try_read_command_ascii /home/alexey/tsan-experiments/nosql/memcached/memcached-tsan/proto_text.c:493:24 (memcached+0x10fa79)
    #1 drive_machine /home/alexey/tsan-experiments/nosql/memcached/memcached-tsan/memcached.c:3193:17 (memcached+0xe65bb)
    #2 event_handler /home/alexey/tsan-experiments/nosql/memcached/memcached-tsan/memcached.c:3476:5 (memcached+0xea1af)
    #3 <null> <null> (libevent-2.1.so.7+0x20b3b) (BuildId: 79ee78eebaf1fabcfa2c5160e0b25a68bf3edce9)

  Location is global 'current_time' of size 4 at 0x5613fca69928 (memcached+0x14e0928)

  Thread T11 'mc-worker' (tid=4178849, running) created by main thread at:
    #0 pthread_create /extra/alexey/worktrees/perf/compiler-rt/lib/tsan/rtl/tsan_interceptors_posix.cpp:1023:3 (memcached+0x640ef)
    #1 create_worker /home/alexey/tsan-experiments/nosql/memcached/memcached-tsan/thread.c:385:16 (memcached+0x10509e)
    #2 memcached_thread_init /home/alexey/tsan-experiments/nosql/memcached/memcached-tsan/thread.c:1155:9 (memcached+0x10509e)
    #3 main /home/alexey/tsan-experiments/nosql/memcached/memcached-tsan/memcached.c:6138:5 (memcached+0xf1b16)

SUMMARY: ThreadSanitizer: data race /home/alexey/tsan-experiments/nosql/memcached/memcached-tsan/memcached.c in clock_handler
==================
==================
WARNING: ThreadSanitizer: data race (pid=4178837)
  Read of size 2 at 0x7fe58c5f6f3e by thread T28 (mutexes: write M0, write M1):
    #0 lru_pull_tail /home/alexey/tsan-experiments/nosql/memcached/memcached-tsan/items.c:1137:28 (memcached+0xfb896)
    #1 lru_maintainer_juggle /home/alexey/tsan-experiments/nosql/memcached/memcached-tsan/items.c:1449:13 (memcached+0x1008d9)
    #2 lru_maintainer_thread /home/alexey/tsan-experiments/nosql/memcached/memcached-tsan/items.c:1645:29 (memcached+0x1008d9)

  Previous write of size 2 at 0x7fe58c5f6f3e by thread T25 (mutexes: write M2):
    #0 do_item_bump /home/alexey/tsan-experiments/nosql/memcached/memcached-tsan/items.c:1077:30 (memcached+0xfffa8)
    #1 do_item_get /home/alexey/tsan-experiments/nosql/memcached/memcached-tsan/items.c:1047:17 (memcached+0xffb0c)
    #2 item_get /home/alexey/tsan-experiments/nosql/memcached/memcached-tsan/thread.c:889:10 (memcached+0x1038fe)
    #3 limited_get /home/alexey/tsan-experiments/nosql/memcached/memcached-tsan/memcached.c:2253:14 (memcached+0xeedf0)
    #4 process_get_command /home/alexey/tsan-experiments/nosql/memcached/memcached-tsan/proto_text.c:581:18 (memcached+0x11331b)
    #5 process_command_ascii /home/alexey/tsan-experiments/nosql/memcached/memcached-tsan/proto_text.c (memcached+0x1102c0)
    #6 try_read_command_ascii /home/alexey/tsan-experiments/nosql/memcached/memcached-tsan/proto_text.c:494:5 (memcached+0x10faa1)
    #7 drive_machine /home/alexey/tsan-experiments/nosql/memcached/memcached-tsan/memcached.c:3193:17 (memcached+0xe65bb)
    #8 event_handler /home/alexey/tsan-experiments/nosql/memcached/memcached-tsan/memcached.c:3476:5 (memcached+0xea1af)
    #9 <null> <null> (libevent-2.1.so.7+0x20b3b) (BuildId: 79ee78eebaf1fabcfa2c5160e0b25a68bf3edce9)

  Location is heap block of size 1048576 at 0x7fe58c500000 allocated by thread T9:
    #0 malloc /extra/alexey/worktrees/perf/compiler-rt/lib/tsan/rtl/tsan_interceptors_posix.cpp:666:5 (memcached+0x625af)
    #1 memory_allocate /home/alexey/tsan-experiments/nosql/memcached/memcached-tsan/slabs.c:615:15 (memcached+0xfb05c)
    #2 do_slabs_newslab /home/alexey/tsan-experiments/nosql/memcached/memcached-tsan/slabs.c:386:17 (memcached+0xfb05c)
    #3 do_slabs_alloc /home/alexey/tsan-experiments/nosql/memcached/memcached-tsan/slabs.c:423:9 (memcached+0xf89b2)
    #4 slabs_alloc /home/alexey/tsan-experiments/nosql/memcached/memcached-tsan/slabs.c:661:11 (memcached+0xf89b2)
    #5 do_item_alloc_pull /home/alexey/tsan-experiments/nosql/memcached/memcached-tsan/items.c:181:14 (memcached+0xfb61e)
    #6 do_item_alloc /home/alexey/tsan-experiments/nosql/memcached/memcached-tsan/items.c:298:14 (memcached+0xfc505)
    #7 item_alloc /home/alexey/tsan-experiments/nosql/memcached/memcached-tsan/thread.c:876:10 (memcached+0x103842)
    #8 process_update_command /home/alexey/tsan-experiments/nosql/memcached/memcached-tsan/proto_text.c:2044:10 (memcached+0x113db1)
    #9 process_command_ascii /home/alexey/tsan-experiments/nosql/memcached/memcached-tsan/proto_text.c (memcached+0x110267)
    #10 try_read_command_ascii /home/alexey/tsan-experiments/nosql/memcached/memcached-tsan/proto_text.c:494:5 (memcached+0x10faa1)
    #11 try_read_command_negotiate /home/alexey/tsan-experiments/nosql/memcached/memcached-tsan/memcached.c:2427:12 (memcached+0xea0f7)
    #12 drive_machine /home/alexey/tsan-experiments/nosql/memcached/memcached-tsan/memcached.c:3193:17 (memcached+0xe65bb)
    #13 event_handler /home/alexey/tsan-experiments/nosql/memcached/memcached-tsan/memcached.c:3476:5 (memcached+0xea1af)
    #14 <null> <null> (libevent-2.1.so.7+0x20b3b) (BuildId: 79ee78eebaf1fabcfa2c5160e0b25a68bf3edce9)

  Mutex M0 (0x5613fca76cb0) created at:
    #0 pthread_mutex_lock /extra/alexey/worktrees/perf/compiler-rt/lib/tsan/rtl/tsan_interceptors_posix.cpp:1342:3 (memcached+0x65d4e)
    #1 start_lru_maintainer_thread /home/alexey/tsan-experiments/nosql/memcached/memcached-tsan/items.c:1725:5 (memcached+0x10032c)
    #2 main /home/alexey/tsan-experiments/nosql/memcached/memcached-tsan/memcached.c:6170:33 (memcached+0xf1b7b)

  Mutex M1 (0x5613fca780b0) created at:
    #0 pthread_mutex_init /extra/alexey/worktrees/perf/compiler-rt/lib/tsan/rtl/tsan_interceptors_posix.cpp:1316:3 (memcached+0x65a23)
    #1 memcached_thread_init /home/alexey/tsan-experiments/nosql/memcached/memcached-tsan/thread.c:1093:9 (memcached+0x104a9a)
    #2 main /home/alexey/tsan-experiments/nosql/memcached/memcached-tsan/memcached.c:6138:5 (memcached+0xf1b16)

  Mutex M2 (0x7fe5949023d8) created at:
    #0 pthread_mutex_init /extra/alexey/worktrees/perf/compiler-rt/lib/tsan/rtl/tsan_interceptors_posix.cpp:1316:3 (memcached+0x65a23)
    #1 memcached_thread_init /home/alexey/tsan-experiments/nosql/memcached/memcached-tsan/thread.c:1132:9 (memcached+0x104ba8)
    #2 main /home/alexey/tsan-experiments/nosql/memcached/memcached-tsan/memcached.c:6138:5 (memcached+0xf1b16)

  Thread T28 'mc-lrumaint' (tid=4178866, running) created by main thread at:
    #0 pthread_create /extra/alexey/worktrees/perf/compiler-rt/lib/tsan/rtl/tsan_interceptors_posix.cpp:1023:3 (memcached+0x640ef)
    #1 start_lru_maintainer_thread /home/alexey/tsan-experiments/nosql/memcached/memcached-tsan/items.c:1728:16 (memcached+0x100376)
    #2 main /home/alexey/tsan-experiments/nosql/memcached/memcached-tsan/memcached.c:6170:33 (memcached+0xf1b7b)

  Thread T25 'mc-worker' (tid=4178863, running) created by main thread at:
    #0 pthread_create /extra/alexey/worktrees/perf/compiler-rt/lib/tsan/rtl/tsan_interceptors_posix.cpp:1023:3 (memcached+0x640ef)
    #1 create_worker /home/alexey/tsan-experiments/nosql/memcached/memcached-tsan/thread.c:385:16 (memcached+0x10509e)
    #2 memcached_thread_init /home/alexey/tsan-experiments/nosql/memcached/memcached-tsan/thread.c:1155:9 (memcached+0x10509e)
    #3 main /home/alexey/tsan-experiments/nosql/memcached/memcached-tsan/memcached.c:6138:5 (memcached+0xf1b16)

  Thread T9 'mc-worker' (tid=4178847, running) created by main thread at:
    #0 pthread_create /extra/alexey/worktrees/perf/compiler-rt/lib/tsan/rtl/tsan_interceptors_posix.cpp:1023:3 (memcached+0x640ef)
    #1 create_worker /home/alexey/tsan-experiments/nosql/memcached/memcached-tsan/thread.c:385:16 (memcached+0x10509e)
    #2 memcached_thread_init /home/alexey/tsan-experiments/nosql/memcached/memcached-tsan/thread.c:1155:9 (memcached+0x10509e)
    #3 main /home/alexey/tsan-experiments/nosql/memcached/memcached-tsan/memcached.c:6138:5 (memcached+0xf1b16)

SUMMARY: ThreadSanitizer: data race /home/alexey/tsan-experiments/nosql/memcached/memcached-tsan/items.c:1137:28 in lru_pull_tail
==================
==================
WARNING: ThreadSanitizer: data race (pid=4178837)
  Write of size 2 at 0x7fe58c5f6f3e by thread T28 (mutexes: write M0, write M1, write M2):
    #0 lru_pull_tail /home/alexey/tsan-experiments/nosql/memcached/memcached-tsan/items.c:1191:38 (memcached+0xfbae9)
    #1 lru_maintainer_juggle /home/alexey/tsan-experiments/nosql/memcached/memcached-tsan/items.c:1449:13 (memcached+0x1008d9)
    #2 lru_maintainer_thread /home/alexey/tsan-experiments/nosql/memcached/memcached-tsan/items.c:1645:29 (memcached+0x1008d9)

  Previous read of size 2 at 0x7fe58c5f6f3e by thread T16:
    #0 process_get_command /home/alexey/tsan-experiments/nosql/memcached/memcached-tsan/proto_text.c:651:26 (memcached+0x113777)
    #1 process_command_ascii /home/alexey/tsan-experiments/nosql/memcached/memcached-tsan/proto_text.c (memcached+0x1102c0)
    #2 try_read_command_ascii /home/alexey/tsan-experiments/nosql/memcached/memcached-tsan/proto_text.c:494:5 (memcached+0x10faa1)
    #3 drive_machine /home/alexey/tsan-experiments/nosql/memcached/memcached-tsan/memcached.c:3193:17 (memcached+0xe65bb)
    #4 event_handler /home/alexey/tsan-experiments/nosql/memcached/memcached-tsan/memcached.c:3476:5 (memcached+0xea1af)
    #5 <null> <null> (libevent-2.1.so.7+0x20b3b) (BuildId: 79ee78eebaf1fabcfa2c5160e0b25a68bf3edce9)

  Location is heap block of size 1048576 at 0x7fe58c500000 allocated by thread T9:
    #0 malloc /extra/alexey/worktrees/perf/compiler-rt/lib/tsan/rtl/tsan_interceptors_posix.cpp:666:5 (memcached+0x625af)
    #1 memory_allocate /home/alexey/tsan-experiments/nosql/memcached/memcached-tsan/slabs.c:615:15 (memcached+0xfb05c)
    #2 do_slabs_newslab /home/alexey/tsan-experiments/nosql/memcached/memcached-tsan/slabs.c:386:17 (memcached+0xfb05c)
    #3 do_slabs_alloc /home/alexey/tsan-experiments/nosql/memcached/memcached-tsan/slabs.c:423:9 (memcached+0xf89b2)
    #4 slabs_alloc /home/alexey/tsan-experiments/nosql/memcached/memcached-tsan/slabs.c:661:11 (memcached+0xf89b2)
    #5 do_item_alloc_pull /home/alexey/tsan-experiments/nosql/memcached/memcached-tsan/items.c:181:14 (memcached+0xfb61e)
    #6 do_item_alloc /home/alexey/tsan-experiments/nosql/memcached/memcached-tsan/items.c:298:14 (memcached+0xfc505)
    #7 item_alloc /home/alexey/tsan-experiments/nosql/memcached/memcached-tsan/thread.c:876:10 (memcached+0x103842)
    #8 process_update_command /home/alexey/tsan-experiments/nosql/memcached/memcached-tsan/proto_text.c:2044:10 (memcached+0x113db1)
    #9 process_command_ascii /home/alexey/tsan-experiments/nosql/memcached/memcached-tsan/proto_text.c (memcached+0x110267)
    #10 try_read_command_ascii /home/alexey/tsan-experiments/nosql/memcached/memcached-tsan/proto_text.c:494:5 (memcached+0x10faa1)
    #11 try_read_command_negotiate /home/alexey/tsan-experiments/nosql/memcached/memcached-tsan/memcached.c:2427:12 (memcached+0xea0f7)
    #12 drive_machine /home/alexey/tsan-experiments/nosql/memcached/memcached-tsan/memcached.c:3193:17 (memcached+0xe65bb)
    #13 event_handler /home/alexey/tsan-experiments/nosql/memcached/memcached-tsan/memcached.c:3476:5 (memcached+0xea1af)
    #14 <null> <null> (libevent-2.1.so.7+0x20b3b) (BuildId: 79ee78eebaf1fabcfa2c5160e0b25a68bf3edce9)

  Mutex M0 (0x5613fca76cb0) created at:
    #0 pthread_mutex_lock /extra/alexey/worktrees/perf/compiler-rt/lib/tsan/rtl/tsan_interceptors_posix.cpp:1342:3 (memcached+0x65d4e)
    #1 start_lru_maintainer_thread /home/alexey/tsan-experiments/nosql/memcached/memcached-tsan/items.c:1725:5 (memcached+0x10032c)
    #2 main /home/alexey/tsan-experiments/nosql/memcached/memcached-tsan/memcached.c:6170:33 (memcached+0xf1b7b)

  Mutex M1 (0x5613fca780b0) created at:
    #0 pthread_mutex_init /extra/alexey/worktrees/perf/compiler-rt/lib/tsan/rtl/tsan_interceptors_posix.cpp:1316:3 (memcached+0x65a23)
    #1 memcached_thread_init /home/alexey/tsan-experiments/nosql/memcached/memcached-tsan/thread.c:1093:9 (memcached+0x104a9a)
    #2 main /home/alexey/tsan-experiments/nosql/memcached/memcached-tsan/memcached.c:6138:5 (memcached+0xf1b16)

  Mutex M2 (0x7fe5949023d8) created at:
    #0 pthread_mutex_init /extra/alexey/worktrees/perf/compiler-rt/lib/tsan/rtl/tsan_interceptors_posix.cpp:1316:3 (memcached+0x65a23)
    #1 memcached_thread_init /home/alexey/tsan-experiments/nosql/memcached/memcached-tsan/thread.c:1132:9 (memcached+0x104ba8)
    #2 main /home/alexey/tsan-experiments/nosql/memcached/memcached-tsan/memcached.c:6138:5 (memcached+0xf1b16)

  Thread T28 'mc-lrumaint' (tid=4178866, running) created by main thread at:
    #0 pthread_create /extra/alexey/worktrees/perf/compiler-rt/lib/tsan/rtl/tsan_interceptors_posix.cpp:1023:3 (memcached+0x640ef)
    #1 start_lru_maintainer_thread /home/alexey/tsan-experiments/nosql/memcached/memcached-tsan/items.c:1728:16 (memcached+0x100376)
    #2 main /home/alexey/tsan-experiments/nosql/memcached/memcached-tsan/memcached.c:6170:33 (memcached+0xf1b7b)

  Thread T16 'mc-worker' (tid=4178854, running) created by main thread at:
    #0 pthread_create /extra/alexey/worktrees/perf/compiler-rt/lib/tsan/rtl/tsan_interceptors_posix.cpp:1023:3 (memcached+0x640ef)
    #1 create_worker /home/alexey/tsan-experiments/nosql/memcached/memcached-tsan/thread.c:385:16 (memcached+0x10509e)
    #2 memcached_thread_init /home/alexey/tsan-experiments/nosql/memcached/memcached-tsan/thread.c:1155:9 (memcached+0x10509e)
    #3 main /home/alexey/tsan-experiments/nosql/memcached/memcached-tsan/memcached.c:6138:5 (memcached+0xf1b16)

  Thread T9 'mc-worker' (tid=4178847, running) created by main thread at:
    #0 pthread_create /extra/alexey/worktrees/perf/compiler-rt/lib/tsan/rtl/tsan_interceptors_posix.cpp:1023:3 (memcached+0x640ef)
    #1 create_worker /home/alexey/tsan-experiments/nosql/memcached/memcached-tsan/thread.c:385:16 (memcached+0x10509e)
    #2 memcached_thread_init /home/alexey/tsan-experiments/nosql/memcached/memcached-tsan/thread.c:1155:9 (memcached+0x10509e)
    #3 main /home/alexey/tsan-experiments/nosql/memcached/memcached-tsan/memcached.c:6138:5 (memcached+0xf1b16)

SUMMARY: ThreadSanitizer: data race /home/alexey/tsan-experiments/nosql/memcached/memcached-tsan/items.c:1191:38 in lru_pull_tail
==================
==================
WARNING: ThreadSanitizer: data race (pid=4178837)
  Write of size 2 at 0x7fe58c5f6f3c by thread T3 (mutexes: write M0):
    #0 do_item_get /home/alexey/tsan-experiments/nosql/memcached/memcached-tsan/items.c:983:9 (memcached+0xffa10)
    #1 item_get /home/alexey/tsan-experiments/nosql/memcached/memcached-tsan/thread.c:889:10 (memcached+0x1038fe)
    #2 limited_get /home/alexey/tsan-experiments/nosql/memcached/memcached-tsan/memcached.c:2253:14 (memcached+0xeedf0)
    #3 process_get_command /home/alexey/tsan-experiments/nosql/memcached/memcached-tsan/proto_text.c:581:18 (memcached+0x11331b)
    #4 process_command_ascii /home/alexey/tsan-experiments/nosql/memcached/memcached-tsan/proto_text.c (memcached+0x1102c0)
    #5 try_read_command_ascii /home/alexey/tsan-experiments/nosql/memcached/memcached-tsan/proto_text.c:494:5 (memcached+0x10faa1)
    #6 drive_machine /home/alexey/tsan-experiments/nosql/memcached/memcached-tsan/memcached.c:3193:17 (memcached+0xe65bb)
    #7 event_handler /home/alexey/tsan-experiments/nosql/memcached/memcached-tsan/memcached.c:3476:5 (memcached+0xea1af)
    #8 <null> <null> (libevent-2.1.so.7+0x20b3b) (BuildId: 79ee78eebaf1fabcfa2c5160e0b25a68bf3edce9)

  Previous read of size 2 at 0x7fe58c5f6f3c by thread T7:
    #0 limited_get /home/alexey/tsan-experiments/nosql/memcached/memcached-tsan/memcached.c:2255:19 (memcached+0xeee06)
    #1 process_get_command /home/alexey/tsan-experiments/nosql/memcached/memcached-tsan/proto_text.c:581:18 (memcached+0x11331b)
    #2 process_command_ascii /home/alexey/tsan-experiments/nosql/memcached/memcached-tsan/proto_text.c (memcached+0x1102c0)
    #3 try_read_command_ascii /home/alexey/tsan-experiments/nosql/memcached/memcached-tsan/proto_text.c:494:5 (memcached+0x10faa1)
    #4 drive_machine /home/alexey/tsan-experiments/nosql/memcached/memcached-tsan/memcached.c:3193:17 (memcached+0xe65bb)
    #5 event_handler /home/alexey/tsan-experiments/nosql/memcached/memcached-tsan/memcached.c:3476:5 (memcached+0xea1af)
    #6 <null> <null> (libevent-2.1.so.7+0x20b3b) (BuildId: 79ee78eebaf1fabcfa2c5160e0b25a68bf3edce9)

  Location is heap block of size 1048576 at 0x7fe58c500000 allocated by thread T9:
    #0 malloc /extra/alexey/worktrees/perf/compiler-rt/lib/tsan/rtl/tsan_interceptors_posix.cpp:666:5 (memcached+0x625af)
    #1 memory_allocate /home/alexey/tsan-experiments/nosql/memcached/memcached-tsan/slabs.c:615:15 (memcached+0xfb05c)
    #2 do_slabs_newslab /home/alexey/tsan-experiments/nosql/memcached/memcached-tsan/slabs.c:386:17 (memcached+0xfb05c)
    #3 do_slabs_alloc /home/alexey/tsan-experiments/nosql/memcached/memcached-tsan/slabs.c:423:9 (memcached+0xf89b2)
    #4 slabs_alloc /home/alexey/tsan-experiments/nosql/memcached/memcached-tsan/slabs.c:661:11 (memcached+0xf89b2)
    #5 do_item_alloc_pull /home/alexey/tsan-experiments/nosql/memcached/memcached-tsan/items.c:181:14 (memcached+0xfb61e)
    #6 do_item_alloc /home/alexey/tsan-experiments/nosql/memcached/memcached-tsan/items.c:298:14 (memcached+0xfc505)
    #7 item_alloc /home/alexey/tsan-experiments/nosql/memcached/memcached-tsan/thread.c:876:10 (memcached+0x103842)
    #8 process_update_command /home/alexey/tsan-experiments/nosql/memcached/memcached-tsan/proto_text.c:2044:10 (memcached+0x113db1)
    #9 process_command_ascii /home/alexey/tsan-experiments/nosql/memcached/memcached-tsan/proto_text.c (memcached+0x110267)
    #10 try_read_command_ascii /home/alexey/tsan-experiments/nosql/memcached/memcached-tsan/proto_text.c:494:5 (memcached+0x10faa1)
    #11 try_read_command_negotiate /home/alexey/tsan-experiments/nosql/memcached/memcached-tsan/memcached.c:2427:12 (memcached+0xea0f7)
    #12 drive_machine /home/alexey/tsan-experiments/nosql/memcached/memcached-tsan/memcached.c:3193:17 (memcached+0xe65bb)
    #13 event_handler /home/alexey/tsan-experiments/nosql/memcached/memcached-tsan/memcached.c:3476:5 (memcached+0xea1af)
    #14 <null> <null> (libevent-2.1.so.7+0x20b3b) (BuildId: 79ee78eebaf1fabcfa2c5160e0b25a68bf3edce9)

  Mutex M0 (0x7fe5949023d8) created at:
    #0 pthread_mutex_init /extra/alexey/worktrees/perf/compiler-rt/lib/tsan/rtl/tsan_interceptors_posix.cpp:1316:3 (memcached+0x65a23)
    #1 memcached_thread_init /home/alexey/tsan-experiments/nosql/memcached/memcached-tsan/thread.c:1132:9 (memcached+0x104ba8)
    #2 main /home/alexey/tsan-experiments/nosql/memcached/memcached-tsan/memcached.c:6138:5 (memcached+0xf1b16)

  Thread T3 'mc-worker' (tid=4178841, running) created by main thread at:
    #0 pthread_create /extra/alexey/worktrees/perf/compiler-rt/lib/tsan/rtl/tsan_interceptors_posix.cpp:1023:3 (memcached+0x640ef)
    #1 create_worker /home/alexey/tsan-experiments/nosql/memcached/memcached-tsan/thread.c:385:16 (memcached+0x10509e)
    #2 memcached_thread_init /home/alexey/tsan-experiments/nosql/memcached/memcached-tsan/thread.c:1155:9 (memcached+0x10509e)
    #3 main /home/alexey/tsan-experiments/nosql/memcached/memcached-tsan/memcached.c:6138:5 (memcached+0xf1b16)

  Thread T7 'mc-worker' (tid=4178845, running) created by main thread at:
    #0 pthread_create /extra/alexey/worktrees/perf/compiler-rt/lib/tsan/rtl/tsan_interceptors_posix.cpp:1023:3 (memcached+0x640ef)
    #1 create_worker /home/alexey/tsan-experiments/nosql/memcached/memcached-tsan/thread.c:385:16 (memcached+0x10509e)
    #2 memcached_thread_init /home/alexey/tsan-experiments/nosql/memcached/memcached-tsan/thread.c:1155:9 (memcached+0x10509e)
    #3 main /home/alexey/tsan-experiments/nosql/memcached/memcached-tsan/memcached.c:6138:5 (memcached+0xf1b16)

  Thread T9 'mc-worker' (tid=4178847, running) created by main thread at:
    #0 pthread_create /extra/alexey/worktrees/perf/compiler-rt/lib/tsan/rtl/tsan_interceptors_posix.cpp:1023:3 (memcached+0x640ef)
    #1 create_worker /home/alexey/tsan-experiments/nosql/memcached/memcached-tsan/thread.c:385:16 (memcached+0x10509e)
    #2 memcached_thread_init /home/alexey/tsan-experiments/nosql/memcached/memcached-tsan/thread.c:1155:9 (memcached+0x10509e)
    #3 main /home/alexey/tsan-experiments/nosql/memcached/memcached-tsan/memcached.c:6138:5 (memcached+0xf1b16)

SUMMARY: ThreadSanitizer: data race /home/alexey/tsan-experiments/nosql/memcached/memcached-tsan/items.c:983:9 in do_item_get
==================
==================
WARNING: ThreadSanitizer: data race (pid=4178837)
  Write of size 2 at 0x7fe58c5f6f3c by thread T28 (mutexes: write M0, write M1, write M2):
    #0 lru_pull_tail /home/alexey/tsan-experiments/nosql/memcached/memcached-tsan/items.c:1143:13 (memcached+0xfb8db)
    #1 lru_maintainer_juggle /home/alexey/tsan-experiments/nosql/memcached/memcached-tsan/items.c:1449:13 (memcached+0x1008d9)
    #2 lru_maintainer_thread /home/alexey/tsan-experiments/nosql/memcached/memcached-tsan/items.c:1645:29 (memcached+0x1008d9)

  Previous read of size 2 at 0x7fe58c5f6f3c by thread T14:
    #0 limited_get /home/alexey/tsan-experiments/nosql/memcached/memcached-tsan/memcached.c:2255:19 (memcached+0xeee06)
    #1 process_get_command /home/alexey/tsan-experiments/nosql/memcached/memcached-tsan/proto_text.c:581:18 (memcached+0x11331b)
    #2 process_command_ascii /home/alexey/tsan-experiments/nosql/memcached/memcached-tsan/proto_text.c (memcached+0x1102c0)
    #3 try_read_command_ascii /home/alexey/tsan-experiments/nosql/memcached/memcached-tsan/proto_text.c:494:5 (memcached+0x10faa1)
    #4 drive_machine /home/alexey/tsan-experiments/nosql/memcached/memcached-tsan/memcached.c:3193:17 (memcached+0xe65bb)
    #5 event_handler /home/alexey/tsan-experiments/nosql/memcached/memcached-tsan/memcached.c:3476:5 (memcached+0xea1af)
    #6 <null> <null> (libevent-2.1.so.7+0x20b3b) (BuildId: 79ee78eebaf1fabcfa2c5160e0b25a68bf3edce9)

  Location is heap block of size 1048576 at 0x7fe58c500000 allocated by thread T9:
    #0 malloc /extra/alexey/worktrees/perf/compiler-rt/lib/tsan/rtl/tsan_interceptors_posix.cpp:666:5 (memcached+0x625af)
    #1 memory_allocate /home/alexey/tsan-experiments/nosql/memcached/memcached-tsan/slabs.c:615:15 (memcached+0xfb05c)
    #2 do_slabs_newslab /home/alexey/tsan-experiments/nosql/memcached/memcached-tsan/slabs.c:386:17 (memcached+0xfb05c)
    #3 do_slabs_alloc /home/alexey/tsan-experiments/nosql/memcached/memcached-tsan/slabs.c:423:9 (memcached+0xf89b2)
    #4 slabs_alloc /home/alexey/tsan-experiments/nosql/memcached/memcached-tsan/slabs.c:661:11 (memcached+0xf89b2)
    #5 do_item_alloc_pull /home/alexey/tsan-experiments/nosql/memcached/memcached-tsan/items.c:181:14 (memcached+0xfb61e)
    #6 do_item_alloc /home/alexey/tsan-experiments/nosql/memcached/memcached-tsan/items.c:298:14 (memcached+0xfc505)
    #7 item_alloc /home/alexey/tsan-experiments/nosql/memcached/memcached-tsan/thread.c:876:10 (memcached+0x103842)
    #8 process_update_command /home/alexey/tsan-experiments/nosql/memcached/memcached-tsan/proto_text.c:2044:10 (memcached+0x113db1)
    #9 process_command_ascii /home/alexey/tsan-experiments/nosql/memcached/memcached-tsan/proto_text.c (memcached+0x110267)
    #10 try_read_command_ascii /home/alexey/tsan-experiments/nosql/memcached/memcached-tsan/proto_text.c:494:5 (memcached+0x10faa1)
    #11 try_read_command_negotiate /home/alexey/tsan-experiments/nosql/memcached/memcached-tsan/memcached.c:2427:12 (memcached+0xea0f7)
    #12 drive_machine /home/alexey/tsan-experiments/nosql/memcached/memcached-tsan/memcached.c:3193:17 (memcached+0xe65bb)
    #13 event_handler /home/alexey/tsan-experiments/nosql/memcached/memcached-tsan/memcached.c:3476:5 (memcached+0xea1af)
    #14 <null> <null> (libevent-2.1.so.7+0x20b3b) (BuildId: 79ee78eebaf1fabcfa2c5160e0b25a68bf3edce9)

  Mutex M0 (0x5613fca76cb0) created at:
    #0 pthread_mutex_lock /extra/alexey/worktrees/perf/compiler-rt/lib/tsan/rtl/tsan_interceptors_posix.cpp:1342:3 (memcached+0x65d4e)
    #1 start_lru_maintainer_thread /home/alexey/tsan-experiments/nosql/memcached/memcached-tsan/items.c:1725:5 (memcached+0x10032c)
    #2 main /home/alexey/tsan-experiments/nosql/memcached/memcached-tsan/memcached.c:6170:33 (memcached+0xf1b7b)

  Mutex M1 (0x5613fca780b0) created at:
    #0 pthread_mutex_init /extra/alexey/worktrees/perf/compiler-rt/lib/tsan/rtl/tsan_interceptors_posix.cpp:1316:3 (memcached+0x65a23)
    #1 memcached_thread_init /home/alexey/tsan-experiments/nosql/memcached/memcached-tsan/thread.c:1093:9 (memcached+0x104a9a)
    #2 main /home/alexey/tsan-experiments/nosql/memcached/memcached-tsan/memcached.c:6138:5 (memcached+0xf1b16)

  Mutex M2 (0x7fe5949023d8) created at:
    #0 pthread_mutex_init /extra/alexey/worktrees/perf/compiler-rt/lib/tsan/rtl/tsan_interceptors_posix.cpp:1316:3 (memcached+0x65a23)
    #1 memcached_thread_init /home/alexey/tsan-experiments/nosql/memcached/memcached-tsan/thread.c:1132:9 (memcached+0x104ba8)
    #2 main /home/alexey/tsan-experiments/nosql/memcached/memcached-tsan/memcached.c:6138:5 (memcached+0xf1b16)

  Thread T28 'mc-lrumaint' (tid=4178866, running) created by main thread at:
    #0 pthread_create /extra/alexey/worktrees/perf/compiler-rt/lib/tsan/rtl/tsan_interceptors_posix.cpp:1023:3 (memcached+0x640ef)
    #1 start_lru_maintainer_thread /home/alexey/tsan-experiments/nosql/memcached/memcached-tsan/items.c:1728:16 (memcached+0x100376)
    #2 main /home/alexey/tsan-experiments/nosql/memcached/memcached-tsan/memcached.c:6170:33 (memcached+0xf1b7b)

  Thread T14 'mc-worker' (tid=4178852, running) created by main thread at:
    #0 pthread_create /extra/alexey/worktrees/perf/compiler-rt/lib/tsan/rtl/tsan_interceptors_posix.cpp:1023:3 (memcached+0x640ef)
    #1 create_worker /home/alexey/tsan-experiments/nosql/memcached/memcached-tsan/thread.c:385:16 (memcached+0x10509e)
    #2 memcached_thread_init /home/alexey/tsan-experiments/nosql/memcached/memcached-tsan/thread.c:1155:9 (memcached+0x10509e)
    #3 main /home/alexey/tsan-experiments/nosql/memcached/memcached-tsan/memcached.c:6138:5 (memcached+0xf1b16)

  Thread T9 'mc-worker' (tid=4178847, running) created by main thread at:
    #0 pthread_create /extra/alexey/worktrees/perf/compiler-rt/lib/tsan/rtl/tsan_interceptors_posix.cpp:1023:3 (memcached+0x640ef)
    #1 create_worker /home/alexey/tsan-experiments/nosql/memcached/memcached-tsan/thread.c:385:16 (memcached+0x10509e)
    #2 memcached_thread_init /home/alexey/tsan-experiments/nosql/memcached/memcached-tsan/thread.c:1155:9 (memcached+0x10509e)
    #3 main /home/alexey/tsan-experiments/nosql/memcached/memcached-tsan/memcached.c:6138:5 (memcached+0xf1b16)

SUMMARY: ThreadSanitizer: data race /home/alexey/tsan-experiments/nosql/memcached/memcached-tsan/items.c:1143:13 in lru_pull_tail
==================
==================
WARNING: ThreadSanitizer: data race (pid=4178837)
  Read of size 2 at 0x7fe58c5f6f3e by thread T18:
    #0 item_remove /home/alexey/tsan-experiments/nosql/memcached/memcached-tsan/thread.c:921:15 (memcached+0x103b62)
    #1 resp_finish /home/alexey/tsan-experiments/nosql/memcached/memcached-tsan/memcached.c:1237:9 (memcached+0xea3c1)
    #2 _transmit_post /home/alexey/tsan-experiments/nosql/memcached/memcached-tsan/memcached.c (memcached+0xe6c7d)
    #3 transmit /home/alexey/tsan-experiments/nosql/memcached/memcached-tsan/memcached.c:2773:9 (memcached+0xe6c7d)
    #4 drive_machine /home/alexey/tsan-experiments/nosql/memcached/memcached-tsan/memcached.c:3394:45 (memcached+0xe6c7d)
    #5 event_handler /home/alexey/tsan-experiments/nosql/memcached/memcached-tsan/memcached.c:3476:5 (memcached+0xea1af)
    #6 <null> <null> (libevent-2.1.so.7+0x20b3b) (BuildId: 79ee78eebaf1fabcfa2c5160e0b25a68bf3edce9)

  Previous write of size 2 at 0x7fe58c5f6f3e by thread T28 (mutexes: write M0, write M1, write M2):
    #0 lru_pull_tail /home/alexey/tsan-experiments/nosql/memcached/memcached-tsan/items.c:1191:38 (memcached+0xfbae9)
    #1 lru_maintainer_juggle /home/alexey/tsan-experiments/nosql/memcached/memcached-tsan/items.c:1449:13 (memcached+0x1008d9)
    #2 lru_maintainer_thread /home/alexey/tsan-experiments/nosql/memcached/memcached-tsan/items.c:1645:29 (memcached+0x1008d9)

  Location is heap block of size 1048576 at 0x7fe58c500000 allocated by thread T9:
    #0 malloc /extra/alexey/worktrees/perf/compiler-rt/lib/tsan/rtl/tsan_interceptors_posix.cpp:666:5 (memcached+0x625af)
    #1 memory_allocate /home/alexey/tsan-experiments/nosql/memcached/memcached-tsan/slabs.c:615:15 (memcached+0xfb05c)
    #2 do_slabs_newslab /home/alexey/tsan-experiments/nosql/memcached/memcached-tsan/slabs.c:386:17 (memcached+0xfb05c)
    #3 do_slabs_alloc /home/alexey/tsan-experiments/nosql/memcached/memcached-tsan/slabs.c:423:9 (memcached+0xf89b2)
    #4 slabs_alloc /home/alexey/tsan-experiments/nosql/memcached/memcached-tsan/slabs.c:661:11 (memcached+0xf89b2)
    #5 do_item_alloc_pull /home/alexey/tsan-experiments/nosql/memcached/memcached-tsan/items.c:181:14 (memcached+0xfb61e)
    #6 do_item_alloc /home/alexey/tsan-experiments/nosql/memcached/memcached-tsan/items.c:298:14 (memcached+0xfc505)
    #7 item_alloc /home/alexey/tsan-experiments/nosql/memcached/memcached-tsan/thread.c:876:10 (memcached+0x103842)
    #8 process_update_command /home/alexey/tsan-experiments/nosql/memcached/memcached-tsan/proto_text.c:2044:10 (memcached+0x113db1)
    #9 process_command_ascii /home/alexey/tsan-experiments/nosql/memcached/memcached-tsan/proto_text.c (memcached+0x110267)
    #10 try_read_command_ascii /home/alexey/tsan-experiments/nosql/memcached/memcached-tsan/proto_text.c:494:5 (memcached+0x10faa1)
    #11 try_read_command_negotiate /home/alexey/tsan-experiments/nosql/memcached/memcached-tsan/memcached.c:2427:12 (memcached+0xea0f7)
    #12 drive_machine /home/alexey/tsan-experiments/nosql/memcached/memcached-tsan/memcached.c:3193:17 (memcached+0xe65bb)
    #13 event_handler /home/alexey/tsan-experiments/nosql/memcached/memcached-tsan/memcached.c:3476:5 (memcached+0xea1af)
    #14 <null> <null> (libevent-2.1.so.7+0x20b3b) (BuildId: 79ee78eebaf1fabcfa2c5160e0b25a68bf3edce9)

  Mutex M0 (0x5613fca76cb0) created at:
    #0 pthread_mutex_lock /extra/alexey/worktrees/perf/compiler-rt/lib/tsan/rtl/tsan_interceptors_posix.cpp:1342:3 (memcached+0x65d4e)
    #1 start_lru_maintainer_thread /home/alexey/tsan-experiments/nosql/memcached/memcached-tsan/items.c:1725:5 (memcached+0x10032c)
    #2 main /home/alexey/tsan-experiments/nosql/memcached/memcached-tsan/memcached.c:6170:33 (memcached+0xf1b7b)

  Mutex M1 (0x5613fca780b0) created at:
    #0 pthread_mutex_init /extra/alexey/worktrees/perf/compiler-rt/lib/tsan/rtl/tsan_interceptors_posix.cpp:1316:3 (memcached+0x65a23)
    #1 memcached_thread_init /home/alexey/tsan-experiments/nosql/memcached/memcached-tsan/thread.c:1093:9 (memcached+0x104a9a)
    #2 main /home/alexey/tsan-experiments/nosql/memcached/memcached-tsan/memcached.c:6138:5 (memcached+0xf1b16)

  Mutex M2 (0x7fe5949023d8) created at:
    #0 pthread_mutex_init /extra/alexey/worktrees/perf/compiler-rt/lib/tsan/rtl/tsan_interceptors_posix.cpp:1316:3 (memcached+0x65a23)
    #1 memcached_thread_init /home/alexey/tsan-experiments/nosql/memcached/memcached-tsan/thread.c:1132:9 (memcached+0x104ba8)
    #2 main /home/alexey/tsan-experiments/nosql/memcached/memcached-tsan/memcached.c:6138:5 (memcached+0xf1b16)

  Thread T18 'mc-worker' (tid=4178856, running) created by main thread at:
    #0 pthread_create /extra/alexey/worktrees/perf/compiler-rt/lib/tsan/rtl/tsan_interceptors_posix.cpp:1023:3 (memcached+0x640ef)
    #1 create_worker /home/alexey/tsan-experiments/nosql/memcached/memcached-tsan/thread.c:385:16 (memcached+0x10509e)
    #2 memcached_thread_init /home/alexey/tsan-experiments/nosql/memcached/memcached-tsan/thread.c:1155:9 (memcached+0x10509e)
    #3 main /home/alexey/tsan-experiments/nosql/memcached/memcached-tsan/memcached.c:6138:5 (memcached+0xf1b16)

  Thread T28 'mc-lrumaint' (tid=4178866, running) created by main thread at:
    #0 pthread_create /extra/alexey/worktrees/perf/compiler-rt/lib/tsan/rtl/tsan_interceptors_posix.cpp:1023:3 (memcached+0x640ef)
    #1 start_lru_maintainer_thread /home/alexey/tsan-experiments/nosql/memcached/memcached-tsan/items.c:1728:16 (memcached+0x100376)
    #2 main /home/alexey/tsan-experiments/nosql/memcached/memcached-tsan/memcached.c:6170:33 (memcached+0xf1b7b)

  Thread T9 'mc-worker' (tid=4178847, running) created by main thread at:
    #0 pthread_create /extra/alexey/worktrees/perf/compiler-rt/lib/tsan/rtl/tsan_interceptors_posix.cpp:1023:3 (memcached+0x640ef)
    #1 create_worker /home/alexey/tsan-experiments/nosql/memcached/memcached-tsan/thread.c:385:16 (memcached+0x10509e)
    #2 memcached_thread_init /home/alexey/tsan-experiments/nosql/memcached/memcached-tsan/thread.c:1155:9 (memcached+0x10509e)
    #3 main /home/alexey/tsan-experiments/nosql/memcached/memcached-tsan/memcached.c:6138:5 (memcached+0xf1b16)

SUMMARY: ThreadSanitizer: data race /home/alexey/tsan-experiments/nosql/memcached/memcached-tsan/thread.c:921:15 in item_remove
==================
==================
WARNING: ThreadSanitizer: data race (pid=4178837)
  Write of size 4 at 0x5613fca69928 by main thread:
    #0 clock_handler /home/alexey/tsan-experiments/nosql/memcached/memcached-tsan/memcached.c (memcached+0xf440e)
    #1 <null> <null> (libevent-2.1.so.7+0x20a57) (BuildId: 79ee78eebaf1fabcfa2c5160e0b25a68bf3edce9)
    #2 __libc_start_call_main csu/../sysdeps/nptl/libc_start_call_main.h:58:16 (libc.so.6+0x2a1c9) (BuildId: 282c2c16e7b6600b0b22ea0c99010d2795752b5f)

  Previous read of size 4 at 0x5613fca69928 by thread T12 (mutexes: write M0):
    #0 do_item_link /home/alexey/tsan-experiments/nosql/memcached/memcached-tsan/items.c:495:16 (memcached+0xfcb8d)
    #1 do_item_replace /home/alexey/tsan-experiments/nosql/memcached/memcached-tsan/items.c:590:12 (memcached+0xfda62)
    #2 item_replace /home/alexey/tsan-experiments/nosql/memcached/memcached-tsan/thread.c:934:12 (memcached+0x103c5b)
    #3 do_store_item /home/alexey/tsan-experiments/nosql/memcached/memcached-tsan/memcached.c:1715:13 (memcached+0xec1b2)
    #4 store_item /home/alexey/tsan-experiments/nosql/memcached/memcached-tsan/thread.c:974:11 (memcached+0x103f82)
    #5 complete_nread_ascii /home/alexey/tsan-experiments/nosql/memcached/memcached-tsan/proto_text.c:184:13 (memcached+0x10ee83)
    #6 complete_nread /home/alexey/tsan-experiments/nosql/memcached/memcached-tsan/memcached.c:1485:9 (memcached+0xe70be)
    #7 drive_machine /home/alexey/tsan-experiments/nosql/memcached/memcached-tsan/memcached.c:3239:17 (memcached+0xe70be)
    #8 event_handler /home/alexey/tsan-experiments/nosql/memcached/memcached-tsan/memcached.c:3476:5 (memcached+0xea1af)
    #9 <null> <null> (libevent-2.1.so.7+0x20b3b) (BuildId: 79ee78eebaf1fabcfa2c5160e0b25a68bf3edce9)

  Location is global 'current_time' of size 4 at 0x5613fca69928 (memcached+0x14e0928)

  Mutex M0 (0x7fe5949e4dc8) created at:
    #0 pthread_mutex_init /extra/alexey/worktrees/perf/compiler-rt/lib/tsan/rtl/tsan_interceptors_posix.cpp:1316:3 (memcached+0x65a23)
    #1 memcached_thread_init /home/alexey/tsan-experiments/nosql/memcached/memcached-tsan/thread.c:1132:9 (memcached+0x104ba8)
    #2 main /home/alexey/tsan-experiments/nosql/memcached/memcached-tsan/memcached.c:6138:5 (memcached+0xf1b16)

  Thread T12 'mc-worker' (tid=4178850, running) created by main thread at:
    #0 pthread_create /extra/alexey/worktrees/perf/compiler-rt/lib/tsan/rtl/tsan_interceptors_posix.cpp:1023:3 (memcached+0x640ef)
    #1 create_worker /home/alexey/tsan-experiments/nosql/memcached/memcached-tsan/thread.c:385:16 (memcached+0x10509e)
    #2 memcached_thread_init /home/alexey/tsan-experiments/nosql/memcached/memcached-tsan/thread.c:1155:9 (memcached+0x10509e)
    #3 main /home/alexey/tsan-experiments/nosql/memcached/memcached-tsan/memcached.c:6138:5 (memcached+0xf1b16)

SUMMARY: ThreadSanitizer: data race /home/alexey/tsan-experiments/nosql/memcached/memcached-tsan/memcached.c in clock_handler
==================
==================
WARNING: ThreadSanitizer: data race (pid=4178837)
  Write of size 2 at 0x7fe58c5d27a4 by thread T24 (mutexes: write M0):
    #0 do_item_remove /home/alexey/tsan-experiments/nosql/memcached/memcached-tsan/items.c:549:9 (memcached+0xfd250)
    #1 item_remove /home/alexey/tsan-experiments/nosql/memcached/memcached-tsan/thread.c:924:5 (memcached+0x103be3)
    #2 resp_finish /home/alexey/tsan-experiments/nosql/memcached/memcached-tsan/memcached.c:1237:9 (memcached+0xea3c1)
    #3 _transmit_post /home/alexey/tsan-experiments/nosql/memcached/memcached-tsan/memcached.c (memcached+0xe6c7d)
    #4 transmit /home/alexey/tsan-experiments/nosql/memcached/memcached-tsan/memcached.c:2773:9 (memcached+0xe6c7d)
    #5 drive_machine /home/alexey/tsan-experiments/nosql/memcached/memcached-tsan/memcached.c:3394:45 (memcached+0xe6c7d)
    #6 event_handler /home/alexey/tsan-experiments/nosql/memcached/memcached-tsan/memcached.c:3476:5 (memcached+0xea1af)
    #7 <null> <null> (libevent-2.1.so.7+0x20b3b) (BuildId: 79ee78eebaf1fabcfa2c5160e0b25a68bf3edce9)

  Previous read of size 2 at 0x7fe58c5d27a4 by thread T6:
    #0 limited_get /home/alexey/tsan-experiments/nosql/memcached/memcached-tsan/memcached.c:2255:19 (memcached+0xeee06)
    #1 process_get_command /home/alexey/tsan-experiments/nosql/memcached/memcached-tsan/proto_text.c:581:18 (memcached+0x11331b)
    #2 process_command_ascii /home/alexey/tsan-experiments/nosql/memcached/memcached-tsan/proto_text.c (memcached+0x1102c0)
    #3 try_read_command_ascii /home/alexey/tsan-experiments/nosql/memcached/memcached-tsan/proto_text.c:494:5 (memcached+0x10faa1)
    #4 drive_machine /home/alexey/tsan-experiments/nosql/memcached/memcached-tsan/memcached.c:3193:17 (memcached+0xe65bb)
    #5 event_handler /home/alexey/tsan-experiments/nosql/memcached/memcached-tsan/memcached.c:3476:5 (memcached+0xea1af)
    #6 <null> <null> (libevent-2.1.so.7+0x20b3b) (BuildId: 79ee78eebaf1fabcfa2c5160e0b25a68bf3edce9)

  Location is heap block of size 1048576 at 0x7fe58c500000 allocated by thread T9:
    #0 malloc /extra/alexey/worktrees/perf/compiler-rt/lib/tsan/rtl/tsan_interceptors_posix.cpp:666:5 (memcached+0x625af)
    #1 memory_allocate /home/alexey/tsan-experiments/nosql/memcached/memcached-tsan/slabs.c:615:15 (memcached+0xfb05c)
    #2 do_slabs_newslab /home/alexey/tsan-experiments/nosql/memcached/memcached-tsan/slabs.c:386:17 (memcached+0xfb05c)
    #3 do_slabs_alloc /home/alexey/tsan-experiments/nosql/memcached/memcached-tsan/slabs.c:423:9 (memcached+0xf89b2)
    #4 slabs_alloc /home/alexey/tsan-experiments/nosql/memcached/memcached-tsan/slabs.c:661:11 (memcached+0xf89b2)
    #5 do_item_alloc_pull /home/alexey/tsan-experiments/nosql/memcached/memcached-tsan/items.c:181:14 (memcached+0xfb61e)
    #6 do_item_alloc /home/alexey/tsan-experiments/nosql/memcached/memcached-tsan/items.c:298:14 (memcached+0xfc505)
    #7 item_alloc /home/alexey/tsan-experiments/nosql/memcached/memcached-tsan/thread.c:876:10 (memcached+0x103842)
    #8 process_update_command /home/alexey/tsan-experiments/nosql/memcached/memcached-tsan/proto_text.c:2044:10 (memcached+0x113db1)
    #9 process_command_ascii /home/alexey/tsan-experiments/nosql/memcached/memcached-tsan/proto_text.c (memcached+0x110267)
    #10 try_read_command_ascii /home/alexey/tsan-experiments/nosql/memcached/memcached-tsan/proto_text.c:494:5 (memcached+0x10faa1)
    #11 try_read_command_negotiate /home/alexey/tsan-experiments/nosql/memcached/memcached-tsan/memcached.c:2427:12 (memcached+0xea0f7)
    #12 drive_machine /home/alexey/tsan-experiments/nosql/memcached/memcached-tsan/memcached.c:3193:17 (memcached+0xe65bb)
    #13 event_handler /home/alexey/tsan-experiments/nosql/memcached/memcached-tsan/memcached.c:3476:5 (memcached+0xea1af)
    #14 <null> <null> (libevent-2.1.so.7+0x20b3b) (BuildId: 79ee78eebaf1fabcfa2c5160e0b25a68bf3edce9)

  Mutex M0 (0x7fe5948dde98) created at:
    #0 pthread_mutex_init /extra/alexey/worktrees/perf/compiler-rt/lib/tsan/rtl/tsan_interceptors_posix.cpp:1316:3 (memcached+0x65a23)
    #1 memcached_thread_init /home/alexey/tsan-experiments/nosql/memcached/memcached-tsan/thread.c:1132:9 (memcached+0x104ba8)
    #2 main /home/alexey/tsan-experiments/nosql/memcached/memcached-tsan/memcached.c:6138:5 (memcached+0xf1b16)

  Thread T24 'mc-worker' (tid=4178862, running) created by main thread at:
    #0 pthread_create /extra/alexey/worktrees/perf/compiler-rt/lib/tsan/rtl/tsan_interceptors_posix.cpp:1023:3 (memcached+0x640ef)
    #1 create_worker /home/alexey/tsan-experiments/nosql/memcached/memcached-tsan/thread.c:385:16 (memcached+0x10509e)
    #2 memcached_thread_init /home/alexey/tsan-experiments/nosql/memcached/memcached-tsan/thread.c:1155:9 (memcached+0x10509e)
    #3 main /home/alexey/tsan-experiments/nosql/memcached/memcached-tsan/memcached.c:6138:5 (memcached+0xf1b16)

  Thread T6 'mc-worker' (tid=4178844, running) created by main thread at:
    #0 pthread_create /extra/alexey/worktrees/perf/compiler-rt/lib/tsan/rtl/tsan_interceptors_posix.cpp:1023:3 (memcached+0x640ef)
    #1 create_worker /home/alexey/tsan-experiments/nosql/memcached/memcached-tsan/thread.c:385:16 (memcached+0x10509e)
    #2 memcached_thread_init /home/alexey/tsan-experiments/nosql/memcached/memcached-tsan/thread.c:1155:9 (memcached+0x10509e)
    #3 main /home/alexey/tsan-experiments/nosql/memcached/memcached-tsan/memcached.c:6138:5 (memcached+0xf1b16)

  Thread T9 'mc-worker' (tid=4178847, running) created by main thread at:
    #0 pthread_create /extra/alexey/worktrees/perf/compiler-rt/lib/tsan/rtl/tsan_interceptors_posix.cpp:1023:3 (memcached+0x640ef)
    #1 create_worker /home/alexey/tsan-experiments/nosql/memcached/memcached-tsan/thread.c:385:16 (memcached+0x10509e)
    #2 memcached_thread_init /home/alexey/tsan-experiments/nosql/memcached/memcached-tsan/thread.c:1155:9 (memcached+0x10509e)
    #3 main /home/alexey/tsan-experiments/nosql/memcached/memcached-tsan/memcached.c:6138:5 (memcached+0xf1b16)

SUMMARY: ThreadSanitizer: data race /home/alexey/tsan-experiments/nosql/memcached/memcached-tsan/items.c:549:9 in do_item_remove
==================
ThreadSanitizer: reported 35 warnings
