==================
WARNING: ThreadSanitizer: data race (pid=4179300)
  Read of size 4 at 0x555556a47928 by thread T28 (mutexes: write M0):
    #0 lru_maintainer_thread /home/alexey/tsan-experiments/nosql/memcached/memcached-tsan-sound-stmt/items.c:1671:59 (memcached+0x108ac7)

  Previous write of size 4 at 0x555556a47928 by main thread:
    #0 clock_handler /home/alexey/tsan-experiments/nosql/memcached/memcached-tsan-sound-stmt/memcached.c:4039:22 (memcached+0xf8be0)
    #1 main /home/alexey/tsan-experiments/nosql/memcached/memcached-tsan-sound-stmt/memcached.c:6208:5 (memcached+0xf5a17)

  As if synchronized via sleep:
    #0 usleep /extra/alexey/worktrees/perf/compiler-rt/lib/tsan/rtl/tsan_interceptors_posix.cpp:391:3 (memcached+0x611ee)
    #1 lru_maintainer_thread /home/alexey/tsan-experiments/nosql/memcached/memcached-tsan-sound-stmt/items.c:1624:13 (memcached+0x108279)

  Location is global 'current_time' of size 4 at 0x555556a47928 (memcached+0x14f3928)

  Mutex M0 (0x555556a54cb0) created at:
    #0 pthread_mutex_lock /extra/alexey/worktrees/perf/compiler-rt/lib/tsan/rtl/tsan_interceptors_posix.cpp:1342:3 (memcached+0x65d4e)
    #1 start_lru_maintainer_thread /home/alexey/tsan-experiments/nosql/memcached/memcached-tsan-sound-stmt/items.c:1725:5 (memcached+0x107e0c)
    #2 main /home/alexey/tsan-experiments/nosql/memcached/memcached-tsan-sound-stmt/memcached.c:6170:33 (memcached+0xf5873)

  Thread T28 'mc-lrumaint' (tid=4179329, running) created by main thread at:
    #0 pthread_create /extra/alexey/worktrees/perf/compiler-rt/lib/tsan/rtl/tsan_interceptors_posix.cpp:1023:3 (memcached+0x640ef)
    #1 start_lru_maintainer_thread /home/alexey/tsan-experiments/nosql/memcached/memcached-tsan-sound-stmt/items.c:1728:16 (memcached+0x107e6d)
    #2 main /home/alexey/tsan-experiments/nosql/memcached/memcached-tsan-sound-stmt/memcached.c:6170:33 (memcached+0xf5873)

SUMMARY: ThreadSanitizer: data race /home/alexey/tsan-experiments/nosql/memcached/memcached-tsan-sound-stmt/items.c:1671:59 in lru_maintainer_thread
==================
==================
WARNING: ThreadSanitizer: data race (pid=4179300)
  Read of size 8 at 0x72b000008410 by thread T3:
    #0 conn_new /home/alexey/tsan-experiments/nosql/memcached/memcached-tsan-sound-stmt/memcached.c:653:9 (memcached+0xeb259)
    #1 thread_libevent_process /home/alexey/tsan-experiments/nosql/memcached/memcached-tsan-sound-stmt/thread.c:624:21 (memcached+0x10ec7d)
    #2 <null> <null> (libevent-2.1.so.7+0x20b3b) (BuildId: 79ee78eebaf1fabcfa2c5160e0b25a68bf3edce9)

  Previous write of size 8 at 0x72b000008410 by thread T2:
    #0 conn_new /home/alexey/tsan-experiments/nosql/memcached/memcached-tsan-sound-stmt/memcached.c:691:20 (memcached+0xeb346)
    #1 thread_libevent_process /home/alexey/tsan-experiments/nosql/memcached/memcached-tsan-sound-stmt/thread.c:624:21 (memcached+0x10ec7d)
    #2 <null> <null> (libevent-2.1.so.7+0x20b3b) (BuildId: 79ee78eebaf1fabcfa2c5160e0b25a68bf3edce9)

  Location is heap block of size 32768 at 0x72b000008000 allocated by main thread:
    #0 calloc /extra/alexey/worktrees/perf/compiler-rt/lib/tsan/rtl/tsan_interceptors_posix.cpp:686:5 (memcached+0x6282a)
    #1 conn_init /home/alexey/tsan-experiments/nosql/memcached/memcached-tsan-sound-stmt/memcached.c:488:18 (memcached+0xf5526)
    #2 main /home/alexey/tsan-experiments/nosql/memcached/memcached-tsan-sound-stmt/memcached.c:6058:5 (memcached+0xf5526)

  Thread T3 'mc-worker' (tid=4179304, running) created by main thread at:
    #0 pthread_create /extra/alexey/worktrees/perf/compiler-rt/lib/tsan/rtl/tsan_interceptors_posix.cpp:1023:3 (memcached+0x640ef)
    #1 create_worker /home/alexey/tsan-experiments/nosql/memcached/memcached-tsan-sound-stmt/thread.c:385:16 (memcached+0x10e594)
    #2 memcached_thread_init /home/alexey/tsan-experiments/nosql/memcached/memcached-tsan-sound-stmt/thread.c:1155:9 (memcached+0x10e594)
    #3 main /home/alexey/tsan-experiments/nosql/memcached/memcached-tsan-sound-stmt/memcached.c:6138:5 (memcached+0xf580e)

  Thread T2 'mc-worker' (tid=4179303, running) created by main thread at:
    #0 pthread_create /extra/alexey/worktrees/perf/compiler-rt/lib/tsan/rtl/tsan_interceptors_posix.cpp:1023:3 (memcached+0x640ef)
    #1 create_worker /home/alexey/tsan-experiments/nosql/memcached/memcached-tsan-sound-stmt/thread.c:385:16 (memcached+0x10e594)
    #2 memcached_thread_init /home/alexey/tsan-experiments/nosql/memcached/memcached-tsan-sound-stmt/thread.c:1155:9 (memcached+0x10e594)
    #3 main /home/alexey/tsan-experiments/nosql/memcached/memcached-tsan-sound-stmt/memcached.c:6138:5 (memcached+0xf580e)

SUMMARY: ThreadSanitizer: data race /home/alexey/tsan-experiments/nosql/memcached/memcached-tsan-sound-stmt/memcached.c:653:9 in conn_new
==================
==================
WARNING: ThreadSanitizer: data race (pid=4179300)
  Write of size 4 at 0x725000010140 by thread T3:
    #0 conn_new /home/alexey/tsan-experiments/nosql/memcached/memcached-tsan-sound-stmt/memcached.c:694:18 (memcached+0xeb362)
    #1 thread_libevent_process /home/alexey/tsan-experiments/nosql/memcached/memcached-tsan-sound-stmt/thread.c:624:21 (memcached+0x10ec7d)
    #2 <null> <null> (libevent-2.1.so.7+0x20b3b) (BuildId: 79ee78eebaf1fabcfa2c5160e0b25a68bf3edce9)

  Previous write of size 8 at 0x725000010140 by thread T2:
    #0 calloc /extra/alexey/worktrees/perf/compiler-rt/lib/tsan/rtl/tsan_interceptors_posix.cpp:686:5 (memcached+0x6282a)
    #1 conn_new /home/alexey/tsan-experiments/nosql/memcached/memcached-tsan-sound-stmt/memcached.c:656:27 (memcached+0xeb278)
    #2 thread_libevent_process /home/alexey/tsan-experiments/nosql/memcached/memcached-tsan-sound-stmt/thread.c:624:21 (memcached+0x10ec7d)
    #3 <null> <null> (libevent-2.1.so.7+0x20b3b) (BuildId: 79ee78eebaf1fabcfa2c5160e0b25a68bf3edce9)

  Location is heap block of size 496 at 0x725000010000 allocated by thread T2:
    #0 calloc /extra/alexey/worktrees/perf/compiler-rt/lib/tsan/rtl/tsan_interceptors_posix.cpp:686:5 (memcached+0x6282a)
    #1 conn_new /home/alexey/tsan-experiments/nosql/memcached/memcached-tsan-sound-stmt/memcached.c:656:27 (memcached+0xeb278)
    #2 thread_libevent_process /home/alexey/tsan-experiments/nosql/memcached/memcached-tsan-sound-stmt/thread.c:624:21 (memcached+0x10ec7d)
    #3 <null> <null> (libevent-2.1.so.7+0x20b3b) (BuildId: 79ee78eebaf1fabcfa2c5160e0b25a68bf3edce9)

  Thread T3 'mc-worker' (tid=4179304, running) created by main thread at:
    #0 pthread_create /extra/alexey/worktrees/perf/compiler-rt/lib/tsan/rtl/tsan_interceptors_posix.cpp:1023:3 (memcached+0x640ef)
    #1 create_worker /home/alexey/tsan-experiments/nosql/memcached/memcached-tsan-sound-stmt/thread.c:385:16 (memcached+0x10e594)
    #2 memcached_thread_init /home/alexey/tsan-experiments/nosql/memcached/memcached-tsan-sound-stmt/thread.c:1155:9 (memcached+0x10e594)
    #3 main /home/alexey/tsan-experiments/nosql/memcached/memcached-tsan-sound-stmt/memcached.c:6138:5 (memcached+0xf580e)

  Thread T2 'mc-worker' (tid=4179303, running) created by main thread at:
    #0 pthread_create /extra/alexey/worktrees/perf/compiler-rt/lib/tsan/rtl/tsan_interceptors_posix.cpp:1023:3 (memcached+0x640ef)
    #1 create_worker /home/alexey/tsan-experiments/nosql/memcached/memcached-tsan-sound-stmt/thread.c:385:16 (memcached+0x10e594)
    #2 memcached_thread_init /home/alexey/tsan-experiments/nosql/memcached/memcached-tsan-sound-stmt/thread.c:1155:9 (memcached+0x10e594)
    #3 main /home/alexey/tsan-experiments/nosql/memcached/memcached-tsan-sound-stmt/memcached.c:6138:5 (memcached+0xf580e)

SUMMARY: ThreadSanitizer: data race /home/alexey/tsan-experiments/nosql/memcached/memcached-tsan-sound-stmt/memcached.c:694:18 in conn_new
==================
==================
WARNING: ThreadSanitizer: data race (pid=4179300)
  Write of size 4 at 0x72500001013c by thread T3:
    #0 conn_new /home/alexey/tsan-experiments/nosql/memcached/memcached-tsan-sound-stmt/memcached.c:695:17 (memcached+0xeb386)
    #1 thread_libevent_process /home/alexey/tsan-experiments/nosql/memcached/memcached-tsan-sound-stmt/thread.c:624:21 (memcached+0x10ec7d)
    #2 <null> <null> (libevent-2.1.so.7+0x20b3b) (BuildId: 79ee78eebaf1fabcfa2c5160e0b25a68bf3edce9)

  Previous write of size 8 at 0x725000010138 by thread T2:
    #0 calloc /extra/alexey/worktrees/perf/compiler-rt/lib/tsan/rtl/tsan_interceptors_posix.cpp:686:5 (memcached+0x6282a)
    #1 conn_new /home/alexey/tsan-experiments/nosql/memcached/memcached-tsan-sound-stmt/memcached.c:656:27 (memcached+0xeb278)
    #2 thread_libevent_process /home/alexey/tsan-experiments/nosql/memcached/memcached-tsan-sound-stmt/thread.c:624:21 (memcached+0x10ec7d)
    #3 <null> <null> (libevent-2.1.so.7+0x20b3b) (BuildId: 79ee78eebaf1fabcfa2c5160e0b25a68bf3edce9)

  Location is heap block of size 496 at 0x725000010000 allocated by thread T2:
    #0 calloc /extra/alexey/worktrees/perf/compiler-rt/lib/tsan/rtl/tsan_interceptors_posix.cpp:686:5 (memcached+0x6282a)
    #1 conn_new /home/alexey/tsan-experiments/nosql/memcached/memcached-tsan-sound-stmt/memcached.c:656:27 (memcached+0xeb278)
    #2 thread_libevent_process /home/alexey/tsan-experiments/nosql/memcached/memcached-tsan-sound-stmt/thread.c:624:21 (memcached+0x10ec7d)
    #3 <null> <null> (libevent-2.1.so.7+0x20b3b) (BuildId: 79ee78eebaf1fabcfa2c5160e0b25a68bf3edce9)

  Thread T3 'mc-worker' (tid=4179304, running) created by main thread at:
    #0 pthread_create /extra/alexey/worktrees/perf/compiler-rt/lib/tsan/rtl/tsan_interceptors_posix.cpp:1023:3 (memcached+0x640ef)
    #1 create_worker /home/alexey/tsan-experiments/nosql/memcached/memcached-tsan-sound-stmt/thread.c:385:16 (memcached+0x10e594)
    #2 memcached_thread_init /home/alexey/tsan-experiments/nosql/memcached/memcached-tsan-sound-stmt/thread.c:1155:9 (memcached+0x10e594)
    #3 main /home/alexey/tsan-experiments/nosql/memcached/memcached-tsan-sound-stmt/memcached.c:6138:5 (memcached+0xf580e)

  Thread T2 'mc-worker' (tid=4179303, running) created by main thread at:
    #0 pthread_create /extra/alexey/worktrees/perf/compiler-rt/lib/tsan/rtl/tsan_interceptors_posix.cpp:1023:3 (memcached+0x640ef)
    #1 create_worker /home/alexey/tsan-experiments/nosql/memcached/memcached-tsan-sound-stmt/thread.c:385:16 (memcached+0x10e594)
    #2 memcached_thread_init /home/alexey/tsan-experiments/nosql/memcached/memcached-tsan-sound-stmt/thread.c:1155:9 (memcached+0x10e594)
    #3 main /home/alexey/tsan-experiments/nosql/memcached/memcached-tsan-sound-stmt/memcached.c:6138:5 (memcached+0xf580e)

SUMMARY: ThreadSanitizer: data race /home/alexey/tsan-experiments/nosql/memcached/memcached-tsan-sound-stmt/memcached.c:695:17 in conn_new
==================
==================
WARNING: ThreadSanitizer: data race (pid=4179300)
  Write of size 8 at 0x7250000101a8 by thread T3:
    #0 conn_new /home/alexey/tsan-experiments/nosql/memcached/memcached-tsan-sound-stmt/memcached.c:696:12 (memcached+0xeb3ac)
    #1 thread_libevent_process /home/alexey/tsan-experiments/nosql/memcached/memcached-tsan-sound-stmt/thread.c:624:21 (memcached+0x10ec7d)
    #2 <null> <null> (libevent-2.1.so.7+0x20b3b) (BuildId: 79ee78eebaf1fabcfa2c5160e0b25a68bf3edce9)

  Previous write of size 8 at 0x7250000101a8 by thread T2:
    #0 conn_new /home/alexey/tsan-experiments/nosql/memcached/memcached-tsan-sound-stmt/memcached.c:696:12 (memcached+0xeb3ac)
    #1 thread_libevent_process /home/alexey/tsan-experiments/nosql/memcached/memcached-tsan-sound-stmt/thread.c:624:21 (memcached+0x10ec7d)
    #2 <null> <null> (libevent-2.1.so.7+0x20b3b) (BuildId: 79ee78eebaf1fabcfa2c5160e0b25a68bf3edce9)

  Location is heap block of size 496 at 0x725000010000 allocated by thread T2:
    #0 calloc /extra/alexey/worktrees/perf/compiler-rt/lib/tsan/rtl/tsan_interceptors_posix.cpp:686:5 (memcached+0x6282a)
    #1 conn_new /home/alexey/tsan-experiments/nosql/memcached/memcached-tsan-sound-stmt/memcached.c:656:27 (memcached+0xeb278)
    #2 thread_libevent_process /home/alexey/tsan-experiments/nosql/memcached/memcached-tsan-sound-stmt/thread.c:624:21 (memcached+0x10ec7d)
    #3 <null> <null> (libevent-2.1.so.7+0x20b3b) (BuildId: 79ee78eebaf1fabcfa2c5160e0b25a68bf3edce9)

  Thread T3 'mc-worker' (tid=4179304, running) created by main thread at:
    #0 pthread_create /extra/alexey/worktrees/perf/compiler-rt/lib/tsan/rtl/tsan_interceptors_posix.cpp:1023:3 (memcached+0x640ef)
    #1 create_worker /home/alexey/tsan-experiments/nosql/memcached/memcached-tsan-sound-stmt/thread.c:385:16 (memcached+0x10e594)
    #2 memcached_thread_init /home/alexey/tsan-experiments/nosql/memcached/memcached-tsan-sound-stmt/thread.c:1155:9 (memcached+0x10e594)
    #3 main /home/alexey/tsan-experiments/nosql/memcached/memcached-tsan-sound-stmt/memcached.c:6138:5 (memcached+0xf580e)

  Thread T2 'mc-worker' (tid=4179303, running) created by main thread at:
    #0 pthread_create /extra/alexey/worktrees/perf/compiler-rt/lib/tsan/rtl/tsan_interceptors_posix.cpp:1023:3 (memcached+0x640ef)
    #1 create_worker /home/alexey/tsan-experiments/nosql/memcached/memcached-tsan-sound-stmt/thread.c:385:16 (memcached+0x10e594)
    #2 memcached_thread_init /home/alexey/tsan-experiments/nosql/memcached/memcached-tsan-sound-stmt/thread.c:1155:9 (memcached+0x10e594)
    #3 main /home/alexey/tsan-experiments/nosql/memcached/memcached-tsan-sound-stmt/memcached.c:6138:5 (memcached+0xf580e)

SUMMARY: ThreadSanitizer: data race /home/alexey/tsan-experiments/nosql/memcached/memcached-tsan-sound-stmt/memcached.c:696:12 in conn_new
==================
==================
WARNING: ThreadSanitizer: data race (pid=4179300)
  Write of size 4 at 0x725000010168 by thread T3:
    #0 conn_new /home/alexey/tsan-experiments/nosql/memcached/memcached-tsan-sound-stmt/memcached.c (memcached+0xeb3ea)
    #1 thread_libevent_process /home/alexey/tsan-experiments/nosql/memcached/memcached-tsan-sound-stmt/thread.c:624:21 (memcached+0x10ec7d)
    #2 <null> <null> (libevent-2.1.so.7+0x20b3b) (BuildId: 79ee78eebaf1fabcfa2c5160e0b25a68bf3edce9)

  Previous write of size 8 at 0x725000010168 by thread T2:
    #0 calloc /extra/alexey/worktrees/perf/compiler-rt/lib/tsan/rtl/tsan_interceptors_posix.cpp:686:5 (memcached+0x6282a)
    #1 conn_new /home/alexey/tsan-experiments/nosql/memcached/memcached-tsan-sound-stmt/memcached.c:656:27 (memcached+0xeb278)
    #2 thread_libevent_process /home/alexey/tsan-experiments/nosql/memcached/memcached-tsan-sound-stmt/thread.c:624:21 (memcached+0x10ec7d)
    #3 <null> <null> (libevent-2.1.so.7+0x20b3b) (BuildId: 79ee78eebaf1fabcfa2c5160e0b25a68bf3edce9)

  Location is heap block of size 496 at 0x725000010000 allocated by thread T2:
    #0 calloc /extra/alexey/worktrees/perf/compiler-rt/lib/tsan/rtl/tsan_interceptors_posix.cpp:686:5 (memcached+0x6282a)
    #1 conn_new /home/alexey/tsan-experiments/nosql/memcached/memcached-tsan-sound-stmt/memcached.c:656:27 (memcached+0xeb278)
    #2 thread_libevent_process /home/alexey/tsan-experiments/nosql/memcached/memcached-tsan-sound-stmt/thread.c:624:21 (memcached+0x10ec7d)
    #3 <null> <null> (libevent-2.1.so.7+0x20b3b) (BuildId: 79ee78eebaf1fabcfa2c5160e0b25a68bf3edce9)

  Thread T3 'mc-worker' (tid=4179304, running) created by main thread at:
    #0 pthread_create /extra/alexey/worktrees/perf/compiler-rt/lib/tsan/rtl/tsan_interceptors_posix.cpp:1023:3 (memcached+0x640ef)
    #1 create_worker /home/alexey/tsan-experiments/nosql/memcached/memcached-tsan-sound-stmt/thread.c:385:16 (memcached+0x10e594)
    #2 memcached_thread_init /home/alexey/tsan-experiments/nosql/memcached/memcached-tsan-sound-stmt/thread.c:1155:9 (memcached+0x10e594)
    #3 main /home/alexey/tsan-experiments/nosql/memcached/memcached-tsan-sound-stmt/memcached.c:6138:5 (memcached+0xf580e)

  Thread T2 'mc-worker' (tid=4179303, running) created by main thread at:
    #0 pthread_create /extra/alexey/worktrees/perf/compiler-rt/lib/tsan/rtl/tsan_interceptors_posix.cpp:1023:3 (memcached+0x640ef)
    #1 create_worker /home/alexey/tsan-experiments/nosql/memcached/memcached-tsan-sound-stmt/thread.c:385:16 (memcached+0x10e594)
    #2 memcached_thread_init /home/alexey/tsan-experiments/nosql/memcached/memcached-tsan-sound-stmt/thread.c:1155:9 (memcached+0x10e594)
    #3 main /home/alexey/tsan-experiments/nosql/memcached/memcached-tsan-sound-stmt/memcached.c:6138:5 (memcached+0xf580e)

SUMMARY: ThreadSanitizer: data race /home/alexey/tsan-experiments/nosql/memcached/memcached-tsan-sound-stmt/memcached.c in conn_new
==================
==================
WARNING: ThreadSanitizer: data race (pid=4179300)
  Write of size 4 at 0x72500001014c by thread T3:
    #0 getpeername /extra/alexey/worktrees/perf/compiler-rt/lib/tsan/rtl/../../sanitizer_common/sanitizer_common_interceptors.inc:3313:3 (memcached+0x82b77)
    #1 conn_new /home/alexey/tsan-experiments/nosql/memcached/memcached-tsan-sound-stmt/memcached.c:708:13 (memcached+0xeb421)
    #2 thread_libevent_process /home/alexey/tsan-experiments/nosql/memcached/memcached-tsan-sound-stmt/thread.c:624:21 (memcached+0x10ec7d)
    #3 <null> <null> (libevent-2.1.so.7+0x20b3b) (BuildId: 79ee78eebaf1fabcfa2c5160e0b25a68bf3edce9)

  Previous write of size 8 at 0x725000010148 by thread T2:
    #0 calloc /extra/alexey/worktrees/perf/compiler-rt/lib/tsan/rtl/tsan_interceptors_posix.cpp:686:5 (memcached+0x6282a)
    #1 conn_new /home/alexey/tsan-experiments/nosql/memcached/memcached-tsan-sound-stmt/memcached.c:656:27 (memcached+0xeb278)
    #2 thread_libevent_process /home/alexey/tsan-experiments/nosql/memcached/memcached-tsan-sound-stmt/thread.c:624:21 (memcached+0x10ec7d)
    #3 <null> <null> (libevent-2.1.so.7+0x20b3b) (BuildId: 79ee78eebaf1fabcfa2c5160e0b25a68bf3edce9)

  Location is heap block of size 496 at 0x725000010000 allocated by thread T2:
    #0 calloc /extra/alexey/worktrees/perf/compiler-rt/lib/tsan/rtl/tsan_interceptors_posix.cpp:686:5 (memcached+0x6282a)
    #1 conn_new /home/alexey/tsan-experiments/nosql/memcached/memcached-tsan-sound-stmt/memcached.c:656:27 (memcached+0xeb278)
    #2 thread_libevent_process /home/alexey/tsan-experiments/nosql/memcached/memcached-tsan-sound-stmt/thread.c:624:21 (memcached+0x10ec7d)
    #3 <null> <null> (libevent-2.1.so.7+0x20b3b) (BuildId: 79ee78eebaf1fabcfa2c5160e0b25a68bf3edce9)

  Thread T3 'mc-worker' (tid=4179304, running) created by main thread at:
    #0 pthread_create /extra/alexey/worktrees/perf/compiler-rt/lib/tsan/rtl/tsan_interceptors_posix.cpp:1023:3 (memcached+0x640ef)
    #1 create_worker /home/alexey/tsan-experiments/nosql/memcached/memcached-tsan-sound-stmt/thread.c:385:16 (memcached+0x10e594)
    #2 memcached_thread_init /home/alexey/tsan-experiments/nosql/memcached/memcached-tsan-sound-stmt/thread.c:1155:9 (memcached+0x10e594)
    #3 main /home/alexey/tsan-experiments/nosql/memcached/memcached-tsan-sound-stmt/memcached.c:6138:5 (memcached+0xf580e)

  Thread T2 'mc-worker' (tid=4179303, running) created by main thread at:
    #0 pthread_create /extra/alexey/worktrees/perf/compiler-rt/lib/tsan/rtl/tsan_interceptors_posix.cpp:1023:3 (memcached+0x640ef)
    #1 create_worker /home/alexey/tsan-experiments/nosql/memcached/memcached-tsan-sound-stmt/thread.c:385:16 (memcached+0x10e594)
    #2 memcached_thread_init /home/alexey/tsan-experiments/nosql/memcached/memcached-tsan-sound-stmt/thread.c:1155:9 (memcached+0x10e594)
    #3 main /home/alexey/tsan-experiments/nosql/memcached/memcached-tsan-sound-stmt/memcached.c:6138:5 (memcached+0xf580e)

SUMMARY: ThreadSanitizer: data race /home/alexey/tsan-experiments/nosql/memcached/memcached-tsan-sound-stmt/memcached.c:708:13 in conn_new
==================
==================
WARNING: ThreadSanitizer: data race (pid=4179300)
  Write of size 4 at 0x725000010014 by thread T3:
    #0 conn_new /home/alexey/tsan-experiments/nosql/memcached/memcached-tsan-sound-stmt/memcached.c:749:14 (memcached+0xeb533)
    #1 thread_libevent_process /home/alexey/tsan-experiments/nosql/memcached/memcached-tsan-sound-stmt/thread.c:624:21 (memcached+0x10ec7d)
    #2 <null> <null> (libevent-2.1.so.7+0x20b3b) (BuildId: 79ee78eebaf1fabcfa2c5160e0b25a68bf3edce9)

  Previous write of size 4 at 0x725000010014 by thread T2:
    #0 conn_set_state /home/alexey/tsan-experiments/nosql/memcached/memcached-tsan-sound-stmt/memcached.c:1011:18 (memcached+0xe90d7)
    #1 reset_cmd_handler /home/alexey/tsan-experiments/nosql/memcached/memcached-tsan-sound-stmt/memcached.c:1470:9 (memcached+0xe90d7)
    #2 drive_machine /home/alexey/tsan-experiments/nosql/memcached/memcached-tsan-sound-stmt/memcached.c:3211:17 (memcached+0xe90d7)
    #3 event_handler /home/alexey/tsan-experiments/nosql/memcached/memcached-tsan-sound-stmt/memcached.c:3476:5 (memcached+0xebf10)
    #4 <null> <null> (libevent-2.1.so.7+0x20b3b) (BuildId: 79ee78eebaf1fabcfa2c5160e0b25a68bf3edce9)

  Location is heap block of size 496 at 0x725000010000 allocated by thread T2:
    #0 calloc /extra/alexey/worktrees/perf/compiler-rt/lib/tsan/rtl/tsan_interceptors_posix.cpp:686:5 (memcached+0x6282a)
    #1 conn_new /home/alexey/tsan-experiments/nosql/memcached/memcached-tsan-sound-stmt/memcached.c:656:27 (memcached+0xeb278)
    #2 thread_libevent_process /home/alexey/tsan-experiments/nosql/memcached/memcached-tsan-sound-stmt/thread.c:624:21 (memcached+0x10ec7d)
    #3 <null> <null> (libevent-2.1.so.7+0x20b3b) (BuildId: 79ee78eebaf1fabcfa2c5160e0b25a68bf3edce9)

  Thread T3 'mc-worker' (tid=4179304, running) created by main thread at:
    #0 pthread_create /extra/alexey/worktrees/perf/compiler-rt/lib/tsan/rtl/tsan_interceptors_posix.cpp:1023:3 (memcached+0x640ef)
    #1 create_worker /home/alexey/tsan-experiments/nosql/memcached/memcached-tsan-sound-stmt/thread.c:385:16 (memcached+0x10e594)
    #2 memcached_thread_init /home/alexey/tsan-experiments/nosql/memcached/memcached-tsan-sound-stmt/thread.c:1155:9 (memcached+0x10e594)
    #3 main /home/alexey/tsan-experiments/nosql/memcached/memcached-tsan-sound-stmt/memcached.c:6138:5 (memcached+0xf580e)

  Thread T2 'mc-worker' (tid=4179303, running) created by main thread at:
    #0 pthread_create /extra/alexey/worktrees/perf/compiler-rt/lib/tsan/rtl/tsan_interceptors_posix.cpp:1023:3 (memcached+0x640ef)
    #1 create_worker /home/alexey/tsan-experiments/nosql/memcached/memcached-tsan-sound-stmt/thread.c:385:16 (memcached+0x10e594)
    #2 memcached_thread_init /home/alexey/tsan-experiments/nosql/memcached/memcached-tsan-sound-stmt/thread.c:1155:9 (memcached+0x10e594)
    #3 main /home/alexey/tsan-experiments/nosql/memcached/memcached-tsan-sound-stmt/memcached.c:6138:5 (memcached+0xf580e)

SUMMARY: ThreadSanitizer: data race /home/alexey/tsan-experiments/nosql/memcached/memcached-tsan-sound-stmt/memcached.c:749:14 in conn_new
==================
==================
WARNING: ThreadSanitizer: data race (pid=4179300)
  Write of size 4 at 0x7250000100d8 by thread T3:
    #0 conn_new /home/alexey/tsan-experiments/nosql/memcached/memcached-tsan-sound-stmt/memcached.c:750:16 (memcached+0xeb548)
    #1 thread_libevent_process /home/alexey/tsan-experiments/nosql/memcached/memcached-tsan-sound-stmt/thread.c:624:21 (memcached+0x10ec7d)
    #2 <null> <null> (libevent-2.1.so.7+0x20b3b) (BuildId: 79ee78eebaf1fabcfa2c5160e0b25a68bf3edce9)

  Previous write of size 8 at 0x7250000100d8 by thread T2:
    #0 calloc /extra/alexey/worktrees/perf/compiler-rt/lib/tsan/rtl/tsan_interceptors_posix.cpp:686:5 (memcached+0x6282a)
    #1 conn_new /home/alexey/tsan-experiments/nosql/memcached/memcached-tsan-sound-stmt/memcached.c:656:27 (memcached+0xeb278)
    #2 thread_libevent_process /home/alexey/tsan-experiments/nosql/memcached/memcached-tsan-sound-stmt/thread.c:624:21 (memcached+0x10ec7d)
    #3 <null> <null> (libevent-2.1.so.7+0x20b3b) (BuildId: 79ee78eebaf1fabcfa2c5160e0b25a68bf3edce9)

  Location is heap block of size 496 at 0x725000010000 allocated by thread T2:
    #0 calloc /extra/alexey/worktrees/perf/compiler-rt/lib/tsan/rtl/tsan_interceptors_posix.cpp:686:5 (memcached+0x6282a)
    #1 conn_new /home/alexey/tsan-experiments/nosql/memcached/memcached-tsan-sound-stmt/memcached.c:656:27 (memcached+0xeb278)
    #2 thread_libevent_process /home/alexey/tsan-experiments/nosql/memcached/memcached-tsan-sound-stmt/thread.c:624:21 (memcached+0x10ec7d)
    #3 <null> <null> (libevent-2.1.so.7+0x20b3b) (BuildId: 79ee78eebaf1fabcfa2c5160e0b25a68bf3edce9)

  Thread T3 'mc-worker' (tid=4179304, running) created by main thread at:
    #0 pthread_create /extra/alexey/worktrees/perf/compiler-rt/lib/tsan/rtl/tsan_interceptors_posix.cpp:1023:3 (memcached+0x640ef)
    #1 create_worker /home/alexey/tsan-experiments/nosql/memcached/memcached-tsan-sound-stmt/thread.c:385:16 (memcached+0x10e594)
    #2 memcached_thread_init /home/alexey/tsan-experiments/nosql/memcached/memcached-tsan-sound-stmt/thread.c:1155:9 (memcached+0x10e594)
    #3 main /home/alexey/tsan-experiments/nosql/memcached/memcached-tsan-sound-stmt/memcached.c:6138:5 (memcached+0xf580e)

  Thread T2 'mc-worker' (tid=4179303, running) created by main thread at:
    #0 pthread_create /extra/alexey/worktrees/perf/compiler-rt/lib/tsan/rtl/tsan_interceptors_posix.cpp:1023:3 (memcached+0x640ef)
    #1 create_worker /home/alexey/tsan-experiments/nosql/memcached/memcached-tsan-sound-stmt/thread.c:385:16 (memcached+0x10e594)
    #2 memcached_thread_init /home/alexey/tsan-experiments/nosql/memcached/memcached-tsan-sound-stmt/thread.c:1155:9 (memcached+0x10e594)
    #3 main /home/alexey/tsan-experiments/nosql/memcached/memcached-tsan-sound-stmt/memcached.c:6138:5 (memcached+0xf580e)

SUMMARY: ThreadSanitizer: data race /home/alexey/tsan-experiments/nosql/memcached/memcached-tsan-sound-stmt/memcached.c:750:16 in conn_new
==================
==================
WARNING: ThreadSanitizer: data race (pid=4179300)
  Write of size 2 at 0x7250000101b0 by thread T3:
    #0 conn_new /home/alexey/tsan-experiments/nosql/memcached/memcached-tsan-sound-stmt/memcached.c:751:12 (memcached+0xeb563)
    #1 thread_libevent_process /home/alexey/tsan-experiments/nosql/memcached/memcached-tsan-sound-stmt/thread.c:624:21 (memcached+0x10ec7d)
    #2 <null> <null> (libevent-2.1.so.7+0x20b3b) (BuildId: 79ee78eebaf1fabcfa2c5160e0b25a68bf3edce9)

  Previous write of size 8 at 0x7250000101b0 by thread T2:
    #0 calloc /extra/alexey/worktrees/perf/compiler-rt/lib/tsan/rtl/tsan_interceptors_posix.cpp:686:5 (memcached+0x6282a)
    #1 conn_new /home/alexey/tsan-experiments/nosql/memcached/memcached-tsan-sound-stmt/memcached.c:656:27 (memcached+0xeb278)
    #2 thread_libevent_process /home/alexey/tsan-experiments/nosql/memcached/memcached-tsan-sound-stmt/thread.c:624:21 (memcached+0x10ec7d)
    #3 <null> <null> (libevent-2.1.so.7+0x20b3b) (BuildId: 79ee78eebaf1fabcfa2c5160e0b25a68bf3edce9)

  Location is heap block of size 496 at 0x725000010000 allocated by thread T2:
    #0 calloc /extra/alexey/worktrees/perf/compiler-rt/lib/tsan/rtl/tsan_interceptors_posix.cpp:686:5 (memcached+0x6282a)
    #1 conn_new /home/alexey/tsan-experiments/nosql/memcached/memcached-tsan-sound-stmt/memcached.c:656:27 (memcached+0xeb278)
    #2 thread_libevent_process /home/alexey/tsan-experiments/nosql/memcached/memcached-tsan-sound-stmt/thread.c:624:21 (memcached+0x10ec7d)
    #3 <null> <null> (libevent-2.1.so.7+0x20b3b) (BuildId: 79ee78eebaf1fabcfa2c5160e0b25a68bf3edce9)

  Thread T3 'mc-worker' (tid=4179304, running) created by main thread at:
    #0 pthread_create /extra/alexey/worktrees/perf/compiler-rt/lib/tsan/rtl/tsan_interceptors_posix.cpp:1023:3 (memcached+0x640ef)
    #1 create_worker /home/alexey/tsan-experiments/nosql/memcached/memcached-tsan-sound-stmt/thread.c:385:16 (memcached+0x10e594)
    #2 memcached_thread_init /home/alexey/tsan-experiments/nosql/memcached/memcached-tsan-sound-stmt/thread.c:1155:9 (memcached+0x10e594)
    #3 main /home/alexey/tsan-experiments/nosql/memcached/memcached-tsan-sound-stmt/memcached.c:6138:5 (memcached+0xf580e)

  Thread T2 'mc-worker' (tid=4179303, running) created by main thread at:
    #0 pthread_create /extra/alexey/worktrees/perf/compiler-rt/lib/tsan/rtl/tsan_interceptors_posix.cpp:1023:3 (memcached+0x640ef)
    #1 create_worker /home/alexey/tsan-experiments/nosql/memcached/memcached-tsan-sound-stmt/thread.c:385:16 (memcached+0x10e594)
    #2 memcached_thread_init /home/alexey/tsan-experiments/nosql/memcached/memcached-tsan-sound-stmt/thread.c:1155:9 (memcached+0x10e594)
    #3 main /home/alexey/tsan-experiments/nosql/memcached/memcached-tsan-sound-stmt/memcached.c:6138:5 (memcached+0xf580e)

SUMMARY: ThreadSanitizer: data race /home/alexey/tsan-experiments/nosql/memcached/memcached-tsan-sound-stmt/memcached.c:751:12 in conn_new
==================
==================
WARNING: ThreadSanitizer: data race (pid=4179300)
  Write of size 4 at 0x7250000100bc by thread T3:
    #0 conn_new /home/alexey/tsan-experiments/nosql/memcached/memcached-tsan-sound-stmt/memcached.c:752:15 (memcached+0xeb57d)
    #1 thread_libevent_process /home/alexey/tsan-experiments/nosql/memcached/memcached-tsan-sound-stmt/thread.c:624:21 (memcached+0x10ec7d)
    #2 <null> <null> (libevent-2.1.so.7+0x20b3b) (BuildId: 79ee78eebaf1fabcfa2c5160e0b25a68bf3edce9)

  Previous write of size 8 at 0x7250000100b8 by thread T2:
    #0 calloc /extra/alexey/worktrees/perf/compiler-rt/lib/tsan/rtl/tsan_interceptors_posix.cpp:686:5 (memcached+0x6282a)
    #1 conn_new /home/alexey/tsan-experiments/nosql/memcached/memcached-tsan-sound-stmt/memcached.c:656:27 (memcached+0xeb278)
    #2 thread_libevent_process /home/alexey/tsan-experiments/nosql/memcached/memcached-tsan-sound-stmt/thread.c:624:21 (memcached+0x10ec7d)
    #3 <null> <null> (libevent-2.1.so.7+0x20b3b) (BuildId: 79ee78eebaf1fabcfa2c5160e0b25a68bf3edce9)

  Location is heap block of size 496 at 0x725000010000 allocated by thread T2:
    #0 calloc /extra/alexey/worktrees/perf/compiler-rt/lib/tsan/rtl/tsan_interceptors_posix.cpp:686:5 (memcached+0x6282a)
    #1 conn_new /home/alexey/tsan-experiments/nosql/memcached/memcached-tsan-sound-stmt/memcached.c:656:27 (memcached+0xeb278)
    #2 thread_libevent_process /home/alexey/tsan-experiments/nosql/memcached/memcached-tsan-sound-stmt/thread.c:624:21 (memcached+0x10ec7d)
    #3 <null> <null> (libevent-2.1.so.7+0x20b3b) (BuildId: 79ee78eebaf1fabcfa2c5160e0b25a68bf3edce9)

  Thread T3 'mc-worker' (tid=4179304, running) created by main thread at:
    #0 pthread_create /extra/alexey/worktrees/perf/compiler-rt/lib/tsan/rtl/tsan_interceptors_posix.cpp:1023:3 (memcached+0x640ef)
    #1 create_worker /home/alexey/tsan-experiments/nosql/memcached/memcached-tsan-sound-stmt/thread.c:385:16 (memcached+0x10e594)
    #2 memcached_thread_init /home/alexey/tsan-experiments/nosql/memcached/memcached-tsan-sound-stmt/thread.c:1155:9 (memcached+0x10e594)
    #3 main /home/alexey/tsan-experiments/nosql/memcached/memcached-tsan-sound-stmt/memcached.c:6138:5 (memcached+0xf580e)

  Thread T2 'mc-worker' (tid=4179303, running) created by main thread at:
    #0 pthread_create /extra/alexey/worktrees/perf/compiler-rt/lib/tsan/rtl/tsan_interceptors_posix.cpp:1023:3 (memcached+0x640ef)
    #1 create_worker /home/alexey/tsan-experiments/nosql/memcached/memcached-tsan-sound-stmt/thread.c:385:16 (memcached+0x10e594)
    #2 memcached_thread_init /home/alexey/tsan-experiments/nosql/memcached/memcached-tsan-sound-stmt/thread.c:1155:9 (memcached+0x10e594)
    #3 main /home/alexey/tsan-experiments/nosql/memcached/memcached-tsan-sound-stmt/memcached.c:6138:5 (memcached+0xf580e)

SUMMARY: ThreadSanitizer: data race /home/alexey/tsan-experiments/nosql/memcached/memcached-tsan-sound-stmt/memcached.c:752:15 in conn_new
==================
==================
WARNING: ThreadSanitizer: data race (pid=4179300)
  Read of size 8 at 0x7250000100a8 by thread T3:
    #0 conn_new /home/alexey/tsan-experiments/nosql/memcached/memcached-tsan-sound-stmt/memcached.c:753:19 (memcached+0xeb598)
    #1 thread_libevent_process /home/alexey/tsan-experiments/nosql/memcached/memcached-tsan-sound-stmt/thread.c:624:21 (memcached+0x10ec7d)
    #2 <null> <null> (libevent-2.1.so.7+0x20b3b) (BuildId: 79ee78eebaf1fabcfa2c5160e0b25a68bf3edce9)

  Previous write of size 8 at 0x7250000100a8 by thread T2:
    #0 __tsan_memset /extra/alexey/worktrees/perf/compiler-rt/lib/tsan/rtl/tsan_interceptors_memintrinsics.cpp:35:3 (memcached+0x5fe89)
    #1 rbuf_release /home/alexey/tsan-experiments/nosql/memcached/memcached-tsan-sound-stmt/memcached.c:417:17 (memcached+0xec7ab)
    #2 conn_close /home/alexey/tsan-experiments/nosql/memcached/memcached-tsan-sound-stmt/memcached.c:934:9 (memcached+0xec7ab)
    #3 drive_machine /home/alexey/tsan-experiments/nosql/memcached/memcached-tsan-sound-stmt/memcached.c:3424:17 (memcached+0xea6e4)
    #4 event_handler /home/alexey/tsan-experiments/nosql/memcached/memcached-tsan-sound-stmt/memcached.c:3476:5 (memcached+0xebf10)
    #5 <null> <null> (libevent-2.1.so.7+0x20b3b) (BuildId: 79ee78eebaf1fabcfa2c5160e0b25a68bf3edce9)

  Location is heap block of size 496 at 0x725000010000 allocated by thread T2:
    #0 calloc /extra/alexey/worktrees/perf/compiler-rt/lib/tsan/rtl/tsan_interceptors_posix.cpp:686:5 (memcached+0x6282a)
    #1 conn_new /home/alexey/tsan-experiments/nosql/memcached/memcached-tsan-sound-stmt/memcached.c:656:27 (memcached+0xeb278)
    #2 thread_libevent_process /home/alexey/tsan-experiments/nosql/memcached/memcached-tsan-sound-stmt/thread.c:624:21 (memcached+0x10ec7d)
    #3 <null> <null> (libevent-2.1.so.7+0x20b3b) (BuildId: 79ee78eebaf1fabcfa2c5160e0b25a68bf3edce9)

  Thread T3 'mc-worker' (tid=4179304, running) created by main thread at:
    #0 pthread_create /extra/alexey/worktrees/perf/compiler-rt/lib/tsan/rtl/tsan_interceptors_posix.cpp:1023:3 (memcached+0x640ef)
    #1 create_worker /home/alexey/tsan-experiments/nosql/memcached/memcached-tsan-sound-stmt/thread.c:385:16 (memcached+0x10e594)
    #2 memcached_thread_init /home/alexey/tsan-experiments/nosql/memcached/memcached-tsan-sound-stmt/thread.c:1155:9 (memcached+0x10e594)
    #3 main /home/alexey/tsan-experiments/nosql/memcached/memcached-tsan-sound-stmt/memcached.c:6138:5 (memcached+0xf580e)

  Thread T2 'mc-worker' (tid=4179303, running) created by main thread at:
    #0 pthread_create /extra/alexey/worktrees/perf/compiler-rt/lib/tsan/rtl/tsan_interceptors_posix.cpp:1023:3 (memcached+0x640ef)
    #1 create_worker /home/alexey/tsan-experiments/nosql/memcached/memcached-tsan-sound-stmt/thread.c:385:16 (memcached+0x10e594)
    #2 memcached_thread_init /home/alexey/tsan-experiments/nosql/memcached/memcached-tsan-sound-stmt/thread.c:1155:9 (memcached+0x10e594)
    #3 main /home/alexey/tsan-experiments/nosql/memcached/memcached-tsan-sound-stmt/memcached.c:6138:5 (memcached+0xf580e)

SUMMARY: ThreadSanitizer: data race /home/alexey/tsan-experiments/nosql/memcached/memcached-tsan-sound-stmt/memcached.c:753:19 in conn_new
==================
==================
WARNING: ThreadSanitizer: data race (pid=4179300)
  Write of size 8 at 0x7250000100b0 by thread T3:
    #0 conn_new /home/alexey/tsan-experiments/nosql/memcached/memcached-tsan-sound-stmt/memcached.c:753:14 (memcached+0xeb5b0)
    #1 thread_libevent_process /home/alexey/tsan-experiments/nosql/memcached/memcached-tsan-sound-stmt/thread.c:624:21 (memcached+0x10ec7d)
    #2 <null> <null> (libevent-2.1.so.7+0x20b3b) (BuildId: 79ee78eebaf1fabcfa2c5160e0b25a68bf3edce9)

  Previous write of size 8 at 0x7250000100b0 by thread T2:
    #0 __tsan_memset /extra/alexey/worktrees/perf/compiler-rt/lib/tsan/rtl/tsan_interceptors_memintrinsics.cpp:35:3 (memcached+0x5fe89)
    #1 rbuf_release /home/alexey/tsan-experiments/nosql/memcached/memcached-tsan-sound-stmt/memcached.c:417:17 (memcached+0xec7ab)
    #2 conn_close /home/alexey/tsan-experiments/nosql/memcached/memcached-tsan-sound-stmt/memcached.c:934:9 (memcached+0xec7ab)
    #3 drive_machine /home/alexey/tsan-experiments/nosql/memcached/memcached-tsan-sound-stmt/memcached.c:3424:17 (memcached+0xea6e4)
    #4 event_handler /home/alexey/tsan-experiments/nosql/memcached/memcached-tsan-sound-stmt/memcached.c:3476:5 (memcached+0xebf10)
    #5 <null> <null> (libevent-2.1.so.7+0x20b3b) (BuildId: 79ee78eebaf1fabcfa2c5160e0b25a68bf3edce9)

  Location is heap block of size 496 at 0x725000010000 allocated by thread T2:
    #0 calloc /extra/alexey/worktrees/perf/compiler-rt/lib/tsan/rtl/tsan_interceptors_posix.cpp:686:5 (memcached+0x6282a)
    #1 conn_new /home/alexey/tsan-experiments/nosql/memcached/memcached-tsan-sound-stmt/memcached.c:656:27 (memcached+0xeb278)
    #2 thread_libevent_process /home/alexey/tsan-experiments/nosql/memcached/memcached-tsan-sound-stmt/thread.c:624:21 (memcached+0x10ec7d)
    #3 <null> <null> (libevent-2.1.so.7+0x20b3b) (BuildId: 79ee78eebaf1fabcfa2c5160e0b25a68bf3edce9)

  Thread T3 'mc-worker' (tid=4179304, running) created by main thread at:
    #0 pthread_create /extra/alexey/worktrees/perf/compiler-rt/lib/tsan/rtl/tsan_interceptors_posix.cpp:1023:3 (memcached+0x640ef)
    #1 create_worker /home/alexey/tsan-experiments/nosql/memcached/memcached-tsan-sound-stmt/thread.c:385:16 (memcached+0x10e594)
    #2 memcached_thread_init /home/alexey/tsan-experiments/nosql/memcached/memcached-tsan-sound-stmt/thread.c:1155:9 (memcached+0x10e594)
    #3 main /home/alexey/tsan-experiments/nosql/memcached/memcached-tsan-sound-stmt/memcached.c:6138:5 (memcached+0xf580e)

  Thread T2 'mc-worker' (tid=4179303, running) created by main thread at:
    #0 pthread_create /extra/alexey/worktrees/perf/compiler-rt/lib/tsan/rtl/tsan_interceptors_posix.cpp:1023:3 (memcached+0x640ef)
    #1 create_worker /home/alexey/tsan-experiments/nosql/memcached/memcached-tsan-sound-stmt/thread.c:385:16 (memcached+0x10e594)
    #2 memcached_thread_init /home/alexey/tsan-experiments/nosql/memcached/memcached-tsan-sound-stmt/thread.c:1155:9 (memcached+0x10e594)
    #3 main /home/alexey/tsan-experiments/nosql/memcached/memcached-tsan-sound-stmt/memcached.c:6138:5 (memcached+0xf580e)

SUMMARY: ThreadSanitizer: data race /home/alexey/tsan-experiments/nosql/memcached/memcached-tsan-sound-stmt/memcached.c:753:14 in conn_new
==================
==================
WARNING: ThreadSanitizer: data race (pid=4179300)
  Write of size 8 at 0x7250000100d0 by thread T3:
    #0 conn_new /home/alexey/tsan-experiments/nosql/memcached/memcached-tsan-sound-stmt/memcached.c:754:14 (memcached+0xeb5c8)
    #1 thread_libevent_process /home/alexey/tsan-experiments/nosql/memcached/memcached-tsan-sound-stmt/thread.c:624:21 (memcached+0x10ec7d)
    #2 <null> <null> (libevent-2.1.so.7+0x20b3b) (BuildId: 79ee78eebaf1fabcfa2c5160e0b25a68bf3edce9)

  Previous write of size 8 at 0x7250000100d0 by thread T2:
    #0 conn_new /home/alexey/tsan-experiments/nosql/memcached/memcached-tsan-sound-stmt/memcached.c:754:14 (memcached+0xeb5c8)
    #1 thread_libevent_process /home/alexey/tsan-experiments/nosql/memcached/memcached-tsan-sound-stmt/thread.c:624:21 (memcached+0x10ec7d)
    #2 <null> <null> (libevent-2.1.so.7+0x20b3b) (BuildId: 79ee78eebaf1fabcfa2c5160e0b25a68bf3edce9)

  Location is heap block of size 496 at 0x725000010000 allocated by thread T2:
    #0 calloc /extra/alexey/worktrees/perf/compiler-rt/lib/tsan/rtl/tsan_interceptors_posix.cpp:686:5 (memcached+0x6282a)
    #1 conn_new /home/alexey/tsan-experiments/nosql/memcached/memcached-tsan-sound-stmt/memcached.c:656:27 (memcached+0xeb278)
    #2 thread_libevent_process /home/alexey/tsan-experiments/nosql/memcached/memcached-tsan-sound-stmt/thread.c:624:21 (memcached+0x10ec7d)
    #3 <null> <null> (libevent-2.1.so.7+0x20b3b) (BuildId: 79ee78eebaf1fabcfa2c5160e0b25a68bf3edce9)

  Thread T3 'mc-worker' (tid=4179304, running) created by main thread at:
    #0 pthread_create /extra/alexey/worktrees/perf/compiler-rt/lib/tsan/rtl/tsan_interceptors_posix.cpp:1023:3 (memcached+0x640ef)
    #1 create_worker /home/alexey/tsan-experiments/nosql/memcached/memcached-tsan-sound-stmt/thread.c:385:16 (memcached+0x10e594)
    #2 memcached_thread_init /home/alexey/tsan-experiments/nosql/memcached/memcached-tsan-sound-stmt/thread.c:1155:9 (memcached+0x10e594)
    #3 main /home/alexey/tsan-experiments/nosql/memcached/memcached-tsan-sound-stmt/memcached.c:6138:5 (memcached+0xf580e)

  Thread T2 'mc-worker' (tid=4179303, running) created by main thread at:
    #0 pthread_create /extra/alexey/worktrees/perf/compiler-rt/lib/tsan/rtl/tsan_interceptors_posix.cpp:1023:3 (memcached+0x640ef)
    #1 create_worker /home/alexey/tsan-experiments/nosql/memcached/memcached-tsan-sound-stmt/thread.c:385:16 (memcached+0x10e594)
    #2 memcached_thread_init /home/alexey/tsan-experiments/nosql/memcached/memcached-tsan-sound-stmt/thread.c:1155:9 (memcached+0x10e594)
    #3 main /home/alexey/tsan-experiments/nosql/memcached/memcached-tsan-sound-stmt/memcached.c:6138:5 (memcached+0xf580e)

SUMMARY: ThreadSanitizer: data race /home/alexey/tsan-experiments/nosql/memcached/memcached-tsan-sound-stmt/memcached.c:754:14 in conn_new
==================
==================
WARNING: ThreadSanitizer: data race (pid=4179300)
  Write of size 1 at 0x72500001000c by thread T3:
    #0 conn_new /home/alexey/tsan-experiments/nosql/memcached/memcached-tsan-sound-stmt/memcached.c:757:21 (memcached+0xeb5e1)
    #1 thread_libevent_process /home/alexey/tsan-experiments/nosql/memcached/memcached-tsan-sound-stmt/thread.c:624:21 (memcached+0x10ec7d)
    #2 <null> <null> (libevent-2.1.so.7+0x20b3b) (BuildId: 79ee78eebaf1fabcfa2c5160e0b25a68bf3edce9)

  Previous write of size 8 at 0x725000010008 by thread T2:
    #0 calloc /extra/alexey/worktrees/perf/compiler-rt/lib/tsan/rtl/tsan_interceptors_posix.cpp:686:5 (memcached+0x6282a)
    #1 conn_new /home/alexey/tsan-experiments/nosql/memcached/memcached-tsan-sound-stmt/memcached.c:656:27 (memcached+0xeb278)
    #2 thread_libevent_process /home/alexey/tsan-experiments/nosql/memcached/memcached-tsan-sound-stmt/thread.c:624:21 (memcached+0x10ec7d)
    #3 <null> <null> (libevent-2.1.so.7+0x20b3b) (BuildId: 79ee78eebaf1fabcfa2c5160e0b25a68bf3edce9)

  Location is heap block of size 496 at 0x725000010000 allocated by thread T2:
    #0 calloc /extra/alexey/worktrees/perf/compiler-rt/lib/tsan/rtl/tsan_interceptors_posix.cpp:686:5 (memcached+0x6282a)
    #1 conn_new /home/alexey/tsan-experiments/nosql/memcached/memcached-tsan-sound-stmt/memcached.c:656:27 (memcached+0xeb278)
    #2 thread_libevent_process /home/alexey/tsan-experiments/nosql/memcached/memcached-tsan-sound-stmt/thread.c:624:21 (memcached+0x10ec7d)
    #3 <null> <null> (libevent-2.1.so.7+0x20b3b) (BuildId: 79ee78eebaf1fabcfa2c5160e0b25a68bf3edce9)

  Thread T3 'mc-worker' (tid=4179304, running) created by main thread at:
    #0 pthread_create /extra/alexey/worktrees/perf/compiler-rt/lib/tsan/rtl/tsan_interceptors_posix.cpp:1023:3 (memcached+0x640ef)
    #1 create_worker /home/alexey/tsan-experiments/nosql/memcached/memcached-tsan-sound-stmt/thread.c:385:16 (memcached+0x10e594)
    #2 memcached_thread_init /home/alexey/tsan-experiments/nosql/memcached/memcached-tsan-sound-stmt/thread.c:1155:9 (memcached+0x10e594)
    #3 main /home/alexey/tsan-experiments/nosql/memcached/memcached-tsan-sound-stmt/memcached.c:6138:5 (memcached+0xf580e)

  Thread T2 'mc-worker' (tid=4179303, running) created by main thread at:
    #0 pthread_create /extra/alexey/worktrees/perf/compiler-rt/lib/tsan/rtl/tsan_interceptors_posix.cpp:1023:3 (memcached+0x640ef)
    #1 create_worker /home/alexey/tsan-experiments/nosql/memcached/memcached-tsan-sound-stmt/thread.c:385:16 (memcached+0x10e594)
    #2 memcached_thread_init /home/alexey/tsan-experiments/nosql/memcached/memcached-tsan-sound-stmt/thread.c:1155:9 (memcached+0x10e594)
    #3 main /home/alexey/tsan-experiments/nosql/memcached/memcached-tsan-sound-stmt/memcached.c:6138:5 (memcached+0xf580e)

SUMMARY: ThreadSanitizer: data race /home/alexey/tsan-experiments/nosql/memcached/memcached-tsan-sound-stmt/memcached.c:757:21 in conn_new
==================
==================
WARNING: ThreadSanitizer: data race (pid=4179300)
  Write of size 4 at 0x72500001001c by thread T3:
    #0 conn_new /home/alexey/tsan-experiments/nosql/memcached/memcached-tsan-sound-stmt/memcached.c:761:22 (memcached+0xeb61f)
    #1 thread_libevent_process /home/alexey/tsan-experiments/nosql/memcached/memcached-tsan-sound-stmt/thread.c:624:21 (memcached+0x10ec7d)
    #2 <null> <null> (libevent-2.1.so.7+0x20b3b) (BuildId: 79ee78eebaf1fabcfa2c5160e0b25a68bf3edce9)

  Previous write of size 8 at 0x725000010018 by thread T2:
    #0 calloc /extra/alexey/worktrees/perf/compiler-rt/lib/tsan/rtl/tsan_interceptors_posix.cpp:686:5 (memcached+0x6282a)
    #1 conn_new /home/alexey/tsan-experiments/nosql/memcached/memcached-tsan-sound-stmt/memcached.c:656:27 (memcached+0xeb278)
    #2 thread_libevent_process /home/alexey/tsan-experiments/nosql/memcached/memcached-tsan-sound-stmt/thread.c:624:21 (memcached+0x10ec7d)
    #3 <null> <null> (libevent-2.1.so.7+0x20b3b) (BuildId: 79ee78eebaf1fabcfa2c5160e0b25a68bf3edce9)

  Location is heap block of size 496 at 0x725000010000 allocated by thread T2:
    #0 calloc /extra/alexey/worktrees/perf/compiler-rt/lib/tsan/rtl/tsan_interceptors_posix.cpp:686:5 (memcached+0x6282a)
    #1 conn_new /home/alexey/tsan-experiments/nosql/memcached/memcached-tsan-sound-stmt/memcached.c:656:27 (memcached+0xeb278)
    #2 thread_libevent_process /home/alexey/tsan-experiments/nosql/memcached/memcached-tsan-sound-stmt/thread.c:624:21 (memcached+0x10ec7d)
    #3 <null> <null> (libevent-2.1.so.7+0x20b3b) (BuildId: 79ee78eebaf1fabcfa2c5160e0b25a68bf3edce9)

  Thread T3 'mc-worker' (tid=4179304, running) created by main thread at:
    #0 pthread_create /extra/alexey/worktrees/perf/compiler-rt/lib/tsan/rtl/tsan_interceptors_posix.cpp:1023:3 (memcached+0x640ef)
    #1 create_worker /home/alexey/tsan-experiments/nosql/memcached/memcached-tsan-sound-stmt/thread.c:385:16 (memcached+0x10e594)
    #2 memcached_thread_init /home/alexey/tsan-experiments/nosql/memcached/memcached-tsan-sound-stmt/thread.c:1155:9 (memcached+0x10e594)
    #3 main /home/alexey/tsan-experiments/nosql/memcached/memcached-tsan-sound-stmt/memcached.c:6138:5 (memcached+0xf580e)

  Thread T2 'mc-worker' (tid=4179303, running) created by main thread at:
    #0 pthread_create /extra/alexey/worktrees/perf/compiler-rt/lib/tsan/rtl/tsan_interceptors_posix.cpp:1023:3 (memcached+0x640ef)
    #1 create_worker /home/alexey/tsan-experiments/nosql/memcached/memcached-tsan-sound-stmt/thread.c:385:16 (memcached+0x10e594)
    #2 memcached_thread_init /home/alexey/tsan-experiments/nosql/memcached/memcached-tsan-sound-stmt/thread.c:1155:9 (memcached+0x10e594)
    #3 main /home/alexey/tsan-experiments/nosql/memcached/memcached-tsan-sound-stmt/memcached.c:6138:5 (memcached+0xf580e)

SUMMARY: ThreadSanitizer: data race /home/alexey/tsan-experiments/nosql/memcached/memcached-tsan-sound-stmt/memcached.c:761:22 in conn_new
==================
==================
WARNING: ThreadSanitizer: data race (pid=4179300)
  Write of size 8 at 0x7250000100e0 by thread T3:
    #0 conn_new /home/alexey/tsan-experiments/nosql/memcached/memcached-tsan-sound-stmt/memcached.c:766:13 (memcached+0xeb634)
    #1 thread_libevent_process /home/alexey/tsan-experiments/nosql/memcached/memcached-tsan-sound-stmt/thread.c:624:21 (memcached+0x10ec7d)
    #2 <null> <null> (libevent-2.1.so.7+0x20b3b) (BuildId: 79ee78eebaf1fabcfa2c5160e0b25a68bf3edce9)

  Previous write of size 8 at 0x7250000100e0 by thread T2:
    #0 conn_new /home/alexey/tsan-experiments/nosql/memcached/memcached-tsan-sound-stmt/memcached.c:766:13 (memcached+0xeb634)
    #1 thread_libevent_process /home/alexey/tsan-experiments/nosql/memcached/memcached-tsan-sound-stmt/thread.c:624:21 (memcached+0x10ec7d)
    #2 <null> <null> (libevent-2.1.so.7+0x20b3b) (BuildId: 79ee78eebaf1fabcfa2c5160e0b25a68bf3edce9)

  Location is heap block of size 496 at 0x725000010000 allocated by thread T2:
    #0 calloc /extra/alexey/worktrees/perf/compiler-rt/lib/tsan/rtl/tsan_interceptors_posix.cpp:686:5 (memcached+0x6282a)
    #1 conn_new /home/alexey/tsan-experiments/nosql/memcached/memcached-tsan-sound-stmt/memcached.c:656:27 (memcached+0xeb278)
    #2 thread_libevent_process /home/alexey/tsan-experiments/nosql/memcached/memcached-tsan-sound-stmt/thread.c:624:21 (memcached+0x10ec7d)
    #3 <null> <null> (libevent-2.1.so.7+0x20b3b) (BuildId: 79ee78eebaf1fabcfa2c5160e0b25a68bf3edce9)

  Thread T3 'mc-worker' (tid=4179304, running) created by main thread at:
    #0 pthread_create /extra/alexey/worktrees/perf/compiler-rt/lib/tsan/rtl/tsan_interceptors_posix.cpp:1023:3 (memcached+0x640ef)
    #1 create_worker /home/alexey/tsan-experiments/nosql/memcached/memcached-tsan-sound-stmt/thread.c:385:16 (memcached+0x10e594)
    #2 memcached_thread_init /home/alexey/tsan-experiments/nosql/memcached/memcached-tsan-sound-stmt/thread.c:1155:9 (memcached+0x10e594)
    #3 main /home/alexey/tsan-experiments/nosql/memcached/memcached-tsan-sound-stmt/memcached.c:6138:5 (memcached+0xf580e)

  Thread T2 'mc-worker' (tid=4179303, running) created by main thread at:
    #0 pthread_create /extra/alexey/worktrees/perf/compiler-rt/lib/tsan/rtl/tsan_interceptors_posix.cpp:1023:3 (memcached+0x640ef)
    #1 create_worker /home/alexey/tsan-experiments/nosql/memcached/memcached-tsan-sound-stmt/thread.c:385:16 (memcached+0x10e594)
    #2 memcached_thread_init /home/alexey/tsan-experiments/nosql/memcached/memcached-tsan-sound-stmt/thread.c:1155:9 (memcached+0x10e594)
    #3 main /home/alexey/tsan-experiments/nosql/memcached/memcached-tsan-sound-stmt/memcached.c:6138:5 (memcached+0xf580e)

SUMMARY: ThreadSanitizer: data race /home/alexey/tsan-experiments/nosql/memcached/memcached-tsan-sound-stmt/memcached.c:766:13 in conn_new
==================
==================
WARNING: ThreadSanitizer: data race (pid=4179300)
  Write of size 4 at 0x7250000100ec by thread T3:
    #0 __tsan_memset /extra/alexey/worktrees/perf/compiler-rt/lib/tsan/rtl/tsan_interceptors_memintrinsics.cpp:35:3 (memcached+0x5fe89)
    #1 conn_new /home/alexey/tsan-experiments/nosql/memcached/memcached-tsan-sound-stmt/memcached.c:764:28 (memcached+0xeb66d)
    #2 thread_libevent_process /home/alexey/tsan-experiments/nosql/memcached/memcached-tsan-sound-stmt/thread.c:624:21 (memcached+0x10ec7d)
    #3 <null> <null> (libevent-2.1.so.7+0x20b3b) (BuildId: 79ee78eebaf1fabcfa2c5160e0b25a68bf3edce9)

  Previous write of size 8 at 0x7250000100e8 by thread T2:
    #0 calloc /extra/alexey/worktrees/perf/compiler-rt/lib/tsan/rtl/tsan_interceptors_posix.cpp:686:5 (memcached+0x6282a)
    #1 conn_new /home/alexey/tsan-experiments/nosql/memcached/memcached-tsan-sound-stmt/memcached.c:656:27 (memcached+0xeb278)
    #2 thread_libevent_process /home/alexey/tsan-experiments/nosql/memcached/memcached-tsan-sound-stmt/thread.c:624:21 (memcached+0x10ec7d)
    #3 <null> <null> (libevent-2.1.so.7+0x20b3b) (BuildId: 79ee78eebaf1fabcfa2c5160e0b25a68bf3edce9)

  Location is heap block of size 496 at 0x725000010000 allocated by thread T2:
    #0 calloc /extra/alexey/worktrees/perf/compiler-rt/lib/tsan/rtl/tsan_interceptors_posix.cpp:686:5 (memcached+0x6282a)
    #1 conn_new /home/alexey/tsan-experiments/nosql/memcached/memcached-tsan-sound-stmt/memcached.c:656:27 (memcached+0xeb278)
    #2 thread_libevent_process /home/alexey/tsan-experiments/nosql/memcached/memcached-tsan-sound-stmt/thread.c:624:21 (memcached+0x10ec7d)
    #3 <null> <null> (libevent-2.1.so.7+0x20b3b) (BuildId: 79ee78eebaf1fabcfa2c5160e0b25a68bf3edce9)

  Thread T3 'mc-worker' (tid=4179304, running) created by main thread at:
    #0 pthread_create /extra/alexey/worktrees/perf/compiler-rt/lib/tsan/rtl/tsan_interceptors_posix.cpp:1023:3 (memcached+0x640ef)
    #1 create_worker /home/alexey/tsan-experiments/nosql/memcached/memcached-tsan-sound-stmt/thread.c:385:16 (memcached+0x10e594)
    #2 memcached_thread_init /home/alexey/tsan-experiments/nosql/memcached/memcached-tsan-sound-stmt/thread.c:1155:9 (memcached+0x10e594)
    #3 main /home/alexey/tsan-experiments/nosql/memcached/memcached-tsan-sound-stmt/memcached.c:6138:5 (memcached+0xf580e)

  Thread T2 'mc-worker' (tid=4179303, running) created by main thread at:
    #0 pthread_create /extra/alexey/worktrees/perf/compiler-rt/lib/tsan/rtl/tsan_interceptors_posix.cpp:1023:3 (memcached+0x640ef)
    #1 create_worker /home/alexey/tsan-experiments/nosql/memcached/memcached-tsan-sound-stmt/thread.c:385:16 (memcached+0x10e594)
    #2 memcached_thread_init /home/alexey/tsan-experiments/nosql/memcached/memcached-tsan-sound-stmt/thread.c:1155:9 (memcached+0x10e594)
    #3 main /home/alexey/tsan-experiments/nosql/memcached/memcached-tsan-sound-stmt/memcached.c:6138:5 (memcached+0xf580e)

SUMMARY: ThreadSanitizer: data race /home/alexey/tsan-experiments/nosql/memcached/memcached-tsan-sound-stmt/memcached.c:764:28 in conn_new
==================
==================
WARNING: ThreadSanitizer: data race (pid=4179300)
  Write of size 8 at 0x7250000101d8 by thread T3:
    #0 conn_new /home/alexey/tsan-experiments/nosql/memcached/memcached-tsan-sound-stmt/memcached.c:784:17 (memcached+0xeb682)
    #1 thread_libevent_process /home/alexey/tsan-experiments/nosql/memcached/memcached-tsan-sound-stmt/thread.c:624:21 (memcached+0x10ec7d)
    #2 <null> <null> (libevent-2.1.so.7+0x20b3b) (BuildId: 79ee78eebaf1fabcfa2c5160e0b25a68bf3edce9)

  Previous write of size 8 at 0x7250000101d8 by thread T2:
    #0 conn_new /home/alexey/tsan-experiments/nosql/memcached/memcached-tsan-sound-stmt/memcached.c:784:17 (memcached+0xeb682)
    #1 thread_libevent_process /home/alexey/tsan-experiments/nosql/memcached/memcached-tsan-sound-stmt/thread.c:624:21 (memcached+0x10ec7d)
    #2 <null> <null> (libevent-2.1.so.7+0x20b3b) (BuildId: 79ee78eebaf1fabcfa2c5160e0b25a68bf3edce9)

  Location is heap block of size 496 at 0x725000010000 allocated by thread T2:
    #0 calloc /extra/alexey/worktrees/perf/compiler-rt/lib/tsan/rtl/tsan_interceptors_posix.cpp:686:5 (memcached+0x6282a)
    #1 conn_new /home/alexey/tsan-experiments/nosql/memcached/memcached-tsan-sound-stmt/memcached.c:656:27 (memcached+0xeb278)
    #2 thread_libevent_process /home/alexey/tsan-experiments/nosql/memcached/memcached-tsan-sound-stmt/thread.c:624:21 (memcached+0x10ec7d)
    #3 <null> <null> (libevent-2.1.so.7+0x20b3b) (BuildId: 79ee78eebaf1fabcfa2c5160e0b25a68bf3edce9)

  Thread T3 'mc-worker' (tid=4179304, running) created by main thread at:
    #0 pthread_create /extra/alexey/worktrees/perf/compiler-rt/lib/tsan/rtl/tsan_interceptors_posix.cpp:1023:3 (memcached+0x640ef)
    #1 create_worker /home/alexey/tsan-experiments/nosql/memcached/memcached-tsan-sound-stmt/thread.c:385:16 (memcached+0x10e594)
    #2 memcached_thread_init /home/alexey/tsan-experiments/nosql/memcached/memcached-tsan-sound-stmt/thread.c:1155:9 (memcached+0x10e594)
    #3 main /home/alexey/tsan-experiments/nosql/memcached/memcached-tsan-sound-stmt/memcached.c:6138:5 (memcached+0xf580e)

  Thread T2 'mc-worker' (tid=4179303, running) created by main thread at:
    #0 pthread_create /extra/alexey/worktrees/perf/compiler-rt/lib/tsan/rtl/tsan_interceptors_posix.cpp:1023:3 (memcached+0x640ef)
    #1 create_worker /home/alexey/tsan-experiments/nosql/memcached/memcached-tsan-sound-stmt/thread.c:385:16 (memcached+0x10e594)
    #2 memcached_thread_init /home/alexey/tsan-experiments/nosql/memcached/memcached-tsan-sound-stmt/thread.c:1155:9 (memcached+0x10e594)
    #3 main /home/alexey/tsan-experiments/nosql/memcached/memcached-tsan-sound-stmt/memcached.c:6138:5 (memcached+0xf580e)

SUMMARY: ThreadSanitizer: data race /home/alexey/tsan-experiments/nosql/memcached/memcached-tsan-sound-stmt/memcached.c:784:17 in conn_new
==================
==================
WARNING: ThreadSanitizer: data race (pid=4179300)
  Write of size 8 at 0x7250000101e0 by thread T3:
    #0 conn_new /home/alexey/tsan-experiments/nosql/memcached/memcached-tsan-sound-stmt/memcached.c:785:20 (memcached+0xeb6a1)
    #1 thread_libevent_process /home/alexey/tsan-experiments/nosql/memcached/memcached-tsan-sound-stmt/thread.c:624:21 (memcached+0x10ec7d)
    #2 <null> <null> (libevent-2.1.so.7+0x20b3b) (BuildId: 79ee78eebaf1fabcfa2c5160e0b25a68bf3edce9)

  Previous write of size 8 at 0x7250000101e0 by thread T2:
    #0 conn_new /home/alexey/tsan-experiments/nosql/memcached/memcached-tsan-sound-stmt/memcached.c:785:20 (memcached+0xeb6a1)
    #1 thread_libevent_process /home/alexey/tsan-experiments/nosql/memcached/memcached-tsan-sound-stmt/thread.c:624:21 (memcached+0x10ec7d)
    #2 <null> <null> (libevent-2.1.so.7+0x20b3b) (BuildId: 79ee78eebaf1fabcfa2c5160e0b25a68bf3edce9)

  Location is heap block of size 496 at 0x725000010000 allocated by thread T2:
    #0 calloc /extra/alexey/worktrees/perf/compiler-rt/lib/tsan/rtl/tsan_interceptors_posix.cpp:686:5 (memcached+0x6282a)
    #1 conn_new /home/alexey/tsan-experiments/nosql/memcached/memcached-tsan-sound-stmt/memcached.c:656:27 (memcached+0xeb278)
    #2 thread_libevent_process /home/alexey/tsan-experiments/nosql/memcached/memcached-tsan-sound-stmt/thread.c:624:21 (memcached+0x10ec7d)
    #3 <null> <null> (libevent-2.1.so.7+0x20b3b) (BuildId: 79ee78eebaf1fabcfa2c5160e0b25a68bf3edce9)

  Thread T3 'mc-worker' (tid=4179304, running) created by main thread at:
    #0 pthread_create /extra/alexey/worktrees/perf/compiler-rt/lib/tsan/rtl/tsan_interceptors_posix.cpp:1023:3 (memcached+0x640ef)
    #1 create_worker /home/alexey/tsan-experiments/nosql/memcached/memcached-tsan-sound-stmt/thread.c:385:16 (memcached+0x10e594)
    #2 memcached_thread_init /home/alexey/tsan-experiments/nosql/memcached/memcached-tsan-sound-stmt/thread.c:1155:9 (memcached+0x10e594)
    #3 main /home/alexey/tsan-experiments/nosql/memcached/memcached-tsan-sound-stmt/memcached.c:6138:5 (memcached+0xf580e)

  Thread T2 'mc-worker' (tid=4179303, running) created by main thread at:
    #0 pthread_create /extra/alexey/worktrees/perf/compiler-rt/lib/tsan/rtl/tsan_interceptors_posix.cpp:1023:3 (memcached+0x640ef)
    #1 create_worker /home/alexey/tsan-experiments/nosql/memcached/memcached-tsan-sound-stmt/thread.c:385:16 (memcached+0x10e594)
    #2 memcached_thread_init /home/alexey/tsan-experiments/nosql/memcached/memcached-tsan-sound-stmt/thread.c:1155:9 (memcached+0x10e594)
    #3 main /home/alexey/tsan-experiments/nosql/memcached/memcached-tsan-sound-stmt/memcached.c:6138:5 (memcached+0xf580e)

SUMMARY: ThreadSanitizer: data race /home/alexey/tsan-experiments/nosql/memcached/memcached-tsan-sound-stmt/memcached.c:785:20 in conn_new
==================
==================
WARNING: ThreadSanitizer: data race (pid=4179300)
  Write of size 8 at 0x7250000101e8 by thread T3:
    #0 conn_new /home/alexey/tsan-experiments/nosql/memcached/memcached-tsan-sound-stmt/memcached.c:786:18 (memcached+0xeb6c3)
    #1 thread_libevent_process /home/alexey/tsan-experiments/nosql/memcached/memcached-tsan-sound-stmt/thread.c:624:21 (memcached+0x10ec7d)
    #2 <null> <null> (libevent-2.1.so.7+0x20b3b) (BuildId: 79ee78eebaf1fabcfa2c5160e0b25a68bf3edce9)

  Previous write of size 8 at 0x7250000101e8 by thread T2:
    #0 conn_new /home/alexey/tsan-experiments/nosql/memcached/memcached-tsan-sound-stmt/memcached.c:786:18 (memcached+0xeb6c3)
    #1 thread_libevent_process /home/alexey/tsan-experiments/nosql/memcached/memcached-tsan-sound-stmt/thread.c:624:21 (memcached+0x10ec7d)
    #2 <null> <null> (libevent-2.1.so.7+0x20b3b) (BuildId: 79ee78eebaf1fabcfa2c5160e0b25a68bf3edce9)

  Location is heap block of size 496 at 0x725000010000 allocated by thread T2:
    #0 calloc /extra/alexey/worktrees/perf/compiler-rt/lib/tsan/rtl/tsan_interceptors_posix.cpp:686:5 (memcached+0x6282a)
    #1 conn_new /home/alexey/tsan-experiments/nosql/memcached/memcached-tsan-sound-stmt/memcached.c:656:27 (memcached+0xeb278)
    #2 thread_libevent_process /home/alexey/tsan-experiments/nosql/memcached/memcached-tsan-sound-stmt/thread.c:624:21 (memcached+0x10ec7d)
    #3 <null> <null> (libevent-2.1.so.7+0x20b3b) (BuildId: 79ee78eebaf1fabcfa2c5160e0b25a68bf3edce9)

  Thread T3 'mc-worker' (tid=4179304, running) created by main thread at:
    #0 pthread_create /extra/alexey/worktrees/perf/compiler-rt/lib/tsan/rtl/tsan_interceptors_posix.cpp:1023:3 (memcached+0x640ef)
    #1 create_worker /home/alexey/tsan-experiments/nosql/memcached/memcached-tsan-sound-stmt/thread.c:385:16 (memcached+0x10e594)
    #2 memcached_thread_init /home/alexey/tsan-experiments/nosql/memcached/memcached-tsan-sound-stmt/thread.c:1155:9 (memcached+0x10e594)
    #3 main /home/alexey/tsan-experiments/nosql/memcached/memcached-tsan-sound-stmt/memcached.c:6138:5 (memcached+0xf580e)

  Thread T2 'mc-worker' (tid=4179303, running) created by main thread at:
    #0 pthread_create /extra/alexey/worktrees/perf/compiler-rt/lib/tsan/rtl/tsan_interceptors_posix.cpp:1023:3 (memcached+0x640ef)
    #1 create_worker /home/alexey/tsan-experiments/nosql/memcached/memcached-tsan-sound-stmt/thread.c:385:16 (memcached+0x10e594)
    #2 memcached_thread_init /home/alexey/tsan-experiments/nosql/memcached/memcached-tsan-sound-stmt/thread.c:1155:9 (memcached+0x10e594)
    #3 main /home/alexey/tsan-experiments/nosql/memcached/memcached-tsan-sound-stmt/memcached.c:6138:5 (memcached+0xf580e)

SUMMARY: ThreadSanitizer: data race /home/alexey/tsan-experiments/nosql/memcached/memcached-tsan-sound-stmt/memcached.c:786:18 in conn_new
==================
==================
WARNING: ThreadSanitizer: data race (pid=4179300)
  Write of size 8 at 0x7250000101d0 by thread T3:
    #0 conn_new /home/alexey/tsan-experiments/nosql/memcached/memcached-tsan-sound-stmt/memcached.c:808:37 (memcached+0xeb892)
    #1 thread_libevent_process /home/alexey/tsan-experiments/nosql/memcached/memcached-tsan-sound-stmt/thread.c:624:21 (memcached+0x10ec7d)
    #2 <null> <null> (libevent-2.1.so.7+0x20b3b) (BuildId: 79ee78eebaf1fabcfa2c5160e0b25a68bf3edce9)

  Previous write of size 8 at 0x7250000101d0 by thread T2:
    #0 try_read_command_negotiate /home/alexey/tsan-experiments/nosql/memcached/memcached-tsan-sound-stmt/memcached.c (memcached+0xebdea)
    #1 drive_machine /home/alexey/tsan-experiments/nosql/memcached/memcached-tsan-sound-stmt/memcached.c:3193:17 (memcached+0xe686e)
    #2 event_handler /home/alexey/tsan-experiments/nosql/memcached/memcached-tsan-sound-stmt/memcached.c:3476:5 (memcached+0xebf10)
    #3 <null> <null> (libevent-2.1.so.7+0x20b3b) (BuildId: 79ee78eebaf1fabcfa2c5160e0b25a68bf3edce9)

  Location is heap block of size 496 at 0x725000010000 allocated by thread T2:
    #0 calloc /extra/alexey/worktrees/perf/compiler-rt/lib/tsan/rtl/tsan_interceptors_posix.cpp:686:5 (memcached+0x6282a)
    #1 conn_new /home/alexey/tsan-experiments/nosql/memcached/memcached-tsan-sound-stmt/memcached.c:656:27 (memcached+0xeb278)
    #2 thread_libevent_process /home/alexey/tsan-experiments/nosql/memcached/memcached-tsan-sound-stmt/thread.c:624:21 (memcached+0x10ec7d)
    #3 <null> <null> (libevent-2.1.so.7+0x20b3b) (BuildId: 79ee78eebaf1fabcfa2c5160e0b25a68bf3edce9)

  Thread T3 'mc-worker' (tid=4179304, running) created by main thread at:
    #0 pthread_create /extra/alexey/worktrees/perf/compiler-rt/lib/tsan/rtl/tsan_interceptors_posix.cpp:1023:3 (memcached+0x640ef)
    #1 create_worker /home/alexey/tsan-experiments/nosql/memcached/memcached-tsan-sound-stmt/thread.c:385:16 (memcached+0x10e594)
    #2 memcached_thread_init /home/alexey/tsan-experiments/nosql/memcached/memcached-tsan-sound-stmt/thread.c:1155:9 (memcached+0x10e594)
    #3 main /home/alexey/tsan-experiments/nosql/memcached/memcached-tsan-sound-stmt/memcached.c:6138:5 (memcached+0xf580e)

  Thread T2 'mc-worker' (tid=4179303, running) created by main thread at:
    #0 pthread_create /extra/alexey/worktrees/perf/compiler-rt/lib/tsan/rtl/tsan_interceptors_posix.cpp:1023:3 (memcached+0x640ef)
    #1 create_worker /home/alexey/tsan-experiments/nosql/memcached/memcached-tsan-sound-stmt/thread.c:385:16 (memcached+0x10e594)
    #2 memcached_thread_init /home/alexey/tsan-experiments/nosql/memcached/memcached-tsan-sound-stmt/thread.c:1155:9 (memcached+0x10e594)
    #3 main /home/alexey/tsan-experiments/nosql/memcached/memcached-tsan-sound-stmt/memcached.c:6138:5 (memcached+0xf580e)

SUMMARY: ThreadSanitizer: data race /home/alexey/tsan-experiments/nosql/memcached/memcached-tsan-sound-stmt/memcached.c:808:37 in conn_new
==================
==================
WARNING: ThreadSanitizer: data race (pid=4179300)
  Write of size 2 at 0x7250000100a0 by thread T3:
    #0 conn_new /home/alexey/tsan-experiments/nosql/memcached/memcached-tsan-sound-stmt/memcached.c:820:17 (memcached+0xeb73d)
    #1 thread_libevent_process /home/alexey/tsan-experiments/nosql/memcached/memcached-tsan-sound-stmt/thread.c:624:21 (memcached+0x10ec7d)
    #2 <null> <null> (libevent-2.1.so.7+0x20b3b) (BuildId: 79ee78eebaf1fabcfa2c5160e0b25a68bf3edce9)

  Previous write of size 8 at 0x7250000100a0 by thread T2:
    #0 calloc /extra/alexey/worktrees/perf/compiler-rt/lib/tsan/rtl/tsan_interceptors_posix.cpp:686:5 (memcached+0x6282a)
    #1 conn_new /home/alexey/tsan-experiments/nosql/memcached/memcached-tsan-sound-stmt/memcached.c:656:27 (memcached+0xeb278)
    #2 thread_libevent_process /home/alexey/tsan-experiments/nosql/memcached/memcached-tsan-sound-stmt/thread.c:624:21 (memcached+0x10ec7d)
    #3 <null> <null> (libevent-2.1.so.7+0x20b3b) (BuildId: 79ee78eebaf1fabcfa2c5160e0b25a68bf3edce9)

  Location is heap block of size 496 at 0x725000010000 allocated by thread T2:
    #0 calloc /extra/alexey/worktrees/perf/compiler-rt/lib/tsan/rtl/tsan_interceptors_posix.cpp:686:5 (memcached+0x6282a)
    #1 conn_new /home/alexey/tsan-experiments/nosql/memcached/memcached-tsan-sound-stmt/memcached.c:656:27 (memcached+0xeb278)
    #2 thread_libevent_process /home/alexey/tsan-experiments/nosql/memcached/memcached-tsan-sound-stmt/thread.c:624:21 (memcached+0x10ec7d)
    #3 <null> <null> (libevent-2.1.so.7+0x20b3b) (BuildId: 79ee78eebaf1fabcfa2c5160e0b25a68bf3edce9)

  Thread T3 'mc-worker' (tid=4179304, running) created by main thread at:
    #0 pthread_create /extra/alexey/worktrees/perf/compiler-rt/lib/tsan/rtl/tsan_interceptors_posix.cpp:1023:3 (memcached+0x640ef)
    #1 create_worker /home/alexey/tsan-experiments/nosql/memcached/memcached-tsan-sound-stmt/thread.c:385:16 (memcached+0x10e594)
    #2 memcached_thread_init /home/alexey/tsan-experiments/nosql/memcached/memcached-tsan-sound-stmt/thread.c:1155:9 (memcached+0x10e594)
    #3 main /home/alexey/tsan-experiments/nosql/memcached/memcached-tsan-sound-stmt/memcached.c:6138:5 (memcached+0xf580e)

  Thread T2 'mc-worker' (tid=4179303, running) created by main thread at:
    #0 pthread_create /extra/alexey/worktrees/perf/compiler-rt/lib/tsan/rtl/tsan_interceptors_posix.cpp:1023:3 (memcached+0x640ef)
    #1 create_worker /home/alexey/tsan-experiments/nosql/memcached/memcached-tsan-sound-stmt/thread.c:385:16 (memcached+0x10e594)
    #2 memcached_thread_init /home/alexey/tsan-experiments/nosql/memcached/memcached-tsan-sound-stmt/thread.c:1155:9 (memcached+0x10e594)
    #3 main /home/alexey/tsan-experiments/nosql/memcached/memcached-tsan-sound-stmt/memcached.c:6138:5 (memcached+0xf580e)

SUMMARY: ThreadSanitizer: data race /home/alexey/tsan-experiments/nosql/memcached/memcached-tsan-sound-stmt/memcached.c:820:17 in conn_new
==================
==================
WARNING: ThreadSanitizer: data race (pid=4179300)
  Read of size 2 at 0x7fffec7fff9e by thread T7:
    #0 item_remove /home/alexey/tsan-experiments/nosql/memcached/memcached-tsan-sound-stmt/thread.c:921:15 (memcached+0x10c99f)
    #1 complete_nread_ascii /home/alexey/tsan-experiments/nosql/memcached/memcached-tsan-sound-stmt/proto_text.c:241:5 (memcached+0x11b834)
    #2 complete_nread /home/alexey/tsan-experiments/nosql/memcached/memcached-tsan-sound-stmt/memcached.c:1485:9 (memcached+0xe765b)
    #3 drive_machine /home/alexey/tsan-experiments/nosql/memcached/memcached-tsan-sound-stmt/memcached.c:3239:17 (memcached+0xe765b)
    #4 event_handler /home/alexey/tsan-experiments/nosql/memcached/memcached-tsan-sound-stmt/memcached.c:3476:5 (memcached+0xebf10)
    #5 <null> <null> (libevent-2.1.so.7+0x20b3b) (BuildId: 79ee78eebaf1fabcfa2c5160e0b25a68bf3edce9)

  Previous write of size 2 at 0x7fffec7fff9e by thread T9 (mutexes: write M0):
    #0 do_item_unlink /home/alexey/tsan-experiments/nosql/memcached/memcached-tsan-sound-stmt/items.c:516:22 (memcached+0x103e9c)
    #1 do_item_replace /home/alexey/tsan-experiments/nosql/memcached/memcached-tsan-sound-stmt/items.c:589:5 (memcached+0x104db5)
    #2 item_replace /home/alexey/tsan-experiments/nosql/memcached/memcached-tsan-sound-stmt/thread.c:934:12 (memcached+0x10cabb)
    #3 do_store_item /home/alexey/tsan-experiments/nosql/memcached/memcached-tsan-sound-stmt/memcached.c:1715:13 (memcached+0xee8b1)
    #4 store_item /home/alexey/tsan-experiments/nosql/memcached/memcached-tsan-sound-stmt/thread.c:974:11 (memcached+0x10ce86)
    #5 complete_nread_ascii /home/alexey/tsan-experiments/nosql/memcached/memcached-tsan-sound-stmt/proto_text.c:184:13 (memcached+0x11b570)
    #6 complete_nread /home/alexey/tsan-experiments/nosql/memcached/memcached-tsan-sound-stmt/memcached.c:1485:9 (memcached+0xe765b)
    #7 drive_machine /home/alexey/tsan-experiments/nosql/memcached/memcached-tsan-sound-stmt/memcached.c:3239:17 (memcached+0xe765b)
    #8 event_handler /home/alexey/tsan-experiments/nosql/memcached/memcached-tsan-sound-stmt/memcached.c:3476:5 (memcached+0xebf10)
    #9 <null> <null> (libevent-2.1.so.7+0x20b3b) (BuildId: 79ee78eebaf1fabcfa2c5160e0b25a68bf3edce9)

  Location is heap block of size 1048576 at 0x7fffec700000 allocated by thread T7:
    #0 malloc /extra/alexey/worktrees/perf/compiler-rt/lib/tsan/rtl/tsan_interceptors_posix.cpp:666:5 (memcached+0x625af)
    #1 memory_allocate /home/alexey/tsan-experiments/nosql/memcached/memcached-tsan-sound-stmt/slabs.c:615:15 (memcached+0x101602)
    #2 do_slabs_newslab /home/alexey/tsan-experiments/nosql/memcached/memcached-tsan-sound-stmt/slabs.c:386:17 (memcached+0x101602)
    #3 do_slabs_alloc /home/alexey/tsan-experiments/nosql/memcached/memcached-tsan-sound-stmt/slabs.c:423:9 (memcached+0xfe486)
    #4 slabs_alloc /home/alexey/tsan-experiments/nosql/memcached/memcached-tsan-sound-stmt/slabs.c:661:11 (memcached+0xfe486)
    #5 do_item_alloc_pull /home/alexey/tsan-experiments/nosql/memcached/memcached-tsan-sound-stmt/items.c:181:14 (memcached+0x101d1c)
    #6 do_item_alloc /home/alexey/tsan-experiments/nosql/memcached/memcached-tsan-sound-stmt/items.c:298:14 (memcached+0x10311d)
    #7 item_alloc /home/alexey/tsan-experiments/nosql/memcached/memcached-tsan-sound-stmt/thread.c:876:10 (memcached+0x10c5a2)
    #8 process_update_command /home/alexey/tsan-experiments/nosql/memcached/memcached-tsan-sound-stmt/proto_text.c:2044:10 (memcached+0x121c02)
    #9 process_command_ascii /home/alexey/tsan-experiments/nosql/memcached/memcached-tsan-sound-stmt/proto_text.c (memcached+0x11cdea)
    #10 try_read_command_ascii /home/alexey/tsan-experiments/nosql/memcached/memcached-tsan-sound-stmt/proto_text.c:494:5 (memcached+0x11c570)
    #11 try_read_command_negotiate /home/alexey/tsan-experiments/nosql/memcached/memcached-tsan-sound-stmt/memcached.c:2427:12 (memcached+0xebe0e)
    #12 drive_machine /home/alexey/tsan-experiments/nosql/memcached/memcached-tsan-sound-stmt/memcached.c:3193:17 (memcached+0xe686e)
    #13 event_handler /home/alexey/tsan-experiments/nosql/memcached/memcached-tsan-sound-stmt/memcached.c:3476:5 (memcached+0xebf10)
    #14 <null> <null> (libevent-2.1.so.7+0x20b3b) (BuildId: 79ee78eebaf1fabcfa2c5160e0b25a68bf3edce9)

  Mutex M0 (0x7ffff4b31f48) created at:
    #0 pthread_mutex_init /extra/alexey/worktrees/perf/compiler-rt/lib/tsan/rtl/tsan_interceptors_posix.cpp:1316:3 (memcached+0x65a23)
    #1 memcached_thread_init /home/alexey/tsan-experiments/nosql/memcached/memcached-tsan-sound-stmt/thread.c:1132:9 (memcached+0x10df38)
    #2 main /home/alexey/tsan-experiments/nosql/memcached/memcached-tsan-sound-stmt/memcached.c:6138:5 (memcached+0xf580e)

  Thread T7 'mc-worker' (tid=4179308, running) created by main thread at:
    #0 pthread_create /extra/alexey/worktrees/perf/compiler-rt/lib/tsan/rtl/tsan_interceptors_posix.cpp:1023:3 (memcached+0x640ef)
    #1 create_worker /home/alexey/tsan-experiments/nosql/memcached/memcached-tsan-sound-stmt/thread.c:385:16 (memcached+0x10e594)
    #2 memcached_thread_init /home/alexey/tsan-experiments/nosql/memcached/memcached-tsan-sound-stmt/thread.c:1155:9 (memcached+0x10e594)
    #3 main /home/alexey/tsan-experiments/nosql/memcached/memcached-tsan-sound-stmt/memcached.c:6138:5 (memcached+0xf580e)

  Thread T9 'mc-worker' (tid=4179310, running) created by main thread at:
    #0 pthread_create /extra/alexey/worktrees/perf/compiler-rt/lib/tsan/rtl/tsan_interceptors_posix.cpp:1023:3 (memcached+0x640ef)
    #1 create_worker /home/alexey/tsan-experiments/nosql/memcached/memcached-tsan-sound-stmt/thread.c:385:16 (memcached+0x10e594)
    #2 memcached_thread_init /home/alexey/tsan-experiments/nosql/memcached/memcached-tsan-sound-stmt/thread.c:1155:9 (memcached+0x10e594)
    #3 main /home/alexey/tsan-experiments/nosql/memcached/memcached-tsan-sound-stmt/memcached.c:6138:5 (memcached+0xf580e)

SUMMARY: ThreadSanitizer: data race /home/alexey/tsan-experiments/nosql/memcached/memcached-tsan-sound-stmt/thread.c:921:15 in item_remove
==================
==================
WARNING: ThreadSanitizer: data race (pid=4179300)
  Read of size 8 at 0x555556a47bd0 by main thread:
    #0 clock_handler /home/alexey/tsan-experiments/nosql/memcached/memcached-tsan-sound-stmt/memcached.c:4009:36 (memcached+0xf8ab8)
    #1 <null> <null> (libevent-2.1.so.7+0x20a57) (BuildId: 79ee78eebaf1fabcfa2c5160e0b25a68bf3edce9)
    #2 __libc_start_call_main csu/../sysdeps/nptl/libc_start_call_main.h:58:16 (libc.so.6+0x2a1c9) (BuildId: 282c2c16e7b6600b0b22ea0c99010d2795752b5f)

  Previous write of size 8 at 0x555556a47bd0 by thread T25 (mutexes: write M0, write M1):
    #0 do_item_unlink /home/alexey/tsan-experiments/nosql/memcached/memcached-tsan-sound-stmt/items.c:519:32 (memcached+0x103f4a)
    #1 do_item_replace /home/alexey/tsan-experiments/nosql/memcached/memcached-tsan-sound-stmt/items.c:589:5 (memcached+0x104db5)
    #2 item_replace /home/alexey/tsan-experiments/nosql/memcached/memcached-tsan-sound-stmt/thread.c:934:12 (memcached+0x10cabb)
    #3 do_store_item /home/alexey/tsan-experiments/nosql/memcached/memcached-tsan-sound-stmt/memcached.c:1715:13 (memcached+0xee8b1)
    #4 store_item /home/alexey/tsan-experiments/nosql/memcached/memcached-tsan-sound-stmt/thread.c:974:11 (memcached+0x10ce86)
    #5 complete_nread_ascii /home/alexey/tsan-experiments/nosql/memcached/memcached-tsan-sound-stmt/proto_text.c:184:13 (memcached+0x11b570)
    #6 complete_nread /home/alexey/tsan-experiments/nosql/memcached/memcached-tsan-sound-stmt/memcached.c:1485:9 (memcached+0xe765b)
    #7 drive_machine /home/alexey/tsan-experiments/nosql/memcached/memcached-tsan-sound-stmt/memcached.c:3239:17 (memcached+0xe765b)
    #8 event_handler /home/alexey/tsan-experiments/nosql/memcached/memcached-tsan-sound-stmt/memcached.c:3476:5 (memcached+0xebf10)
    #9 <null> <null> (libevent-2.1.so.7+0x20b3b) (BuildId: 79ee78eebaf1fabcfa2c5160e0b25a68bf3edce9)

  Location is global 'stats_state' of size 56 at 0x555556a47bd0 (memcached+0x14f3bd0)

  Mutex M0 (0x7ffff4b5be60) created at:
    #0 pthread_mutex_init /extra/alexey/worktrees/perf/compiler-rt/lib/tsan/rtl/tsan_interceptors_posix.cpp:1316:3 (memcached+0x65a23)
    #1 memcached_thread_init /home/alexey/tsan-experiments/nosql/memcached/memcached-tsan-sound-stmt/thread.c:1132:9 (memcached+0x10df38)
    #2 main /home/alexey/tsan-experiments/nosql/memcached/memcached-tsan-sound-stmt/memcached.c:6138:5 (memcached+0xf580e)

  Mutex M1 (0x555556a55638) created at:
    #0 pthread_mutex_lock /extra/alexey/worktrees/perf/compiler-rt/lib/tsan/rtl/tsan_interceptors_posix.cpp:1342:3 (memcached+0x65d4e)
    #1 STATS_LOCK /home/alexey/tsan-experiments/nosql/memcached/memcached-tsan-sound-stmt/thread.c:982:5 (memcached+0x10cf16)
    #2 assoc_init /home/alexey/tsan-experiments/nosql/memcached/memcached-tsan-sound-stmt/assoc.c:64:5 (memcached+0x109c84)
    #3 main /home/alexey/tsan-experiments/nosql/memcached/memcached-tsan-sound-stmt/memcached.c:6082:5 (memcached+0xf5659)

  Thread T25 'mc-worker' (tid=4179326, running) created by main thread at:
    #0 pthread_create /extra/alexey/worktrees/perf/compiler-rt/lib/tsan/rtl/tsan_interceptors_posix.cpp:1023:3 (memcached+0x640ef)
    #1 create_worker /home/alexey/tsan-experiments/nosql/memcached/memcached-tsan-sound-stmt/thread.c:385:16 (memcached+0x10e594)
    #2 memcached_thread_init /home/alexey/tsan-experiments/nosql/memcached/memcached-tsan-sound-stmt/thread.c:1155:9 (memcached+0x10e594)
    #3 main /home/alexey/tsan-experiments/nosql/memcached/memcached-tsan-sound-stmt/memcached.c:6138:5 (memcached+0xf580e)

SUMMARY: ThreadSanitizer: data race /home/alexey/tsan-experiments/nosql/memcached/memcached-tsan-sound-stmt/memcached.c:4009:36 in clock_handler
==================
==================
WARNING: ThreadSanitizer: data race (pid=4179300)
  Write of size 2 at 0x7fffec7fe996 by thread T23 (mutexes: write M0):
    #0 do_item_unlink /home/alexey/tsan-experiments/nosql/memcached/memcached-tsan-sound-stmt/items.c:516:22 (memcached+0x103e9c)
    #1 do_item_replace /home/alexey/tsan-experiments/nosql/memcached/memcached-tsan-sound-stmt/items.c:589:5 (memcached+0x104db5)
    #2 item_replace /home/alexey/tsan-experiments/nosql/memcached/memcached-tsan-sound-stmt/thread.c:934:12 (memcached+0x10cabb)
    #3 do_store_item /home/alexey/tsan-experiments/nosql/memcached/memcached-tsan-sound-stmt/memcached.c:1715:13 (memcached+0xee8b1)
    #4 store_item /home/alexey/tsan-experiments/nosql/memcached/memcached-tsan-sound-stmt/thread.c:974:11 (memcached+0x10ce86)
    #5 complete_nread_ascii /home/alexey/tsan-experiments/nosql/memcached/memcached-tsan-sound-stmt/proto_text.c:184:13 (memcached+0x11b570)
    #6 complete_nread /home/alexey/tsan-experiments/nosql/memcached/memcached-tsan-sound-stmt/memcached.c:1485:9 (memcached+0xe765b)
    #7 drive_machine /home/alexey/tsan-experiments/nosql/memcached/memcached-tsan-sound-stmt/memcached.c:3239:17 (memcached+0xe765b)
    #8 event_handler /home/alexey/tsan-experiments/nosql/memcached/memcached-tsan-sound-stmt/memcached.c:3476:5 (memcached+0xebf10)
    #9 <null> <null> (libevent-2.1.so.7+0x20b3b) (BuildId: 79ee78eebaf1fabcfa2c5160e0b25a68bf3edce9)

  Previous read of size 2 at 0x7fffec7fe996 by thread T28 (mutexes: write M1, write M2):
    #0 lru_pull_tail /home/alexey/tsan-experiments/nosql/memcached/memcached-tsan-sound-stmt/items.c:1137:28 (memcached+0x10206d)
    #1 lru_maintainer_juggle /home/alexey/tsan-experiments/nosql/memcached/memcached-tsan-sound-stmt/items.c:1448:13 (memcached+0x108627)
    #2 lru_maintainer_thread /home/alexey/tsan-experiments/nosql/memcached/memcached-tsan-sound-stmt/items.c:1645:29 (memcached+0x108627)

  Location is heap block of size 1048576 at 0x7fffec700000 allocated by thread T7:
    #0 malloc /extra/alexey/worktrees/perf/compiler-rt/lib/tsan/rtl/tsan_interceptors_posix.cpp:666:5 (memcached+0x625af)
    #1 memory_allocate /home/alexey/tsan-experiments/nosql/memcached/memcached-tsan-sound-stmt/slabs.c:615:15 (memcached+0x101602)
    #2 do_slabs_newslab /home/alexey/tsan-experiments/nosql/memcached/memcached-tsan-sound-stmt/slabs.c:386:17 (memcached+0x101602)
    #3 do_slabs_alloc /home/alexey/tsan-experiments/nosql/memcached/memcached-tsan-sound-stmt/slabs.c:423:9 (memcached+0xfe486)
    #4 slabs_alloc /home/alexey/tsan-experiments/nosql/memcached/memcached-tsan-sound-stmt/slabs.c:661:11 (memcached+0xfe486)
    #5 do_item_alloc_pull /home/alexey/tsan-experiments/nosql/memcached/memcached-tsan-sound-stmt/items.c:181:14 (memcached+0x101d1c)
    #6 do_item_alloc /home/alexey/tsan-experiments/nosql/memcached/memcached-tsan-sound-stmt/items.c:298:14 (memcached+0x10311d)
    #7 item_alloc /home/alexey/tsan-experiments/nosql/memcached/memcached-tsan-sound-stmt/thread.c:876:10 (memcached+0x10c5a2)
    #8 process_update_command /home/alexey/tsan-experiments/nosql/memcached/memcached-tsan-sound-stmt/proto_text.c:2044:10 (memcached+0x121c02)
    #9 process_command_ascii /home/alexey/tsan-experiments/nosql/memcached/memcached-tsan-sound-stmt/proto_text.c (memcached+0x11cdea)
    #10 try_read_command_ascii /home/alexey/tsan-experiments/nosql/memcached/memcached-tsan-sound-stmt/proto_text.c:494:5 (memcached+0x11c570)
    #11 try_read_command_negotiate /home/alexey/tsan-experiments/nosql/memcached/memcached-tsan-sound-stmt/memcached.c:2427:12 (memcached+0xebe0e)
    #12 drive_machine /home/alexey/tsan-experiments/nosql/memcached/memcached-tsan-sound-stmt/memcached.c:3193:17 (memcached+0xe686e)
    #13 event_handler /home/alexey/tsan-experiments/nosql/memcached/memcached-tsan-sound-stmt/memcached.c:3476:5 (memcached+0xebf10)
    #14 <null> <null> (libevent-2.1.so.7+0x20b3b) (BuildId: 79ee78eebaf1fabcfa2c5160e0b25a68bf3edce9)

  Mutex M0 (0x7ffff4bdba20) created at:
    #0 pthread_mutex_init /extra/alexey/worktrees/perf/compiler-rt/lib/tsan/rtl/tsan_interceptors_posix.cpp:1316:3 (memcached+0x65a23)
    #1 memcached_thread_init /home/alexey/tsan-experiments/nosql/memcached/memcached-tsan-sound-stmt/thread.c:1132:9 (memcached+0x10df38)
    #2 main /home/alexey/tsan-experiments/nosql/memcached/memcached-tsan-sound-stmt/memcached.c:6138:5 (memcached+0xf580e)

  Mutex M1 (0x555556a54cb0) created at:
    #0 pthread_mutex_lock /extra/alexey/worktrees/perf/compiler-rt/lib/tsan/rtl/tsan_interceptors_posix.cpp:1342:3 (memcached+0x65d4e)
    #1 start_lru_maintainer_thread /home/alexey/tsan-experiments/nosql/memcached/memcached-tsan-sound-stmt/items.c:1725:5 (memcached+0x107e0c)
    #2 main /home/alexey/tsan-experiments/nosql/memcached/memcached-tsan-sound-stmt/memcached.c:6170:33 (memcached+0xf5873)

  Mutex M2 (0x555556a556b0) created at:
    #0 pthread_mutex_init /extra/alexey/worktrees/perf/compiler-rt/lib/tsan/rtl/tsan_interceptors_posix.cpp:1316:3 (memcached+0x65a23)
    #1 memcached_thread_init /home/alexey/tsan-experiments/nosql/memcached/memcached-tsan-sound-stmt/thread.c:1093:9 (memcached+0x10ddca)
    #2 main /home/alexey/tsan-experiments/nosql/memcached/memcached-tsan-sound-stmt/memcached.c:6138:5 (memcached+0xf580e)

  Thread T23 'mc-worker' (tid=4179324, running) created by main thread at:
    #0 pthread_create /extra/alexey/worktrees/perf/compiler-rt/lib/tsan/rtl/tsan_interceptors_posix.cpp:1023:3 (memcached+0x640ef)
    #1 create_worker /home/alexey/tsan-experiments/nosql/memcached/memcached-tsan-sound-stmt/thread.c:385:16 (memcached+0x10e594)
    #2 memcached_thread_init /home/alexey/tsan-experiments/nosql/memcached/memcached-tsan-sound-stmt/thread.c:1155:9 (memcached+0x10e594)
    #3 main /home/alexey/tsan-experiments/nosql/memcached/memcached-tsan-sound-stmt/memcached.c:6138:5 (memcached+0xf580e)

  Thread T28 'mc-lrumaint' (tid=4179329, running) created by main thread at:
    #0 pthread_create /extra/alexey/worktrees/perf/compiler-rt/lib/tsan/rtl/tsan_interceptors_posix.cpp:1023:3 (memcached+0x640ef)
    #1 start_lru_maintainer_thread /home/alexey/tsan-experiments/nosql/memcached/memcached-tsan-sound-stmt/items.c:1728:16 (memcached+0x107e6d)
    #2 main /home/alexey/tsan-experiments/nosql/memcached/memcached-tsan-sound-stmt/memcached.c:6170:33 (memcached+0xf5873)

  Thread T7 'mc-worker' (tid=4179308, running) created by main thread at:
    #0 pthread_create /extra/alexey/worktrees/perf/compiler-rt/lib/tsan/rtl/tsan_interceptors_posix.cpp:1023:3 (memcached+0x640ef)
    #1 create_worker /home/alexey/tsan-experiments/nosql/memcached/memcached-tsan-sound-stmt/thread.c:385:16 (memcached+0x10e594)
    #2 memcached_thread_init /home/alexey/tsan-experiments/nosql/memcached/memcached-tsan-sound-stmt/thread.c:1155:9 (memcached+0x10e594)
    #3 main /home/alexey/tsan-experiments/nosql/memcached/memcached-tsan-sound-stmt/memcached.c:6138:5 (memcached+0xf580e)

SUMMARY: ThreadSanitizer: data race /home/alexey/tsan-experiments/nosql/memcached/memcached-tsan-sound-stmt/items.c:516:22 in do_item_unlink
==================
==================
WARNING: ThreadSanitizer: data race (pid=4179300)
  Read of size 8 at 0x555556a47bd0 by main thread:
    #0 clock_handler /home/alexey/tsan-experiments/nosql/memcached/memcached-tsan-sound-stmt/memcached.c:4009:36 (memcached+0xf8ab8)
    #1 <null> <null> (libevent-2.1.so.7+0x20a57) (BuildId: 79ee78eebaf1fabcfa2c5160e0b25a68bf3edce9)
    #2 __libc_start_call_main csu/../sysdeps/nptl/libc_start_call_main.h:58:16 (libc.so.6+0x2a1c9) (BuildId: 282c2c16e7b6600b0b22ea0c99010d2795752b5f)

  Previous write of size 8 at 0x555556a47bd0 by thread T12 (mutexes: write M0, write M1):
    #0 do_item_link /home/alexey/tsan-experiments/nosql/memcached/memcached-tsan-sound-stmt/items.c:499:28 (memcached+0x103a85)
    #1 do_item_replace /home/alexey/tsan-experiments/nosql/memcached/memcached-tsan-sound-stmt/items.c:590:12 (memcached+0x104dc2)
    #2 item_replace /home/alexey/tsan-experiments/nosql/memcached/memcached-tsan-sound-stmt/thread.c:934:12 (memcached+0x10cabb)
    #3 do_store_item /home/alexey/tsan-experiments/nosql/memcached/memcached-tsan-sound-stmt/memcached.c:1715:13 (memcached+0xee8b1)
    #4 store_item /home/alexey/tsan-experiments/nosql/memcached/memcached-tsan-sound-stmt/thread.c:974:11 (memcached+0x10ce86)
    #5 complete_nread_ascii /home/alexey/tsan-experiments/nosql/memcached/memcached-tsan-sound-stmt/proto_text.c:184:13 (memcached+0x11b570)
    #6 complete_nread /home/alexey/tsan-experiments/nosql/memcached/memcached-tsan-sound-stmt/memcached.c:1485:9 (memcached+0xe765b)
    #7 drive_machine /home/alexey/tsan-experiments/nosql/memcached/memcached-tsan-sound-stmt/memcached.c:3239:17 (memcached+0xe765b)
    #8 event_handler /home/alexey/tsan-experiments/nosql/memcached/memcached-tsan-sound-stmt/memcached.c:3476:5 (memcached+0xebf10)
    #9 <null> <null> (libevent-2.1.so.7+0x20b3b) (BuildId: 79ee78eebaf1fabcfa2c5160e0b25a68bf3edce9)

  Location is global 'stats_state' of size 56 at 0x555556a47bd0 (memcached+0x14f3bd0)

  Mutex M0 (0x7ffff4ba5c68) created at:
    #0 pthread_mutex_init /extra/alexey/worktrees/perf/compiler-rt/lib/tsan/rtl/tsan_interceptors_posix.cpp:1316:3 (memcached+0x65a23)
    #1 memcached_thread_init /home/alexey/tsan-experiments/nosql/memcached/memcached-tsan-sound-stmt/thread.c:1132:9 (memcached+0x10df38)
    #2 main /home/alexey/tsan-experiments/nosql/memcached/memcached-tsan-sound-stmt/memcached.c:6138:5 (memcached+0xf580e)

  Mutex M1 (0x555556a55638) created at:
    #0 pthread_mutex_lock /extra/alexey/worktrees/perf/compiler-rt/lib/tsan/rtl/tsan_interceptors_posix.cpp:1342:3 (memcached+0x65d4e)
    #1 STATS_LOCK /home/alexey/tsan-experiments/nosql/memcached/memcached-tsan-sound-stmt/thread.c:982:5 (memcached+0x10cf16)
    #2 assoc_init /home/alexey/tsan-experiments/nosql/memcached/memcached-tsan-sound-stmt/assoc.c:64:5 (memcached+0x109c84)
    #3 main /home/alexey/tsan-experiments/nosql/memcached/memcached-tsan-sound-stmt/memcached.c:6082:5 (memcached+0xf5659)

  Thread T12 'mc-worker' (tid=4179313, running) created by main thread at:
    #0 pthread_create /extra/alexey/worktrees/perf/compiler-rt/lib/tsan/rtl/tsan_interceptors_posix.cpp:1023:3 (memcached+0x640ef)
    #1 create_worker /home/alexey/tsan-experiments/nosql/memcached/memcached-tsan-sound-stmt/thread.c:385:16 (memcached+0x10e594)
    #2 memcached_thread_init /home/alexey/tsan-experiments/nosql/memcached/memcached-tsan-sound-stmt/thread.c:1155:9 (memcached+0x10e594)
    #3 main /home/alexey/tsan-experiments/nosql/memcached/memcached-tsan-sound-stmt/memcached.c:6138:5 (memcached+0xf580e)

SUMMARY: ThreadSanitizer: data race /home/alexey/tsan-experiments/nosql/memcached/memcached-tsan-sound-stmt/memcached.c:4009:36 in clock_handler
==================
==================
WARNING: ThreadSanitizer: data race (pid=4179300)
  Write of size 4 at 0x555556a47928 by main thread:
    #0 clock_handler /home/alexey/tsan-experiments/nosql/memcached/memcached-tsan-sound-stmt/memcached.c:4039:22 (memcached+0xf8be0)
    #1 <null> <null> (libevent-2.1.so.7+0x20a57) (BuildId: 79ee78eebaf1fabcfa2c5160e0b25a68bf3edce9)
    #2 __libc_start_call_main csu/../sysdeps/nptl/libc_start_call_main.h:58:16 (libc.so.6+0x2a1c9) (BuildId: 282c2c16e7b6600b0b22ea0c99010d2795752b5f)

  Previous read of size 4 at 0x555556a47928 by thread T28 (mutexes: write M0, write M1):
    #0 lru_maintainer_juggle /home/alexey/tsan-experiments/nosql/memcached/memcached-tsan-sound-stmt/items.c:1426:24 (memcached+0x108479)
    #1 lru_maintainer_thread /home/alexey/tsan-experiments/nosql/memcached/memcached-tsan-sound-stmt/items.c:1645:29 (memcached+0x108479)

  Location is global 'current_time' of size 4 at 0x555556a47928 (memcached+0x14f3928)

  Mutex M0 (0x555556a54cb0) created at:
    #0 pthread_mutex_lock /extra/alexey/worktrees/perf/compiler-rt/lib/tsan/rtl/tsan_interceptors_posix.cpp:1342:3 (memcached+0x65d4e)
    #1 start_lru_maintainer_thread /home/alexey/tsan-experiments/nosql/memcached/memcached-tsan-sound-stmt/items.c:1725:5 (memcached+0x107e0c)
    #2 main /home/alexey/tsan-experiments/nosql/memcached/memcached-tsan-sound-stmt/memcached.c:6170:33 (memcached+0xf5873)

  Mutex M1 (0x555556a56ab0) created at:
    #0 pthread_mutex_init /extra/alexey/worktrees/perf/compiler-rt/lib/tsan/rtl/tsan_interceptors_posix.cpp:1316:3 (memcached+0x65a23)
    #1 memcached_thread_init /home/alexey/tsan-experiments/nosql/memcached/memcached-tsan-sound-stmt/thread.c:1093:9 (memcached+0x10ddca)
    #2 main /home/alexey/tsan-experiments/nosql/memcached/memcached-tsan-sound-stmt/memcached.c:6138:5 (memcached+0xf580e)

  Thread T28 'mc-lrumaint' (tid=4179329, running) created by main thread at:
    #0 pthread_create /extra/alexey/worktrees/perf/compiler-rt/lib/tsan/rtl/tsan_interceptors_posix.cpp:1023:3 (memcached+0x640ef)
    #1 start_lru_maintainer_thread /home/alexey/tsan-experiments/nosql/memcached/memcached-tsan-sound-stmt/items.c:1728:16 (memcached+0x107e6d)
    #2 main /home/alexey/tsan-experiments/nosql/memcached/memcached-tsan-sound-stmt/memcached.c:6170:33 (memcached+0xf5873)

SUMMARY: ThreadSanitizer: data race /home/alexey/tsan-experiments/nosql/memcached/memcached-tsan-sound-stmt/memcached.c:4039:22 in clock_handler
==================
==================
WARNING: ThreadSanitizer: data race (pid=4179300)
  Write of size 4 at 0x555556a47928 by main thread:
    #0 clock_handler /home/alexey/tsan-experiments/nosql/memcached/memcached-tsan-sound-stmt/memcached.c:4039:22 (memcached+0xf8be0)
    #1 <null> <null> (libevent-2.1.so.7+0x20a57) (BuildId: 79ee78eebaf1fabcfa2c5160e0b25a68bf3edce9)
    #2 __libc_start_call_main csu/../sysdeps/nptl/libc_start_call_main.h:58:16 (libc.so.6+0x2a1c9) (BuildId: 282c2c16e7b6600b0b22ea0c99010d2795752b5f)

  Previous read of size 4 at 0x555556a47928 by thread T9:
    #0 try_read_command_ascii /home/alexey/tsan-experiments/nosql/memcached/memcached-tsan-sound-stmt/proto_text.c:493:24 (memcached+0x11c52f)
    #1 drive_machine /home/alexey/tsan-experiments/nosql/memcached/memcached-tsan-sound-stmt/memcached.c:3193:17 (memcached+0xe686e)
    #2 event_handler /home/alexey/tsan-experiments/nosql/memcached/memcached-tsan-sound-stmt/memcached.c:3476:5 (memcached+0xebf10)
    #3 <null> <null> (libevent-2.1.so.7+0x20b3b) (BuildId: 79ee78eebaf1fabcfa2c5160e0b25a68bf3edce9)

  Location is global 'current_time' of size 4 at 0x555556a47928 (memcached+0x14f3928)

  Thread T9 'mc-worker' (tid=4179310, running) created by main thread at:
    #0 pthread_create /extra/alexey/worktrees/perf/compiler-rt/lib/tsan/rtl/tsan_interceptors_posix.cpp:1023:3 (memcached+0x640ef)
    #1 create_worker /home/alexey/tsan-experiments/nosql/memcached/memcached-tsan-sound-stmt/thread.c:385:16 (memcached+0x10e594)
    #2 memcached_thread_init /home/alexey/tsan-experiments/nosql/memcached/memcached-tsan-sound-stmt/thread.c:1155:9 (memcached+0x10e594)
    #3 main /home/alexey/tsan-experiments/nosql/memcached/memcached-tsan-sound-stmt/memcached.c:6138:5 (memcached+0xf580e)

SUMMARY: ThreadSanitizer: data race /home/alexey/tsan-experiments/nosql/memcached/memcached-tsan-sound-stmt/memcached.c:4039:22 in clock_handler
==================
==================
WARNING: ThreadSanitizer: data race (pid=4179300)
  Read of size 2 at 0x7fffec7fab3e by thread T28 (mutexes: write M0, write M1):
    #0 lru_pull_tail /home/alexey/tsan-experiments/nosql/memcached/memcached-tsan-sound-stmt/items.c:1137:28 (memcached+0x10206d)
    #1 lru_maintainer_juggle /home/alexey/tsan-experiments/nosql/memcached/memcached-tsan-sound-stmt/items.c:1449:13 (memcached+0x10864a)
    #2 lru_maintainer_thread /home/alexey/tsan-experiments/nosql/memcached/memcached-tsan-sound-stmt/items.c:1645:29 (memcached+0x10864a)

  Previous write of size 2 at 0x7fffec7fab3e by thread T2 (mutexes: write M2):
    #0 do_item_bump /home/alexey/tsan-experiments/nosql/memcached/memcached-tsan-sound-stmt/items.c:1077:30 (memcached+0x1079c9)
    #1 do_item_get /home/alexey/tsan-experiments/nosql/memcached/memcached-tsan-sound-stmt/items.c:1047:17 (memcached+0x107416)
    #2 item_get /home/alexey/tsan-experiments/nosql/memcached/memcached-tsan-sound-stmt/thread.c:889:10 (memcached+0x10c67e)
    #3 limited_get /home/alexey/tsan-experiments/nosql/memcached/memcached-tsan-sound-stmt/memcached.c:2253:14 (memcached+0xf1f50)
    #4 process_get_command /home/alexey/tsan-experiments/nosql/memcached/memcached-tsan-sound-stmt/proto_text.c:581:18 (memcached+0x120e3a)
    #5 process_command_ascii /home/alexey/tsan-experiments/nosql/memcached/memcached-tsan-sound-stmt/proto_text.c (memcached+0x11ce51)
    #6 try_read_command_ascii /home/alexey/tsan-experiments/nosql/memcached/memcached-tsan-sound-stmt/proto_text.c:494:5 (memcached+0x11c570)
    #7 drive_machine /home/alexey/tsan-experiments/nosql/memcached/memcached-tsan-sound-stmt/memcached.c:3193:17 (memcached+0xe686e)
    #8 event_handler /home/alexey/tsan-experiments/nosql/memcached/memcached-tsan-sound-stmt/memcached.c:3476:5 (memcached+0xebf10)
    #9 <null> <null> (libevent-2.1.so.7+0x20b3b) (BuildId: 79ee78eebaf1fabcfa2c5160e0b25a68bf3edce9)

  Location is heap block of size 1048576 at 0x7fffec700000 allocated by thread T7:
    #0 malloc /extra/alexey/worktrees/perf/compiler-rt/lib/tsan/rtl/tsan_interceptors_posix.cpp:666:5 (memcached+0x625af)
    #1 memory_allocate /home/alexey/tsan-experiments/nosql/memcached/memcached-tsan-sound-stmt/slabs.c:615:15 (memcached+0x101602)
    #2 do_slabs_newslab /home/alexey/tsan-experiments/nosql/memcached/memcached-tsan-sound-stmt/slabs.c:386:17 (memcached+0x101602)
    #3 do_slabs_alloc /home/alexey/tsan-experiments/nosql/memcached/memcached-tsan-sound-stmt/slabs.c:423:9 (memcached+0xfe486)
    #4 slabs_alloc /home/alexey/tsan-experiments/nosql/memcached/memcached-tsan-sound-stmt/slabs.c:661:11 (memcached+0xfe486)
    #5 do_item_alloc_pull /home/alexey/tsan-experiments/nosql/memcached/memcached-tsan-sound-stmt/items.c:181:14 (memcached+0x101d1c)
    #6 do_item_alloc /home/alexey/tsan-experiments/nosql/memcached/memcached-tsan-sound-stmt/items.c:298:14 (memcached+0x10311d)
    #7 item_alloc /home/alexey/tsan-experiments/nosql/memcached/memcached-tsan-sound-stmt/thread.c:876:10 (memcached+0x10c5a2)
    #8 process_update_command /home/alexey/tsan-experiments/nosql/memcached/memcached-tsan-sound-stmt/proto_text.c:2044:10 (memcached+0x121c02)
    #9 process_command_ascii /home/alexey/tsan-experiments/nosql/memcached/memcached-tsan-sound-stmt/proto_text.c (memcached+0x11cdea)
    #10 try_read_command_ascii /home/alexey/tsan-experiments/nosql/memcached/memcached-tsan-sound-stmt/proto_text.c:494:5 (memcached+0x11c570)
    #11 try_read_command_negotiate /home/alexey/tsan-experiments/nosql/memcached/memcached-tsan-sound-stmt/memcached.c:2427:12 (memcached+0xebe0e)
    #12 drive_machine /home/alexey/tsan-experiments/nosql/memcached/memcached-tsan-sound-stmt/memcached.c:3193:17 (memcached+0xe686e)
    #13 event_handler /home/alexey/tsan-experiments/nosql/memcached/memcached-tsan-sound-stmt/memcached.c:3476:5 (memcached+0xebf10)
    #14 <null> <null> (libevent-2.1.so.7+0x20b3b) (BuildId: 79ee78eebaf1fabcfa2c5160e0b25a68bf3edce9)

  Mutex M0 (0x555556a54cb0) created at:
    #0 pthread_mutex_lock /extra/alexey/worktrees/perf/compiler-rt/lib/tsan/rtl/tsan_interceptors_posix.cpp:1342:3 (memcached+0x65d4e)
    #1 start_lru_maintainer_thread /home/alexey/tsan-experiments/nosql/memcached/memcached-tsan-sound-stmt/items.c:1725:5 (memcached+0x107e0c)
    #2 main /home/alexey/tsan-experiments/nosql/memcached/memcached-tsan-sound-stmt/memcached.c:6170:33 (memcached+0xf5873)

  Mutex M1 (0x555556a560b0) created at:
    #0 pthread_mutex_init /extra/alexey/worktrees/perf/compiler-rt/lib/tsan/rtl/tsan_interceptors_posix.cpp:1316:3 (memcached+0x65a23)
    #1 memcached_thread_init /home/alexey/tsan-experiments/nosql/memcached/memcached-tsan-sound-stmt/thread.c:1093:9 (memcached+0x10ddca)
    #2 main /home/alexey/tsan-experiments/nosql/memcached/memcached-tsan-sound-stmt/memcached.c:6138:5 (memcached+0xf580e)

  Mutex M2 (0x7ffff4b023d8) created at:
    #0 pthread_mutex_init /extra/alexey/worktrees/perf/compiler-rt/lib/tsan/rtl/tsan_interceptors_posix.cpp:1316:3 (memcached+0x65a23)
    #1 memcached_thread_init /home/alexey/tsan-experiments/nosql/memcached/memcached-tsan-sound-stmt/thread.c:1132:9 (memcached+0x10df38)
    #2 main /home/alexey/tsan-experiments/nosql/memcached/memcached-tsan-sound-stmt/memcached.c:6138:5 (memcached+0xf580e)

  Thread T28 'mc-lrumaint' (tid=4179329, running) created by main thread at:
    #0 pthread_create /extra/alexey/worktrees/perf/compiler-rt/lib/tsan/rtl/tsan_interceptors_posix.cpp:1023:3 (memcached+0x640ef)
    #1 start_lru_maintainer_thread /home/alexey/tsan-experiments/nosql/memcached/memcached-tsan-sound-stmt/items.c:1728:16 (memcached+0x107e6d)
    #2 main /home/alexey/tsan-experiments/nosql/memcached/memcached-tsan-sound-stmt/memcached.c:6170:33 (memcached+0xf5873)

  Thread T2 'mc-worker' (tid=4179303, running) created by main thread at:
    #0 pthread_create /extra/alexey/worktrees/perf/compiler-rt/lib/tsan/rtl/tsan_interceptors_posix.cpp:1023:3 (memcached+0x640ef)
    #1 create_worker /home/alexey/tsan-experiments/nosql/memcached/memcached-tsan-sound-stmt/thread.c:385:16 (memcached+0x10e594)
    #2 memcached_thread_init /home/alexey/tsan-experiments/nosql/memcached/memcached-tsan-sound-stmt/thread.c:1155:9 (memcached+0x10e594)
    #3 main /home/alexey/tsan-experiments/nosql/memcached/memcached-tsan-sound-stmt/memcached.c:6138:5 (memcached+0xf580e)

  Thread T7 'mc-worker' (tid=4179308, running) created by main thread at:
    #0 pthread_create /extra/alexey/worktrees/perf/compiler-rt/lib/tsan/rtl/tsan_interceptors_posix.cpp:1023:3 (memcached+0x640ef)
    #1 create_worker /home/alexey/tsan-experiments/nosql/memcached/memcached-tsan-sound-stmt/thread.c:385:16 (memcached+0x10e594)
    #2 memcached_thread_init /home/alexey/tsan-experiments/nosql/memcached/memcached-tsan-sound-stmt/thread.c:1155:9 (memcached+0x10e594)
    #3 main /home/alexey/tsan-experiments/nosql/memcached/memcached-tsan-sound-stmt/memcached.c:6138:5 (memcached+0xf580e)

SUMMARY: ThreadSanitizer: data race /home/alexey/tsan-experiments/nosql/memcached/memcached-tsan-sound-stmt/items.c:1137:28 in lru_pull_tail
==================
==================
WARNING: ThreadSanitizer: data race (pid=4179300)
  Write of size 2 at 0x7fffec7fab3c by thread T28 (mutexes: write M0, write M1, write M2):
    #0 lru_pull_tail /home/alexey/tsan-experiments/nosql/memcached/memcached-tsan-sound-stmt/items.c:1143:13 (memcached+0x1020b7)
    #1 lru_maintainer_juggle /home/alexey/tsan-experiments/nosql/memcached/memcached-tsan-sound-stmt/items.c:1449:13 (memcached+0x10864a)
    #2 lru_maintainer_thread /home/alexey/tsan-experiments/nosql/memcached/memcached-tsan-sound-stmt/items.c:1645:29 (memcached+0x10864a)

  Previous read of size 2 at 0x7fffec7fab3c by thread T25:
    #0 limited_get /home/alexey/tsan-experiments/nosql/memcached/memcached-tsan-sound-stmt/memcached.c:2255:19 (memcached+0xf1f72)
    #1 process_get_command /home/alexey/tsan-experiments/nosql/memcached/memcached-tsan-sound-stmt/proto_text.c:581:18 (memcached+0x120e3a)
    #2 process_command_ascii /home/alexey/tsan-experiments/nosql/memcached/memcached-tsan-sound-stmt/proto_text.c (memcached+0x11ce51)
    #3 try_read_command_ascii /home/alexey/tsan-experiments/nosql/memcached/memcached-tsan-sound-stmt/proto_text.c:494:5 (memcached+0x11c570)
    #4 drive_machine /home/alexey/tsan-experiments/nosql/memcached/memcached-tsan-sound-stmt/memcached.c:3193:17 (memcached+0xe686e)
    #5 event_handler /home/alexey/tsan-experiments/nosql/memcached/memcached-tsan-sound-stmt/memcached.c:3476:5 (memcached+0xebf10)
    #6 <null> <null> (libevent-2.1.so.7+0x20b3b) (BuildId: 79ee78eebaf1fabcfa2c5160e0b25a68bf3edce9)

  Location is heap block of size 1048576 at 0x7fffec700000 allocated by thread T7:
    #0 malloc /extra/alexey/worktrees/perf/compiler-rt/lib/tsan/rtl/tsan_interceptors_posix.cpp:666:5 (memcached+0x625af)
    #1 memory_allocate /home/alexey/tsan-experiments/nosql/memcached/memcached-tsan-sound-stmt/slabs.c:615:15 (memcached+0x101602)
    #2 do_slabs_newslab /home/alexey/tsan-experiments/nosql/memcached/memcached-tsan-sound-stmt/slabs.c:386:17 (memcached+0x101602)
    #3 do_slabs_alloc /home/alexey/tsan-experiments/nosql/memcached/memcached-tsan-sound-stmt/slabs.c:423:9 (memcached+0xfe486)
    #4 slabs_alloc /home/alexey/tsan-experiments/nosql/memcached/memcached-tsan-sound-stmt/slabs.c:661:11 (memcached+0xfe486)
    #5 do_item_alloc_pull /home/alexey/tsan-experiments/nosql/memcached/memcached-tsan-sound-stmt/items.c:181:14 (memcached+0x101d1c)
    #6 do_item_alloc /home/alexey/tsan-experiments/nosql/memcached/memcached-tsan-sound-stmt/items.c:298:14 (memcached+0x10311d)
    #7 item_alloc /home/alexey/tsan-experiments/nosql/memcached/memcached-tsan-sound-stmt/thread.c:876:10 (memcached+0x10c5a2)
    #8 process_update_command /home/alexey/tsan-experiments/nosql/memcached/memcached-tsan-sound-stmt/proto_text.c:2044:10 (memcached+0x121c02)
    #9 process_command_ascii /home/alexey/tsan-experiments/nosql/memcached/memcached-tsan-sound-stmt/proto_text.c (memcached+0x11cdea)
    #10 try_read_command_ascii /home/alexey/tsan-experiments/nosql/memcached/memcached-tsan-sound-stmt/proto_text.c:494:5 (memcached+0x11c570)
    #11 try_read_command_negotiate /home/alexey/tsan-experiments/nosql/memcached/memcached-tsan-sound-stmt/memcached.c:2427:12 (memcached+0xebe0e)
    #12 drive_machine /home/alexey/tsan-experiments/nosql/memcached/memcached-tsan-sound-stmt/memcached.c:3193:17 (memcached+0xe686e)
    #13 event_handler /home/alexey/tsan-experiments/nosql/memcached/memcached-tsan-sound-stmt/memcached.c:3476:5 (memcached+0xebf10)
    #14 <null> <null> (libevent-2.1.so.7+0x20b3b) (BuildId: 79ee78eebaf1fabcfa2c5160e0b25a68bf3edce9)

  Mutex M0 (0x555556a54cb0) created at:
    #0 pthread_mutex_lock /extra/alexey/worktrees/perf/compiler-rt/lib/tsan/rtl/tsan_interceptors_posix.cpp:1342:3 (memcached+0x65d4e)
    #1 start_lru_maintainer_thread /home/alexey/tsan-experiments/nosql/memcached/memcached-tsan-sound-stmt/items.c:1725:5 (memcached+0x107e0c)
    #2 main /home/alexey/tsan-experiments/nosql/memcached/memcached-tsan-sound-stmt/memcached.c:6170:33 (memcached+0xf5873)

  Mutex M1 (0x555556a560b0) created at:
    #0 pthread_mutex_init /extra/alexey/worktrees/perf/compiler-rt/lib/tsan/rtl/tsan_interceptors_posix.cpp:1316:3 (memcached+0x65a23)
    #1 memcached_thread_init /home/alexey/tsan-experiments/nosql/memcached/memcached-tsan-sound-stmt/thread.c:1093:9 (memcached+0x10ddca)
    #2 main /home/alexey/tsan-experiments/nosql/memcached/memcached-tsan-sound-stmt/memcached.c:6138:5 (memcached+0xf580e)

  Mutex M2 (0x7ffff4b023d8) created at:
    #0 pthread_mutex_init /extra/alexey/worktrees/perf/compiler-rt/lib/tsan/rtl/tsan_interceptors_posix.cpp:1316:3 (memcached+0x65a23)
    #1 memcached_thread_init /home/alexey/tsan-experiments/nosql/memcached/memcached-tsan-sound-stmt/thread.c:1132:9 (memcached+0x10df38)
    #2 main /home/alexey/tsan-experiments/nosql/memcached/memcached-tsan-sound-stmt/memcached.c:6138:5 (memcached+0xf580e)

  Thread T28 'mc-lrumaint' (tid=4179329, running) created by main thread at:
    #0 pthread_create /extra/alexey/worktrees/perf/compiler-rt/lib/tsan/rtl/tsan_interceptors_posix.cpp:1023:3 (memcached+0x640ef)
    #1 start_lru_maintainer_thread /home/alexey/tsan-experiments/nosql/memcached/memcached-tsan-sound-stmt/items.c:1728:16 (memcached+0x107e6d)
    #2 main /home/alexey/tsan-experiments/nosql/memcached/memcached-tsan-sound-stmt/memcached.c:6170:33 (memcached+0xf5873)

  Thread T25 'mc-worker' (tid=4179326, running) created by main thread at:
    #0 pthread_create /extra/alexey/worktrees/perf/compiler-rt/lib/tsan/rtl/tsan_interceptors_posix.cpp:1023:3 (memcached+0x640ef)
    #1 create_worker /home/alexey/tsan-experiments/nosql/memcached/memcached-tsan-sound-stmt/thread.c:385:16 (memcached+0x10e594)
    #2 memcached_thread_init /home/alexey/tsan-experiments/nosql/memcached/memcached-tsan-sound-stmt/thread.c:1155:9 (memcached+0x10e594)
    #3 main /home/alexey/tsan-experiments/nosql/memcached/memcached-tsan-sound-stmt/memcached.c:6138:5 (memcached+0xf580e)

  Thread T7 'mc-worker' (tid=4179308, running) created by main thread at:
    #0 pthread_create /extra/alexey/worktrees/perf/compiler-rt/lib/tsan/rtl/tsan_interceptors_posix.cpp:1023:3 (memcached+0x640ef)
    #1 create_worker /home/alexey/tsan-experiments/nosql/memcached/memcached-tsan-sound-stmt/thread.c:385:16 (memcached+0x10e594)
    #2 memcached_thread_init /home/alexey/tsan-experiments/nosql/memcached/memcached-tsan-sound-stmt/thread.c:1155:9 (memcached+0x10e594)
    #3 main /home/alexey/tsan-experiments/nosql/memcached/memcached-tsan-sound-stmt/memcached.c:6138:5 (memcached+0xf580e)

SUMMARY: ThreadSanitizer: data race /home/alexey/tsan-experiments/nosql/memcached/memcached-tsan-sound-stmt/items.c:1143:13 in lru_pull_tail
==================
==================
WARNING: ThreadSanitizer: data race (pid=4179300)
  Write of size 2 at 0x7fffec7fab3c by thread T24 (mutexes: write M0):
    #0 do_item_remove /home/alexey/tsan-experiments/nosql/memcached/memcached-tsan-sound-stmt/items.c:549:9 (memcached+0x1042c3)
    #1 item_remove /home/alexey/tsan-experiments/nosql/memcached/memcached-tsan-sound-stmt/thread.c:924:5 (memcached+0x10ca26)
    #2 resp_finish /home/alexey/tsan-experiments/nosql/memcached/memcached-tsan-sound-stmt/memcached.c:1237:9 (memcached+0xec1de)
    #3 _transmit_post /home/alexey/tsan-experiments/nosql/memcached/memcached-tsan-sound-stmt/memcached.c (memcached+0xe7051)
    #4 transmit /home/alexey/tsan-experiments/nosql/memcached/memcached-tsan-sound-stmt/memcached.c:2773:9 (memcached+0xe7051)
    #5 drive_machine /home/alexey/tsan-experiments/nosql/memcached/memcached-tsan-sound-stmt/memcached.c:3394:45 (memcached+0xe7051)
    #6 event_handler /home/alexey/tsan-experiments/nosql/memcached/memcached-tsan-sound-stmt/memcached.c:3476:5 (memcached+0xebf10)
    #7 <null> <null> (libevent-2.1.so.7+0x20b3b) (BuildId: 79ee78eebaf1fabcfa2c5160e0b25a68bf3edce9)

  Previous read of size 2 at 0x7fffec7fab3c by thread T8:
    #0 limited_get /home/alexey/tsan-experiments/nosql/memcached/memcached-tsan-sound-stmt/memcached.c:2255:19 (memcached+0xf1f72)
    #1 process_get_command /home/alexey/tsan-experiments/nosql/memcached/memcached-tsan-sound-stmt/proto_text.c:581:18 (memcached+0x120e3a)
    #2 process_command_ascii /home/alexey/tsan-experiments/nosql/memcached/memcached-tsan-sound-stmt/proto_text.c (memcached+0x11ce51)
    #3 try_read_command_ascii /home/alexey/tsan-experiments/nosql/memcached/memcached-tsan-sound-stmt/proto_text.c:494:5 (memcached+0x11c570)
    #4 drive_machine /home/alexey/tsan-experiments/nosql/memcached/memcached-tsan-sound-stmt/memcached.c:3193:17 (memcached+0xe686e)
    #5 event_handler /home/alexey/tsan-experiments/nosql/memcached/memcached-tsan-sound-stmt/memcached.c:3476:5 (memcached+0xebf10)
    #6 <null> <null> (libevent-2.1.so.7+0x20b3b) (BuildId: 79ee78eebaf1fabcfa2c5160e0b25a68bf3edce9)

  Location is heap block of size 1048576 at 0x7fffec700000 allocated by thread T7:
    #0 malloc /extra/alexey/worktrees/perf/compiler-rt/lib/tsan/rtl/tsan_interceptors_posix.cpp:666:5 (memcached+0x625af)
    #1 memory_allocate /home/alexey/tsan-experiments/nosql/memcached/memcached-tsan-sound-stmt/slabs.c:615:15 (memcached+0x101602)
    #2 do_slabs_newslab /home/alexey/tsan-experiments/nosql/memcached/memcached-tsan-sound-stmt/slabs.c:386:17 (memcached+0x101602)
    #3 do_slabs_alloc /home/alexey/tsan-experiments/nosql/memcached/memcached-tsan-sound-stmt/slabs.c:423:9 (memcached+0xfe486)
    #4 slabs_alloc /home/alexey/tsan-experiments/nosql/memcached/memcached-tsan-sound-stmt/slabs.c:661:11 (memcached+0xfe486)
    #5 do_item_alloc_pull /home/alexey/tsan-experiments/nosql/memcached/memcached-tsan-sound-stmt/items.c:181:14 (memcached+0x101d1c)
    #6 do_item_alloc /home/alexey/tsan-experiments/nosql/memcached/memcached-tsan-sound-stmt/items.c:298:14 (memcached+0x10311d)
    #7 item_alloc /home/alexey/tsan-experiments/nosql/memcached/memcached-tsan-sound-stmt/thread.c:876:10 (memcached+0x10c5a2)
    #8 process_update_command /home/alexey/tsan-experiments/nosql/memcached/memcached-tsan-sound-stmt/proto_text.c:2044:10 (memcached+0x121c02)
    #9 process_command_ascii /home/alexey/tsan-experiments/nosql/memcached/memcached-tsan-sound-stmt/proto_text.c (memcached+0x11cdea)
    #10 try_read_command_ascii /home/alexey/tsan-experiments/nosql/memcached/memcached-tsan-sound-stmt/proto_text.c:494:5 (memcached+0x11c570)
    #11 try_read_command_negotiate /home/alexey/tsan-experiments/nosql/memcached/memcached-tsan-sound-stmt/memcached.c:2427:12 (memcached+0xebe0e)
    #12 drive_machine /home/alexey/tsan-experiments/nosql/memcached/memcached-tsan-sound-stmt/memcached.c:3193:17 (memcached+0xe686e)
    #13 event_handler /home/alexey/tsan-experiments/nosql/memcached/memcached-tsan-sound-stmt/memcached.c:3476:5 (memcached+0xebf10)
    #14 <null> <null> (libevent-2.1.so.7+0x20b3b) (BuildId: 79ee78eebaf1fabcfa2c5160e0b25a68bf3edce9)

  Mutex M0 (0x7ffff4b023d8) created at:
    #0 pthread_mutex_init /extra/alexey/worktrees/perf/compiler-rt/lib/tsan/rtl/tsan_interceptors_posix.cpp:1316:3 (memcached+0x65a23)
    #1 memcached_thread_init /home/alexey/tsan-experiments/nosql/memcached/memcached-tsan-sound-stmt/thread.c:1132:9 (memcached+0x10df38)
    #2 main /home/alexey/tsan-experiments/nosql/memcached/memcached-tsan-sound-stmt/memcached.c:6138:5 (memcached+0xf580e)

  Thread T24 'mc-worker' (tid=4179325, running) created by main thread at:
    #0 pthread_create /extra/alexey/worktrees/perf/compiler-rt/lib/tsan/rtl/tsan_interceptors_posix.cpp:1023:3 (memcached+0x640ef)
    #1 create_worker /home/alexey/tsan-experiments/nosql/memcached/memcached-tsan-sound-stmt/thread.c:385:16 (memcached+0x10e594)
    #2 memcached_thread_init /home/alexey/tsan-experiments/nosql/memcached/memcached-tsan-sound-stmt/thread.c:1155:9 (memcached+0x10e594)
    #3 main /home/alexey/tsan-experiments/nosql/memcached/memcached-tsan-sound-stmt/memcached.c:6138:5 (memcached+0xf580e)

  Thread T8 'mc-worker' (tid=4179309, running) created by main thread at:
    #0 pthread_create /extra/alexey/worktrees/perf/compiler-rt/lib/tsan/rtl/tsan_interceptors_posix.cpp:1023:3 (memcached+0x640ef)
    #1 create_worker /home/alexey/tsan-experiments/nosql/memcached/memcached-tsan-sound-stmt/thread.c:385:16 (memcached+0x10e594)
    #2 memcached_thread_init /home/alexey/tsan-experiments/nosql/memcached/memcached-tsan-sound-stmt/thread.c:1155:9 (memcached+0x10e594)
    #3 main /home/alexey/tsan-experiments/nosql/memcached/memcached-tsan-sound-stmt/memcached.c:6138:5 (memcached+0xf580e)

  Thread T7 'mc-worker' (tid=4179308, running) created by main thread at:
    #0 pthread_create /extra/alexey/worktrees/perf/compiler-rt/lib/tsan/rtl/tsan_interceptors_posix.cpp:1023:3 (memcached+0x640ef)
    #1 create_worker /home/alexey/tsan-experiments/nosql/memcached/memcached-tsan-sound-stmt/thread.c:385:16 (memcached+0x10e594)
    #2 memcached_thread_init /home/alexey/tsan-experiments/nosql/memcached/memcached-tsan-sound-stmt/thread.c:1155:9 (memcached+0x10e594)
    #3 main /home/alexey/tsan-experiments/nosql/memcached/memcached-tsan-sound-stmt/memcached.c:6138:5 (memcached+0xf580e)

SUMMARY: ThreadSanitizer: data race /home/alexey/tsan-experiments/nosql/memcached/memcached-tsan-sound-stmt/items.c:549:9 in do_item_remove
==================
==================
WARNING: ThreadSanitizer: data race (pid=4179300)
  Write of size 2 at 0x7fffec7fab3e by thread T28 (mutexes: write M0, write M1, write M2):
    #0 lru_pull_tail /home/alexey/tsan-experiments/nosql/memcached/memcached-tsan-sound-stmt/items.c:1191:38 (memcached+0x102368)
    #1 lru_maintainer_juggle /home/alexey/tsan-experiments/nosql/memcached/memcached-tsan-sound-stmt/items.c:1449:13 (memcached+0x10864a)
    #2 lru_maintainer_thread /home/alexey/tsan-experiments/nosql/memcached/memcached-tsan-sound-stmt/items.c:1645:29 (memcached+0x10864a)

  Previous read of size 2 at 0x7fffec7fab3e by thread T4:
    #0 item_remove /home/alexey/tsan-experiments/nosql/memcached/memcached-tsan-sound-stmt/thread.c:921:15 (memcached+0x10c99f)
    #1 resp_finish /home/alexey/tsan-experiments/nosql/memcached/memcached-tsan-sound-stmt/memcached.c:1237:9 (memcached+0xec1de)
    #2 _transmit_post /home/alexey/tsan-experiments/nosql/memcached/memcached-tsan-sound-stmt/memcached.c (memcached+0xe7051)
    #3 transmit /home/alexey/tsan-experiments/nosql/memcached/memcached-tsan-sound-stmt/memcached.c:2773:9 (memcached+0xe7051)
    #4 drive_machine /home/alexey/tsan-experiments/nosql/memcached/memcached-tsan-sound-stmt/memcached.c:3394:45 (memcached+0xe7051)
    #5 event_handler /home/alexey/tsan-experiments/nosql/memcached/memcached-tsan-sound-stmt/memcached.c:3476:5 (memcached+0xebf10)
    #6 <null> <null> (libevent-2.1.so.7+0x20b3b) (BuildId: 79ee78eebaf1fabcfa2c5160e0b25a68bf3edce9)

  Location is heap block of size 1048576 at 0x7fffec700000 allocated by thread T7:
    #0 malloc /extra/alexey/worktrees/perf/compiler-rt/lib/tsan/rtl/tsan_interceptors_posix.cpp:666:5 (memcached+0x625af)
    #1 memory_allocate /home/alexey/tsan-experiments/nosql/memcached/memcached-tsan-sound-stmt/slabs.c:615:15 (memcached+0x101602)
    #2 do_slabs_newslab /home/alexey/tsan-experiments/nosql/memcached/memcached-tsan-sound-stmt/slabs.c:386:17 (memcached+0x101602)
    #3 do_slabs_alloc /home/alexey/tsan-experiments/nosql/memcached/memcached-tsan-sound-stmt/slabs.c:423:9 (memcached+0xfe486)
    #4 slabs_alloc /home/alexey/tsan-experiments/nosql/memcached/memcached-tsan-sound-stmt/slabs.c:661:11 (memcached+0xfe486)
    #5 do_item_alloc_pull /home/alexey/tsan-experiments/nosql/memcached/memcached-tsan-sound-stmt/items.c:181:14 (memcached+0x101d1c)
    #6 do_item_alloc /home/alexey/tsan-experiments/nosql/memcached/memcached-tsan-sound-stmt/items.c:298:14 (memcached+0x10311d)
    #7 item_alloc /home/alexey/tsan-experiments/nosql/memcached/memcached-tsan-sound-stmt/thread.c:876:10 (memcached+0x10c5a2)
    #8 process_update_command /home/alexey/tsan-experiments/nosql/memcached/memcached-tsan-sound-stmt/proto_text.c:2044:10 (memcached+0x121c02)
    #9 process_command_ascii /home/alexey/tsan-experiments/nosql/memcached/memcached-tsan-sound-stmt/proto_text.c (memcached+0x11cdea)
    #10 try_read_command_ascii /home/alexey/tsan-experiments/nosql/memcached/memcached-tsan-sound-stmt/proto_text.c:494:5 (memcached+0x11c570)
    #11 try_read_command_negotiate /home/alexey/tsan-experiments/nosql/memcached/memcached-tsan-sound-stmt/memcached.c:2427:12 (memcached+0xebe0e)
    #12 drive_machine /home/alexey/tsan-experiments/nosql/memcached/memcached-tsan-sound-stmt/memcached.c:3193:17 (memcached+0xe686e)
    #13 event_handler /home/alexey/tsan-experiments/nosql/memcached/memcached-tsan-sound-stmt/memcached.c:3476:5 (memcached+0xebf10)
    #14 <null> <null> (libevent-2.1.so.7+0x20b3b) (BuildId: 79ee78eebaf1fabcfa2c5160e0b25a68bf3edce9)

  Mutex M0 (0x555556a54cb0) created at:
    #0 pthread_mutex_lock /extra/alexey/worktrees/perf/compiler-rt/lib/tsan/rtl/tsan_interceptors_posix.cpp:1342:3 (memcached+0x65d4e)
    #1 start_lru_maintainer_thread /home/alexey/tsan-experiments/nosql/memcached/memcached-tsan-sound-stmt/items.c:1725:5 (memcached+0x107e0c)
    #2 main /home/alexey/tsan-experiments/nosql/memcached/memcached-tsan-sound-stmt/memcached.c:6170:33 (memcached+0xf5873)

  Mutex M1 (0x555556a560b0) created at:
    #0 pthread_mutex_init /extra/alexey/worktrees/perf/compiler-rt/lib/tsan/rtl/tsan_interceptors_posix.cpp:1316:3 (memcached+0x65a23)
    #1 memcached_thread_init /home/alexey/tsan-experiments/nosql/memcached/memcached-tsan-sound-stmt/thread.c:1093:9 (memcached+0x10ddca)
    #2 main /home/alexey/tsan-experiments/nosql/memcached/memcached-tsan-sound-stmt/memcached.c:6138:5 (memcached+0xf580e)

  Mutex M2 (0x7ffff4b023d8) created at:
    #0 pthread_mutex_init /extra/alexey/worktrees/perf/compiler-rt/lib/tsan/rtl/tsan_interceptors_posix.cpp:1316:3 (memcached+0x65a23)
    #1 memcached_thread_init /home/alexey/tsan-experiments/nosql/memcached/memcached-tsan-sound-stmt/thread.c:1132:9 (memcached+0x10df38)
    #2 main /home/alexey/tsan-experiments/nosql/memcached/memcached-tsan-sound-stmt/memcached.c:6138:5 (memcached+0xf580e)

  Thread T28 'mc-lrumaint' (tid=4179329, running) created by main thread at:
    #0 pthread_create /extra/alexey/worktrees/perf/compiler-rt/lib/tsan/rtl/tsan_interceptors_posix.cpp:1023:3 (memcached+0x640ef)
    #1 start_lru_maintainer_thread /home/alexey/tsan-experiments/nosql/memcached/memcached-tsan-sound-stmt/items.c:1728:16 (memcached+0x107e6d)
    #2 main /home/alexey/tsan-experiments/nosql/memcached/memcached-tsan-sound-stmt/memcached.c:6170:33 (memcached+0xf5873)

  Thread T4 'mc-worker' (tid=4179305, running) created by main thread at:
    #0 pthread_create /extra/alexey/worktrees/perf/compiler-rt/lib/tsan/rtl/tsan_interceptors_posix.cpp:1023:3 (memcached+0x640ef)
    #1 create_worker /home/alexey/tsan-experiments/nosql/memcached/memcached-tsan-sound-stmt/thread.c:385:16 (memcached+0x10e594)
    #2 memcached_thread_init /home/alexey/tsan-experiments/nosql/memcached/memcached-tsan-sound-stmt/thread.c:1155:9 (memcached+0x10e594)
    #3 main /home/alexey/tsan-experiments/nosql/memcached/memcached-tsan-sound-stmt/memcached.c:6138:5 (memcached+0xf580e)

  Thread T7 'mc-worker' (tid=4179308, running) created by main thread at:
    #0 pthread_create /extra/alexey/worktrees/perf/compiler-rt/lib/tsan/rtl/tsan_interceptors_posix.cpp:1023:3 (memcached+0x640ef)
    #1 create_worker /home/alexey/tsan-experiments/nosql/memcached/memcached-tsan-sound-stmt/thread.c:385:16 (memcached+0x10e594)
    #2 memcached_thread_init /home/alexey/tsan-experiments/nosql/memcached/memcached-tsan-sound-stmt/thread.c:1155:9 (memcached+0x10e594)
    #3 main /home/alexey/tsan-experiments/nosql/memcached/memcached-tsan-sound-stmt/memcached.c:6138:5 (memcached+0xf580e)

SUMMARY: ThreadSanitizer: data race /home/alexey/tsan-experiments/nosql/memcached/memcached-tsan-sound-stmt/items.c:1191:38 in lru_pull_tail
==================
==================
WARNING: ThreadSanitizer: data race (pid=4179300)
  Write of size 2 at 0x7fffec7fab3c by thread T14 (mutexes: write M0):
    #0 do_item_get /home/alexey/tsan-experiments/nosql/memcached/memcached-tsan-sound-stmt/items.c:983:9 (memcached+0x107270)
    #1 item_get /home/alexey/tsan-experiments/nosql/memcached/memcached-tsan-sound-stmt/thread.c:889:10 (memcached+0x10c67e)
    #2 limited_get /home/alexey/tsan-experiments/nosql/memcached/memcached-tsan-sound-stmt/memcached.c:2253:14 (memcached+0xf1f50)
    #3 process_get_command /home/alexey/tsan-experiments/nosql/memcached/memcached-tsan-sound-stmt/proto_text.c:581:18 (memcached+0x120e3a)
    #4 process_command_ascii /home/alexey/tsan-experiments/nosql/memcached/memcached-tsan-sound-stmt/proto_text.c (memcached+0x11ce51)
    #5 try_read_command_ascii /home/alexey/tsan-experiments/nosql/memcached/memcached-tsan-sound-stmt/proto_text.c:494:5 (memcached+0x11c570)
    #6 drive_machine /home/alexey/tsan-experiments/nosql/memcached/memcached-tsan-sound-stmt/memcached.c:3193:17 (memcached+0xe686e)
    #7 event_handler /home/alexey/tsan-experiments/nosql/memcached/memcached-tsan-sound-stmt/memcached.c:3476:5 (memcached+0xebf10)
    #8 <null> <null> (libevent-2.1.so.7+0x20b3b) (BuildId: 79ee78eebaf1fabcfa2c5160e0b25a68bf3edce9)

  Previous read of size 2 at 0x7fffec7fab3c by thread T7:
    #0 limited_get /home/alexey/tsan-experiments/nosql/memcached/memcached-tsan-sound-stmt/memcached.c:2255:19 (memcached+0xf1f72)
    #1 process_get_command /home/alexey/tsan-experiments/nosql/memcached/memcached-tsan-sound-stmt/proto_text.c:581:18 (memcached+0x120e3a)
    #2 process_command_ascii /home/alexey/tsan-experiments/nosql/memcached/memcached-tsan-sound-stmt/proto_text.c (memcached+0x11ce51)
    #3 try_read_command_ascii /home/alexey/tsan-experiments/nosql/memcached/memcached-tsan-sound-stmt/proto_text.c:494:5 (memcached+0x11c570)
    #4 drive_machine /home/alexey/tsan-experiments/nosql/memcached/memcached-tsan-sound-stmt/memcached.c:3193:17 (memcached+0xe686e)
    #5 event_handler /home/alexey/tsan-experiments/nosql/memcached/memcached-tsan-sound-stmt/memcached.c:3476:5 (memcached+0xebf10)
    #6 <null> <null> (libevent-2.1.so.7+0x20b3b) (BuildId: 79ee78eebaf1fabcfa2c5160e0b25a68bf3edce9)

  Location is heap block of size 1048576 at 0x7fffec700000 allocated by thread T7:
    #0 malloc /extra/alexey/worktrees/perf/compiler-rt/lib/tsan/rtl/tsan_interceptors_posix.cpp:666:5 (memcached+0x625af)
    #1 memory_allocate /home/alexey/tsan-experiments/nosql/memcached/memcached-tsan-sound-stmt/slabs.c:615:15 (memcached+0x101602)
    #2 do_slabs_newslab /home/alexey/tsan-experiments/nosql/memcached/memcached-tsan-sound-stmt/slabs.c:386:17 (memcached+0x101602)
    #3 do_slabs_alloc /home/alexey/tsan-experiments/nosql/memcached/memcached-tsan-sound-stmt/slabs.c:423:9 (memcached+0xfe486)
    #4 slabs_alloc /home/alexey/tsan-experiments/nosql/memcached/memcached-tsan-sound-stmt/slabs.c:661:11 (memcached+0xfe486)
    #5 do_item_alloc_pull /home/alexey/tsan-experiments/nosql/memcached/memcached-tsan-sound-stmt/items.c:181:14 (memcached+0x101d1c)
    #6 do_item_alloc /home/alexey/tsan-experiments/nosql/memcached/memcached-tsan-sound-stmt/items.c:298:14 (memcached+0x10311d)
    #7 item_alloc /home/alexey/tsan-experiments/nosql/memcached/memcached-tsan-sound-stmt/thread.c:876:10 (memcached+0x10c5a2)
    #8 process_update_command /home/alexey/tsan-experiments/nosql/memcached/memcached-tsan-sound-stmt/proto_text.c:2044:10 (memcached+0x121c02)
    #9 process_command_ascii /home/alexey/tsan-experiments/nosql/memcached/memcached-tsan-sound-stmt/proto_text.c (memcached+0x11cdea)
    #10 try_read_command_ascii /home/alexey/tsan-experiments/nosql/memcached/memcached-tsan-sound-stmt/proto_text.c:494:5 (memcached+0x11c570)
    #11 try_read_command_negotiate /home/alexey/tsan-experiments/nosql/memcached/memcached-tsan-sound-stmt/memcached.c:2427:12 (memcached+0xebe0e)
    #12 drive_machine /home/alexey/tsan-experiments/nosql/memcached/memcached-tsan-sound-stmt/memcached.c:3193:17 (memcached+0xe686e)
    #13 event_handler /home/alexey/tsan-experiments/nosql/memcached/memcached-tsan-sound-stmt/memcached.c:3476:5 (memcached+0xebf10)
    #14 <null> <null> (libevent-2.1.so.7+0x20b3b) (BuildId: 79ee78eebaf1fabcfa2c5160e0b25a68bf3edce9)

  Mutex M0 (0x7ffff4b023d8) created at:
    #0 pthread_mutex_init /extra/alexey/worktrees/perf/compiler-rt/lib/tsan/rtl/tsan_interceptors_posix.cpp:1316:3 (memcached+0x65a23)
    #1 memcached_thread_init /home/alexey/tsan-experiments/nosql/memcached/memcached-tsan-sound-stmt/thread.c:1132:9 (memcached+0x10df38)
    #2 main /home/alexey/tsan-experiments/nosql/memcached/memcached-tsan-sound-stmt/memcached.c:6138:5 (memcached+0xf580e)

  Thread T14 'mc-worker' (tid=4179315, running) created by main thread at:
    #0 pthread_create /extra/alexey/worktrees/perf/compiler-rt/lib/tsan/rtl/tsan_interceptors_posix.cpp:1023:3 (memcached+0x640ef)
    #1 create_worker /home/alexey/tsan-experiments/nosql/memcached/memcached-tsan-sound-stmt/thread.c:385:16 (memcached+0x10e594)
    #2 memcached_thread_init /home/alexey/tsan-experiments/nosql/memcached/memcached-tsan-sound-stmt/thread.c:1155:9 (memcached+0x10e594)
    #3 main /home/alexey/tsan-experiments/nosql/memcached/memcached-tsan-sound-stmt/memcached.c:6138:5 (memcached+0xf580e)

  Thread T7 'mc-worker' (tid=4179308, running) created by main thread at:
    #0 pthread_create /extra/alexey/worktrees/perf/compiler-rt/lib/tsan/rtl/tsan_interceptors_posix.cpp:1023:3 (memcached+0x640ef)
    #1 create_worker /home/alexey/tsan-experiments/nosql/memcached/memcached-tsan-sound-stmt/thread.c:385:16 (memcached+0x10e594)
    #2 memcached_thread_init /home/alexey/tsan-experiments/nosql/memcached/memcached-tsan-sound-stmt/thread.c:1155:9 (memcached+0x10e594)
    #3 main /home/alexey/tsan-experiments/nosql/memcached/memcached-tsan-sound-stmt/memcached.c:6138:5 (memcached+0xf580e)

SUMMARY: ThreadSanitizer: data race /home/alexey/tsan-experiments/nosql/memcached/memcached-tsan-sound-stmt/items.c:983:9 in do_item_get
==================
==================
WARNING: ThreadSanitizer: data race (pid=4179300)
  Write of size 4 at 0x555556a47928 by main thread:
    #0 clock_handler /home/alexey/tsan-experiments/nosql/memcached/memcached-tsan-sound-stmt/memcached.c:4039:22 (memcached+0xf8be0)
    #1 <null> <null> (libevent-2.1.so.7+0x20a57) (BuildId: 79ee78eebaf1fabcfa2c5160e0b25a68bf3edce9)
    #2 __libc_start_call_main csu/../sysdeps/nptl/libc_start_call_main.h:58:16 (libc.so.6+0x2a1c9) (BuildId: 282c2c16e7b6600b0b22ea0c99010d2795752b5f)

  Previous read of size 4 at 0x555556a47928 by thread T16 (mutexes: write M0):
    #0 do_item_link /home/alexey/tsan-experiments/nosql/memcached/memcached-tsan-sound-stmt/items.c:495:16 (memcached+0x1039be)
    #1 do_item_replace /home/alexey/tsan-experiments/nosql/memcached/memcached-tsan-sound-stmt/items.c:590:12 (memcached+0x104dc2)
    #2 item_replace /home/alexey/tsan-experiments/nosql/memcached/memcached-tsan-sound-stmt/thread.c:934:12 (memcached+0x10cabb)
    #3 do_store_item /home/alexey/tsan-experiments/nosql/memcached/memcached-tsan-sound-stmt/memcached.c:1715:13 (memcached+0xee8b1)
    #4 store_item /home/alexey/tsan-experiments/nosql/memcached/memcached-tsan-sound-stmt/thread.c:974:11 (memcached+0x10ce86)
    #5 complete_nread_ascii /home/alexey/tsan-experiments/nosql/memcached/memcached-tsan-sound-stmt/proto_text.c:184:13 (memcached+0x11b570)
    #6 complete_nread /home/alexey/tsan-experiments/nosql/memcached/memcached-tsan-sound-stmt/memcached.c:1485:9 (memcached+0xe765b)
    #7 drive_machine /home/alexey/tsan-experiments/nosql/memcached/memcached-tsan-sound-stmt/memcached.c:3239:17 (memcached+0xe765b)
    #8 event_handler /home/alexey/tsan-experiments/nosql/memcached/memcached-tsan-sound-stmt/memcached.c:3476:5 (memcached+0xebf10)
    #9 <null> <null> (libevent-2.1.so.7+0x20b3b) (BuildId: 79ee78eebaf1fabcfa2c5160e0b25a68bf3edce9)

  Location is global 'current_time' of size 4 at 0x555556a47928 (memcached+0x14f3928)

  Mutex M0 (0x7ffff4b0c6a8) created at:
    #0 pthread_mutex_init /extra/alexey/worktrees/perf/compiler-rt/lib/tsan/rtl/tsan_interceptors_posix.cpp:1316:3 (memcached+0x65a23)
    #1 memcached_thread_init /home/alexey/tsan-experiments/nosql/memcached/memcached-tsan-sound-stmt/thread.c:1132:9 (memcached+0x10df38)
    #2 main /home/alexey/tsan-experiments/nosql/memcached/memcached-tsan-sound-stmt/memcached.c:6138:5 (memcached+0xf580e)

  Thread T16 'mc-worker' (tid=4179317, running) created by main thread at:
    #0 pthread_create /extra/alexey/worktrees/perf/compiler-rt/lib/tsan/rtl/tsan_interceptors_posix.cpp:1023:3 (memcached+0x640ef)
    #1 create_worker /home/alexey/tsan-experiments/nosql/memcached/memcached-tsan-sound-stmt/thread.c:385:16 (memcached+0x10e594)
    #2 memcached_thread_init /home/alexey/tsan-experiments/nosql/memcached/memcached-tsan-sound-stmt/thread.c:1155:9 (memcached+0x10e594)
    #3 main /home/alexey/tsan-experiments/nosql/memcached/memcached-tsan-sound-stmt/memcached.c:6138:5 (memcached+0xf580e)

SUMMARY: ThreadSanitizer: data race /home/alexey/tsan-experiments/nosql/memcached/memcached-tsan-sound-stmt/memcached.c:4039:22 in clock_handler
==================
ThreadSanitizer: reported 35 warnings
