epoch,n_busy,busy_median_khz,busy_p90_khz,all_median_khz,loadavg
1788864148,35,2900000,2900000,2899970,26.93
1788864179,38,2900000,3023435,2900000,25.39
1788864209,23,2900000,2900029,800000,24.19
1788864239,25,2900000,3069596,1261828,27.17
1788864269,25,2900000,2958590,1000058,24.77
1788864299,28,2900000,2900029,2743450,23.37
1788864329,22,2894933,3052075,800000,21.38
1788864359,32,2897568,2900029,2867958,17.37
1788864389,37,2899122,2900000,2892632,14.83
1788864419,31,2900000,3097035,2895678,11.69
1788864449,35,2900000,3080000,2896610,11.28
1788864479,32,2898715,2900000,2889472,11.00
1788864509,42,2899892,2900000,2898715,12.35
1788864539,26,2900000,3076222,1403373,9.99
1788864570,26,2900000,2977741,2697124,9.21
1788864600,25,2900000,3095345,2674124,9.74
1788864630,40,2899971,2900029,2897692,8.69
1788864660,22,2897478,3002344,800000,10.01
1788864690,28,2887329,3092849,1322342,11.99
1788864720,12,1786891,3067646,800000,10.23
1788864750,29,2889297,3043568,2500000,9.75
1788864780,35,2839603,2970313,2651523,11.83
1788864810,30,2875630,2900959,2561634,11.21
1788864840,27,2869015,3089607,2530097,11.99
1788864870,32,2899970,3062377,2818763,11.81
1788864900,16,2845936,3216087,800000,10.63
1788864931,12,2978018,3100000,800000,8.51
1788864961,34,2866345,2900000,2793248,13.99
1788864991,25,2865214,2900000,1099191,14.31
1788865021,25,2876806,2924950,2498947,13.85
1788865051,38,2823816,2991160,2798935,12.95
1788865081,27,2821683,3090342,2538535,12.66
1788865111,31,2869755,2900041,2782626,13.47
1788865141,21,2882729,2900000,800000,12.94
1788865171,35,2900000,2900032,2889479,14.18
1788865201,27,2899145,3095555,2194770,16.32
1788865231,27,2891690,2943880,2274382,16.43
1788865262,25,2900000,2965274,1175688,19.29
1788865292,24,2882159,2900000,880065,16.63
1788865322,29,2851575,2900000,2811364,15.79
1788865352,25,2899191,3055665,1094845,12.91
1788865382,30,2882745,3091442,2801362,12.17
1788865412,45,2899962,2900029,2899436,12.78
1788865442,33,2897560,2900000,2886179,11.14
1788865472,27,2899974,2902436,2755817,12.45
1788865502,43,2900000,2920858,2899970,9.81
1788865532,9,2997619,3336287,800000,10.33
1788865562,25,2897655,3090946,2089905,8.05
1788865592,45,2898980,2900064,2898154,9.73
1788865623,36,2900000,3058598,2900000,10.08
1788865653,28,2895427,2900000,1319052,10.29
1788865683,27,2899953,2900029,2525918,10.60
1788865713,39,2900000,3072185,2900000,12.28
1788865743,9,2848582,3059488,800000,10.05
1788865773,36,2900000,3069152,2741183,10.46
1788865803,26,2883486,3100000,2159913,9.40
1788865833,30,2895553,3096600,2490692,8.45
1788865863,27,2875034,2907435,1264804,7.90
1788865893,24,2785154,2900000,898442,8.76
1788865923,22,2899970,2900032,800000,8.50
1788865953,13,2634545,3091989,800000,10.37
1788865984,26,2859909,2900000,1222322,12.00
1788866014,25,2888122,3100000,1466548,18.51
1788866044,43,2896165,3099968,2890949,17.29
1788866074,33,2900000,2900025,2895702,15.35
1788866104,24,2900000,2900032,800000,18.79
1788866134,24,2892433,2900029,800000,16.06
1788866164,6,2000000,2900000,800000,13.41
1788866194,29,2895805,2900000,2874672,14.87
1788866224,26,2900031,3095532,2881024,15.52
1788866254,28,2900000,3100000,2245520,21.14
1788866284,31,2900000,3100000,2620581,19.52
1788866314,27,2900000,3099964,2853075,17.19
1788866345,30,2886462,2900035,2796023,22.19
1788866375,11,2778477,3045698,800000,18.13
1788866405,27,2897727,2900000,2814883,16.56
1788866435,40,2897870,2900024,2893980,20.35
1788866465,38,2899631,2900040,2892827,16.89
1788866495,31,2900000,2900038,2885551,18.63
1788866525,38,2899970,2900000,2894869,16.98
1788866555,47,2897120,2900037,2896952,14.13
1788866585,36,2897725,3092902,2893389,10.48
1788866615,26,2900000,2964803,1794528,10.39
1788866645,23,2899936,3100000,800000,9.97
1788866675,45,2898091,2900051,2897481,9.26
1788866705,27,2897086,2900000,2710447,9.85
1788866735,31,2898307,2947360,2004504,9.64
1788866766,12,2271536,2619581,800000,9.02
1788866796,23,2857787,2900000,800016,9.32
1788866826,21,2900000,3086629,800000,9.75
1788866856,33,2899952,2900884,2837177,11.16
1788866886,44,2899970,2990782,2899498,11.56
1788866916,38,2899902,2906546,2888388,15.43
1788866946,27,2894797,2900000,1544621,21.98
1788866976,25,2883564,3018966,1476676,17.17
1788867006,46,2900000,2959806,2899970,17.19
1788867036,38,2899970,2900032,2898836,20.22
1788867066,45,2883814,2900000,2875230,22.92
1788867096,28,2853465,2900000,2797149,20.54
1788867126,26,2881445,2909502,1174623,17.96
1788867156,36,2898369,2900173,2891853,17.23
1788867187,13,2688802,2889895,800000,14.47
1788867217,47,2893719,2900030,2893424,13.81
1788867247,32,2891604,2900000,2840899,17.08
1788867277,32,2899968,2900000,2891188,16.66
1788867307,43,2894764,2900000,2888570,18.18
1788867337,36,2899960,2900022,2876973,19.63
1788867367,26,2899969,2900000,2159722,24.55
1788867397,12,2474924,3072874,800000,20.06
1788867427,35,2898040,2900000,2889685,16.93
1788867457,37,2899481,2900029,2894233,14.98
1788867487,26,2897351,2900035,2390800,14.42
1788867517,42,2900000,3099937,2900000,16.84
1788867547,30,2898581,2900044,2887931,15.20
1788867578,41,2900000,2900031,2897801,13.57
1788867608,34,2898036,2900000,2882549,11.68
1788867638,31,2897105,2900000,2890334,13.99
1788867668,32,2900000,3100000,2898801,21.21
1788867698,27,2898640,2990549,2885977,18.77
1788867728,48,2600026,2700054,2600026,45.01
1788867758,48,2536087,2600026,2536087,78.05
1788867788,10,2649445,3155243,800000,66.66
1788867818,33,2891191,2900000,2785940,43.50
1788867848,18,2877903,2900000,800000,29.47
1788867878,23,2897486,2900000,844152,21.58
1788867909,36,2896923,2900000,2863386,17.50
1788867939,19,2246060,3072745,800000,14.31
1788867969,27,2896964,2939978,1798741,11.87
1788867999,10,1802767,2888361,800000,9.41
1788868029,42,2818745,2900000,2808682,9.54
1788868059,30,2890592,2900095,2786906,12.17
1788868089,30,2870035,3086047,2812106,14.33
1788868119,27,2847227,2898811,2490322,14.85
1788868149,38,2897891,2900000,2879321,14.81
1788868179,36,2888476,3087698,2836252,16.50
1788868209,22,2781052,2900000,800000,20.07
1788868239,24,2900000,3099966,800000,19.58
1788868270,26,2900000,3100000,2611137,18.04
1788868300,27,2899968,2900000,2857408,16.84
1788868330,34,2872499,2914174,2830774,16.21
1788868360,32,2896135,2900769,2860586,18.12
1788868390,43,2867757,2900000,2864326,18.26
1788868420,21,2851563,3095411,800287,16.88
1788868450,39,2899941,2900000,2888493,16.03
1788868480,34,2899961,2900000,2895418,25.25
1788868510,35,2899988,2900000,2896354,25.96
1788868540,27,2899896,2900029,2866561,27.27
1788868570,33,2899944,2900000,2890397,27.25
1788868600,30,2899970,2900081,2892475,21.74
1788868630,24,2899970,3012568,800000,15.94
1788868660,42,2900000,2900029,2899101,15.66
1788868691,38,2900000,2908278,2899897,16.72
1788868721,41,2899970,2904289,2898025,15.56
1788868751,32,2897765,2900000,2892528,15.39
1788868781,22,2900000,3095784,800000,14.40
1788868811,16,2238888,2900000,800000,13.00
1788868841,23,2886563,2972919,800000,13.28
1788868871,39,2899970,3070454,2894117,12.71
1788868901,36,2899751,2900029,2778426,11.34
1788868931,35,2878794,2900000,2840886,10.29
1788868961,30,2895109,2900000,2743502,10.09
1788868991,46,2894128,2900000,2888647,14.85
1788869021,17,2821380,3042217,800032,12.38
1788869051,29,2899968,2980964,1784898,13.12
1788869082,35,2899970,2900029,2899968,14.19
1788869112,26,2900000,2900031,1113720,21.57
1788869142,25,2900000,2900029,1139756,26.92
1788869172,31,2895887,2900000,2862617,24.26
1788869202,31,2900000,2900030,2899968,23.78
1788869232,38,2833682,2900000,2769676,23.55
1788869262,36,2801075,2900000,2791786,19.98
1788869292,33,2837672,2900000,2784656,19.41
1788869322,33,2802777,2900000,2776914,20.68
1788869352,33,2900000,3068881,2826502,18.35
1788869382,17,2810280,2859640,800000,16.20
1788869412,36,2810832,2900000,2777267,15.15
1788869442,18,2864043,3095829,800000,13.99
1788869472,39,2900000,2910981,2899975,13.07
1788869503,39,2900000,2913260,2897867,12.50
1788869533,44,2897337,2900000,2897117,14.17
1788869563,32,2899970,2900046,2894822,21.46
1788869593,26,2899970,2900029,2840739,17.91
1788869623,39,2897006,2900000,2886251,15.61
1788869653,9,2688655,3026765,800000,19.40
1788869683,27,2900000,2900029,2844134,15.65
1788869713,30,2900000,3100000,2489629,14.67
1788869743,30,2898837,2900030,2477477,14.77
1788869773,32,2898403,2900000,2878025,14.00
1788869803,30,2899110,3071101,2871392,12.44
1788869833,21,2900000,2900000,800000,13.04
1788869864,28,2824807,2900029,1162537,10.61
1788869894,28,2900000,2900105,1737720,9.80
1788869924,40,2894872,2900029,2891761,9.45
1788869954,26,2886073,3091837,1063909,11.68
1788869984,23,2900000,3054871,947415,11.00
1788870014,29,3063910,3100000,2900000,10.76
1788870044,18,2830085,3362046,800000,18.41
1788870074,34,2900000,3100000,2891212,14.91
1788870104,28,2900000,2900000,2700027,15.70
1788870134,25,2900000,2951299,1471603,16.07
1788870164,32,2899968,2900000,2877664,16.75
1788870194,34,2900000,2904747,2891015,16.00
1788870224,27,2900000,3005018,2200000,16.46
1788870254,28,2899971,2900029,2189583,14.56
1788870285,29,2874334,2908734,2459027,11.97
1788870315,27,2897904,2900000,2403906,12.93
1788870345,34,2896461,2902680,2874231,16.31
1788870375,41,2900470,3099928,2900000,17.73
1788870405,45,2899877,2900000,2897660,18.28
1788870435,32,2891618,2943964,2804829,20.70
1788870465,15,2800000,3101074,800000,22.13
1788870495,35,2900000,2900078,2891218,21.24
1788870525,34,2899342,2900000,2892225,25.67
1788870555,27,2898434,2900000,2728900,21.02
1788870585,22,2895832,2900039,800000,18.53
1788870615,32,2897559,2900029,2886384,16.56
1788870645,39,2900000,3093316,2899973,14.89
1788870676,14,2618412,3097192,800000,12.21
1788870706,30,2900000,2900469,2881620,11.17
1788870736,28,2899978,2900138,2887994,11.87
1788870766,41,2899969,3086966,2897969,13.88
1788870796,29,2897000,2900043,2887239,20.15
1788870826,33,2900000,2949851,2891535,16.99
1788870856,34,2900000,2900033,2897746,14.29
1788870886,24,2864651,2900058,983210,11.67
1788870916,42,2897794,2900029,2889231,12.71
1788870946,24,2881450,2900029,800000,13.76
1788870976,41,2888874,2900000,2875137,12.80
1788871006,32,2900000,3100000,2813399,13.32
1788871036,30,2900000,2914786,2800327,12.94
1788871067,24,2703868,3066020,800298,11.63
1788871097,28,2900000,3046633,2675353,10.20
1788871127,23,2896470,2992580,800000,17.44
1788871157,27,2836542,2900000,1382167,18.09
1788871187,39,2900000,3054865,2899970,16.47
1788871217,28,2895848,2900031,2871806,21.68
1788871247,24,2874270,3063437,800000,22.46
1788871277,33,2546037,2900000,1769927,19.38
1788871307,40,2900000,3100000,2898043,14.79
1788871337,27,2900382,3100000,2298289,15.77
1788871367,45,2900000,2900031,2900000,16.41
1788871397,23,2900000,3093533,800000,14.59
1788871427,37,2892328,2900104,2835202,16.08
1788871457,29,2900000,3009249,2677111,16.96
1788871488,17,2900029,3200738,800000,17.62
1788871518,34,2899964,3065608,2895339,12.92
1788871548,36,2896540,2927600,2890523,12.49
1788871578,31,2897538,2900029,2853090,12.52
1788871608,22,2881392,2900000,862996,11.59
1788871638,28,2898961,2900000,2734011,12.99
1788871668,22,2900000,3091812,800000,10.33
1788871698,7,1700000,3108985,800000,8.88
1788871728,27,2900000,3104675,2866214,8.39
1788871758,21,2900000,3100000,800000,7.84
1788871788,20,2897439,3100032,800000,8.06
1788871819,28,2899978,2901674,1571725,8.01
1788871849,25,3071818,3095131,1171489,7.54
1788871879,19,2899950,2964465,800000,6.44
1788871909,23,2897518,3097865,800608,5.13
1788871939,24,2897886,3100000,800000,5.34
1788871969,21,2900000,3079152,800000,6.17
1788871999,14,2709301,3005969,800000,7.77
1788872029,20,2900000,3097763,800000,7.37
1788872059,21,2804880,2998586,800000,6.88
1788872090,7,2181311,3100031,800000,7.60
1788872120,22,2900000,2973905,800000,6.55
1788872150,23,2900000,2900029,800096,11.24
1788872180,25,2897985,2900030,1678424,13.48
1788872210,23,2900000,3100000,800000,14.46
1788872240,24,2900000,3100000,800000,15.21
1788872270,24,2900000,3100000,800000,14.78
1788872300,9,2750642,2957570,800000,13.13
1788872330,25,2900000,3054342,1294980,10.01
1788872361,26,2895538,2900000,1600000,11.25
1788872391,25,2900000,2900030,1195332,13.95
1788872421,21,2900000,3100000,800000,14.68
1788872451,22,2900000,2900000,800000,14.69
1788872481,18,2900000,3048166,800000,13.04
1788872511,2,2362248,2362248,800000,12.30
1788872541,30,2899933,3088981,2891486,9.99
1788872571,27,2900000,3093198,2611384,10.31
1788872601,25,2900000,3085877,2433529,10.22
1788872631,24,2894068,2901014,800000,9.69
1788872662,31,2899971,2900148,2894463,9.36
1788872692,27,2900000,3100000,2376686,9.42
1788872722,22,2900000,3095609,800000,7.18
1788872752,18,3084177,3099959,800000,7.33
1788872782,23,2900000,2914254,800000,8.74
1788872812,22,3095481,3100000,800000,8.10
1788872842,25,2900000,3099961,1042531,8.30
1788872872,24,2900000,3097024,884411,8.23
1788872902,8,1690529,3400000,800000,8.93
1788872933,23,2891125,2917512,800000,8.84
1788872963,13,2900000,2900000,800000,9.74
1788872993,28,2900000,2900029,2600000,9.70
1788873023,20,2900000,3100000,800000,8.08
1788873053,19,2847421,2900000,800000,8.53
1788873083,19,2890481,3044841,800000,8.82
1788873113,16,1909221,3026232,800000,6.51
1788873143,21,2826767,2900000,800008,8.04
1788873173,30,2877642,2900000,2671156,9.64
1788873204,19,3038118,3100000,800000,10.59
1788873234,17,2821957,2899970,800000,12.01
1788873264,18,2900000,3079922,800000,12.72
1788873294,21,2824354,2892106,800000,11.98
1788873324,5,2334277,2853417,800000,9.66
1788873354,25,2816060,3011799,1503968,9.52
1788873384,25,2797862,2963224,1100000,9.52
1788873414,23,2820607,2926185,838563,10.31
1788873444,23,2815381,2970686,800000,11.29
1788873475,25,2802861,3019566,1142452,11.25
1788873505,27,2843929,3047458,2316657,11.26
1788873535,2,2400000,2400000,800000,14.95
1788873565,28,2896634,2900044,2569671,15.14
1788873595,24,2898465,2900030,800000,19.55
1788873625,27,2900000,3065662,2892776,15.88
1788873655,28,2900000,3100000,2842351,13.00
1788873685,27,2900000,2978156,2800000,11.97
1788873715,28,2900000,2969043,2423697,10.75
1788873745,22,2900000,3091190,800000,8.98
1788873776,22,2900000,3043083,800000,8.78
1788873806,22,2899926,3097103,800000,8.48
1788873836,18,2900000,3095725,800000,8.30
1788873866,20,2900000,3100000,800000,8.02
1788873896,18,2900000,3093673,800000,6.75
1788873926,5,3165467,3344305,800000,6.33
1788873956,20,2900000,3389308,800000,6.76
1788873986,24,2899970,3100000,998719,7.17
1788874016,25,2900000,3100000,1300032,6.40
1788874047,24,2900000,3072653,800161,5.58
1788874077,23,2900000,3097836,811938,5.64
1788874107,26,2900000,3095401,1383944,6.21
1788874137,5,2856019,2900029,800000,5.11
1788874167,24,2821917,2982071,800000,7.15
1788874197,21,2866298,3057858,800000,9.66
1788874227,19,2899966,3080243,800000,9.06
1788874257,22,2893110,3039433,800000,8.84
1788874287,26,2859618,3050499,1715211,10.24
1788874318,21,2855685,2900000,800000,12.38
1788874348,25,2839742,2902163,1331778,9.77
1788874378,23,2817567,2915114,800000,12.91
1788874408,23,2844218,3056985,800000,10.41
1788874438,28,2899968,2900030,2830928,11.39
1788874468,21,2900000,3015198,800000,12.13
1788874498,23,2883312,3017185,829282,10.75
1788874528,3,2123047,2123047,800000,10.75
1788874558,27,2900000,3100000,2021695,9.40
1788874588,25,2899924,2934047,2303174,10.02
1788874619,23,2900000,3084547,800000,8.93
1788874649,27,2895848,3100031,1886579,9.91
1788874679,28,2900000,2900086,2662166,10.18
1788874709,24,2900000,3100000,843897,10.09
1788874739,6,2594517,2924289,800000,7.84
1788874769,23,2900000,3095376,800000,7.79
1788874799,19,2900000,3001098,800000,8.33
1788874829,20,2900000,3098879,800000,8.33
1788874859,22,2896049,2998636,800000,8.41
1788874890,20,2897690,2900000,800000,8.00
1788874920,21,2900000,3100000,800000,8.55
1788874950,17,2900000,3100000,800000,9.10
1788874980,20,2900000,3097947,800000,10.44
1788875010,28,2899970,3100000,1844162,8.58
1788875040,20,2900000,3100000,800000,7.82
1788875070,14,2384243,2879067,800000,7.98
1788875100,20,2900220,3100000,800000,7.89
1788875130,9,1400000,2107368,800000,7.01
1788875161,26,2897733,3100000,2218000,6.95
1788875191,22,2895810,3000000,800000,9.04
1788875221,23,2874587,3110616,800000,9.94
1788875251,24,2899748,3092967,800000,11.38
1788875281,25,2899957,2934411,1732378,13.16
1788875311,18,2869842,3089935,800000,13.49
1788875341,7,2595781,3100000,800000,12.51
1788875371,20,2816011,3048453,800000,10.07
1788875401,21,2967605,3097803,800000,11.28
1788875431,23,2841984,3029520,800000,12.27
1788875462,24,2820687,2861403,800000,12.16
1788875492,14,2884386,3090180,800000,12.93
1788875522,19,2784611,2995163,800000,12.54
1788875552,29,2900000,2900029,2898069,11.62
1788875582,29,2900000,3100000,2731788,14.53
1788875612,31,2900000,3100000,2899785,16.32
1788875642,29,2900000,3100000,2631463,17.61
1788875672,29,2900000,2992062,2824740,16.69
1788875702,28,2900000,3151140,2899218,17.80
1788875733,25,2900000,3100000,2889056,15.86
1788875763,20,2900000,2900029,800000,16.82
1788875793,19,2900000,2900029,800000,17.47
1788875823,20,2900000,3099968,800000,17.86
1788875853,24,2900000,3099937,867095,18.28
1788875883,22,2900000,3047232,800005,18.35
1788875913,34,2891422,3053071,2875741,16.96
1788875943,30,2899151,3028632,2692642,12.89
1788875973,35,2886219,2900082,2844414,11.68
1788876004,34,2900000,3079290,2874990,10.24
1788876034,40,2899824,3096743,2863591,10.02
1788876064,32,2895092,2900641,2637875,10.67
1788876094,4,1073645,1200000,800000,10.56
1788876124,24,2900000,2900029,810772,11.89
1788876154,26,2900000,3215787,2899294,14.88
1788876184,21,2900000,3100000,800000,16.04
1788876214,31,2900000,3078140,2899970,17.15
1788876244,25,2900000,3097942,2898090,15.92
1788876274,28,2900000,2900029,2787278,17.01
1788876305,23,2900000,2900000,800000,16.17
1788876335,24,2900000,3100000,815972,16.89
1788876365,22,2900000,3014823,800000,17.65
1788876395,20,2900000,3084568,800000,17.71
1788876425,22,2900000,2900000,800000,17.29
1788876455,20,2900000,2900029,800000,17.21
1788876485,27,2900000,2940539,2727853,13.46
1788876515,25,2897976,2900010,1180495,12.54
1788876545,25,2897900,2905991,2462068,10.69
1788876576,24,2900000,3078758,800000,8.86
1788876606,28,2900000,3097942,1700033,9.14
1788876636,24,2897070,2900017,828287,8.47
1788876666,8,1894892,2206749,800000,8.46
1788876696,21,2900000,3188707,800000,7.40
1788876726,23,2900000,3096962,800000,7.80
1788876756,21,2900000,3098037,800000,8.11
1788876786,22,2899983,2900055,800000,9.03
1788876816,20,2900105,3100044,800000,8.04
1788876847,19,2900008,3339048,800000,7.67
1788876877,26,2899962,3099801,1223300,6.81
1788876907,20,2895981,2926678,800000,6.33
1788876937,17,2849986,2900000,800000,6.82
1788876967,20,2554891,2900000,800000,7.15
1788876997,16,2900000,3100000,800000,6.93
1788877027,23,2900000,2957267,841354,7.96
1788877057,13,2419854,3009042,800000,7.49
1788877087,21,2900000,3100000,800000,6.31
1788877118,23,2900000,2900000,800000,9.29
1788877148,19,2900000,3100000,800000,11.37
1788877178,19,2900000,3099966,800000,12.75
1788877208,17,2993324,3100000,800000,10.42
1788877238,18,2899969,2900000,800000,12.18
1788877268,16,1721903,2524036,800000,13.15
1788877298,24,2900000,3100032,800000,11.45
1788877328,20,2900000,3090461,800000,14.33
1788877358,22,3079739,3339169,800000,15.32
1788877389,21,2900031,3100000,800000,15.65
1788877419,23,2900030,3100032,800000,17.77
1788877449,22,2900000,2900030,800000,18.69
1788877479,4,2627441,2851111,800000,17.47
1788877509,26,2895323,2907943,1496305,14.11
1788877539,28,2900030,3100000,2895865,13.53
1788877569,25,2900000,3100000,2452492,12.68
1788877599,25,2900000,3099968,2837602,13.61
1788877629,24,2899920,2916108,804333,11.54
1788877659,24,2900000,3099968,881005,13.02
1788877690,10,1500000,3092504,800000,10.13
1788877720,20,2900000,2959924,800000,9.48
1788877750,24,3096919,3371033,800000,9.07
1788877780,21,2897855,2939977,800000,9.75
1788877810,22,3083252,3100000,800000,9.22
1788877840,23,2895676,3097104,800000,8.82
1788877870,25,2900642,3100000,1056907,9.05
1788877900,25,2797923,2900000,1043189,6.84
1788877930,24,2911235,3194178,868362,7.24
1788877961,17,2663847,2900000,800000,6.41
1788877991,21,2900000,3100000,800000,5.99
1788878021,14,3096611,3107914,800000,6.49
1788878051,19,2748328,2900000,800000,7.99
1788878081,9,2736277,3400000,800000,6.45
1788878111,28,2900000,3060989,2867610,6.68
1788878141,24,2900000,3100000,800000,10.33
1788878171,16,3090268,3100000,800000,12.75
1788878201,18,2900000,3100000,800000,12.62
1788878232,22,2900000,2912775,800393,12.53
1788878262,23,2890297,3089993,883165,12.83
1788878292,8,2200000,2912184,800000,12.19
1788878322,24,2900000,3100000,938818,11.44
1788878352,23,2900000,3100000,800000,13.50
1788878382,18,2900000,2900000,800000,13.76
1788878412,25,2900000,3088180,2141279,13.85
1788878442,17,2914544,3086751,800000,14.57
1788878472,24,2900000,3100000,800000,15.31
1788878503,10,2937837,3199082,800000,12.17
1788878533,31,2898120,2900071,2816588,9.59
1788878563,26,2900000,3092317,2440937,8.91
1788878593,26,2900000,2900000,1192111,9.52
1788878623,28,2900000,2947915,2554838,9.44
1788878653,21,2900000,2900000,800000,8.97
1788878683,21,2900000,2900031,800000,8.69
1788878713,21,2900000,3100000,800000,7.11
1788878743,22,2911616,3092643,800000,7.18
1788878773,19,2900000,3100000,800000,7.65
1788878804,22,2898266,3091704,800000,8.03
1788878834,20,2898221,3095458,800000,8.13
1788878864,23,2900000,3098029,800000,7.68
1788878894,4,2500000,2700000,800000,7.09
1788878924,25,2900000,3097944,1051620,7.31
1788878954,27,2883536,3045986,1300000,7.38
1788878984,22,2880725,2922410,800000,6.52
1788879014,26,2775162,3045214,1128817,7.25
1788879044,22,2865539,2900000,800000,6.64
1788879075,19,2895135,3100000,800000,6.92
1788879105,6,1400000,3099968,800000,4.95
1788879135,22,2900000,3028618,800000,6.45
1788879165,25,2900000,3033724,2387903,6.79
1788879195,28,2847413,3100041,2037796,8.07
1788879225,20,2874876,2902340,800000,9.33
1788879255,21,2890981,3100035,800000,9.57
1788879285,25,2870646,3097378,1228501,10.96
1788879315,7,3100000,3400000,800000,8.43
1788879346,25,2916505,3100000,2081506,10.82
1788879376,24,2900000,3100000,800000,12.59
1788879406,19,2900000,3289065,800000,13.96
1788879436,27,2900000,3098677,2705156,13.13
1788879466,21,2900000,3100000,800000,14.35
1788879496,21,2900000,3114325,800000,14.80
1788879526,24,2900000,3095639,800000,10.85
1788879556,21,2899960,3078780,800000,9.52
1788879586,25,2900029,3152452,1583023,9.54
1788879616,30,2900000,3144019,2892095,8.54
1788879647,16,2385135,2900000,800000,7.60
1788879677,30,2953294,3100000,2736990,8.59
1788879707,11,2331343,2985548,800000,7.19
1788879737,21,2900000,3085401,800000,7.22
1788879767,22,2900000,3100000,800000,6.39
1788879797,18,2900000,3100000,800000,6.54
1788879827,20,2900000,3100000,800000,7.65
1788879857,20,2900000,3100000,800000,7.53
1788879887,20,2900000,3084454,800000,7.83
1788879918,23,2888932,2900000,950262,6.63
1788879948,19,2900000,3097947,800000,6.23
1788879978,17,2899970,2928900,800000,6.31
1788880008,22,2899969,3026380,800000,6.90
1788880038,15,2924007,3100000,800000,6.82
1788880068,15,2050155,3100000,800000,6.91
1788880098,4,1716265,3076914,800000,5.77
1788880128,27,3076049,3258580,1912604,6.86
1788880158,21,2900000,3100000,800000,9.31
1788880189,25,2900000,3092164,1298955,11.05
1788880219,28,2899969,3100000,2800326,9.29
1788880249,24,2897253,3099911,800000,9.92
1788880279,20,2900042,3083717,800000,11.19
1788880309,14,1899840,2905239,800000,9.73
1788880339,24,2901174,3092299,988857,7.45
1788880369,20,2818503,3028110,800000,9.38
1788880399,24,2807525,2987479,800000,10.63
1788880429,25,2866764,3064471,1367896,11.94
1788880459,22,2826295,2993597,800000,11.00
1788880490,25,2880427,3100000,1626348,11.15
1788880520,13,2342971,3304092,800000,9.36
1788880550,29,2900000,2987147,2876118,10.24
1788880580,21,2884601,3100000,800000,9.71
1788880610,24,2900000,2935536,800000,8.90
1788880640,24,2900000,3082363,800000,8.66
1788880670,24,2899979,2900000,994388,8.51
1788880700,25,2900000,3100000,2693719,8.36
1788880730,23,2900000,3100045,800000,6.95
1788880761,22,2900021,3095903,800000,6.84
1788880791,21,2900000,3100000,800000,7.51
1788880821,20,2894740,3090671,800000,7.76
1788880851,19,3079877,3100000,800000,7.75
1788880881,21,2900000,3386463,800000,8.16
1788880911,7,2948809,3400000,800000,7.33
1788880941,16,2599805,2900000,800000,7.18
1788880971,19,2900000,3100000,800000,6.59
1788881001,18,2723201,3100000,800000,6.66
1788881032,27,2900000,3006053,1946439,6.35
1788881062,15,2892245,2900000,800000,7.25
1788881092,23,2852820,2900000,800060,6.82
1788881122,8,2226366,3100031,800000,5.04
1788881152,23,2900000,3100000,800000,8.76
1788881182,23,2900000,2995068,800000,10.04
1788881212,21,2895879,2902746,800000,11.94
1788881242,24,2898388,3066091,800000,10.74
1788881272,23,2895776,2900000,800000,10.41
1788881303,20,2900000,3209298,800000,11.18
1788881333,8,2170175,3100000,800000,7.42
1788881363,22,2802896,2953409,800000,7.93
1788881393,21,2806312,2996911,800000,9.89
1788881423,17,2996557,3097958,800000,10.00
1788881453,24,2834116,3021732,870977,10.89
1788881483,25,2859278,3100000,2099724,11.21
1788881513,24,2875557,3353773,948073,11.03
1788881543,23,2900000,2900029,800000,9.07
1788881573,28,2899929,2900000,2812219,10.04
1788881604,26,2900000,2909402,2175712,9.86
1788881634,27,2899912,3036936,2429980,10.22
1788881664,26,2900000,3100000,2430788,9.74
1788881694,27,2900000,3098337,2893995,9.74
1788881724,15,2094369,3100000,800000,7.33
1788881754,24,2899945,3014148,800000,6.72
1788881784,24,2900000,3350984,858199,6.91
1788881814,21,2900000,3100000,800000,7.45
1788881844,21,2915534,3099852,800000,7.19
1788881875,23,2900000,3100000,800000,7.52
1788881905,27,2899956,2900000,2614459,7.57
1788881935,21,2826430,2900029,800000,5.94
1788881965,24,2897549,2951682,843082,6.62
1788881995,20,2681411,2904671,800000,6.81
1788882025,20,2899862,3100000,800000,6.23
1788882055,24,2900000,3096935,800000,6.06
1788882085,21,2872248,2900000,800000,6.52
1788882115,4,2481967,3399965,800000,6.08
1788882145,21,2900000,3100000,800000,6.23
1788882176,14,2900000,3400000,800000,9.37
1788882206,27,2900000,3100000,2451809,9.29
1788882236,27,2898788,2900031,2429629,11.30
1788882266,22,2900000,3046013,800000,12.27
1788882296,23,2897823,3006649,800000,13.66
1788882326,19,2513219,3055598,800000,12.64
1788882356,22,2841051,3040243,800000,10.38
1788882386,22,2819350,2982727,800000,11.05
1788882416,24,2800802,2981049,849084,10.89
1788882447,21,2889012,3100000,800000,11.17
1788882477,20,2856440,3090123,800000,11.10
1788882507,29,2813655,2999547,2770205,12.71
1788882537,4,1500000,2704074,800000,11.04
1788882567,21,2899970,2900768,800000,10.34
1788882597,25,2900000,2900022,1795714,10.01
1788882627,29,2898637,3100000,2024734,10.25
1788882657,25,2900000,3096529,1099777,9.96
1788882687,25,2900000,3090960,1976057,9.24
1788882718,22,2900000,3382994,800000,9.47
1788882748,23,2900000,3100000,800000,7.52
1788882778,22,2900000,3100000,800000,7.08
1788882808,20,2900000,3100000,800000,7.66
1788882838,28,2900000,3100000,2888914,7.76
1788882868,21,2900041,3097094,800000,7.01
1788882898,22,3052751,3136490,800000,7.22
1788882928,10,1812590,3400000,800000,6.96
1788882958,24,2861440,2905653,851084,6.19
1788882988,23,2811341,3099588,800000,6.45
1788883019,17,2900000,3112632,800000,7.59
1788883049,20,2754015,2900000,800000,6.64
1788883079,24,2883206,3100000,856123,6.68
1788883109,15,2900000,3100000,800000,6.50
1788883139,6,2757324,2911538,800000,5.36
1788883169,24,2918166,3097846,800026,7.10
1788883199,24,2900000,3096474,803793,9.03
1788883229,23,2900000,3278217,800000,11.16
1788883259,22,2899970,3095544,800000,10.33
1788883290,23,2865968,2900042,800000,8.78
1788883320,21,2900000,3100000,800000,10.30
1788883350,6,1584556,2884223,800000,8.16
1788883380,21,2900000,3100000,800000,9.66
1788883410,20,3069455,3100563,800000,10.83
1788883440,18,2900000,2957402,800000,11.91
1788883470,18,2900000,3100000,800000,12.58
1788883500,20,2900000,3100000,800000,13.18
1788883530,23,2900000,2929222,800000,13.56
1788883561,28,2900000,3100000,2865378,10.95
1788883591,23,2901450,3100000,800000,10.24
1788883621,20,2899989,3092101,800000,11.51
1788883651,25,2899909,2900041,1315458,8.95
1788883681,24,2899233,2900000,800000,9.66
1788883711,27,2900000,3061267,2496421,9.71
1788883741,7,1789867,2911706,800000,8.48
1788883771,24,2901716,3131863,858654,7.37
1788883801,26,2897938,2959476,1412530,8.03
1788883832,22,3028370,3270018,800000,8.02
1788883862,22,2897746,3100041,800000,8.55
1788883892,20,2900000,3097017,800000,8.32
1788883922,22,2900025,3099960,800000,8.30
1788883952,23,2882803,2900000,800000,6.74
1788883982,18,2766181,3100000,800000,6.37
1788884012,24,2823051,2900029,819623,6.68
1788884042,26,2899970,3072005,1633090,6.73
1788884072,25,2708211,2990782,1492220,7.30
1788884102,17,2900000,3291719,800000,6.82
1788884133,11,1871010,2818711,800000,6.26
1788884163,25,2900000,3093948,1978706,5.68
1788884193,23,2840589,3043502,800000,7.69
1788884223,20,2900000,3091530,800000,8.45
1788884253,21,2842345,2900000,800000,9.17
1788884283,20,2870490,2985195,800000,8.57
1788884313,24,2900000,2938241,935071,11.35
1788884343,14,1794585,2506281,800000,11.07
1788884373,26,2851541,3084422,2539886,8.79
1788884404,22,2862790,3008997,800000,9.10
1788884434,28,2840252,3076323,2790709,9.93
1788884464,18,2878875,3018979,800000,11.16
1788884494,25,2852430,3033163,1002317,9.86
1788884524,20,2834634,3057872,800000,11.20
1788884554,10,1895711,3400034,800000,10.57
1788884584,26,2900000,3204857,2883733,9.55
1788884614,29,2900000,3099745,2891295,8.74
1788884644,27,2900000,3074468,2702199,8.26
1788884675,29,2899205,3097679,2806815,8.45
1788884705,24,2897894,2900058,941658,7.97
1788884735,26,2899968,3100000,1854744,8.22
1788884765,32,2900030,3100039,2898821,8.67
1788884795,23,2900000,3252101,800000,9.19
1788884825,24,2941002,3153834,800000,9.69
1788884855,25,2900043,3100000,1078032,9.04
1788884885,18,2900000,3397145,800000,8.54
1788884915,21,2900000,3077737,800000,9.45
1788884945,10,2107291,2898698,800000,9.10
1788884976,17,2900000,3334589,800000,10.21
1788885006,24,2890145,2930158,800000,8.59
1788885036,29,2900000,3097882,2497251,8.12
1788885066,13,2874877,3088443,800000,7.53
1788885096,19,2900000,3019587,800000,7.99
1788885126,20,2899625,2900000,800000,7.58
1788885156,13,2005291,3100031,800000,5.83
1788885186,30,2897947,2900000,2890988,8.51
1788885216,23,2890211,2900000,800000,9.37
1788885247,25,2900000,3095893,1259726,10.98
1788885277,23,2900000,3095272,800000,10.17
1788885307,22,2900000,3100000,800000,13.27
1788885337,19,2900000,3100000,800000,13.58
1788885367,6,1737603,2919544,800000,10.79
1788885397,24,2818785,2893482,800000,10.02
1788885427,21,2848699,2999360,800000,10.03
1788885457,25,2854576,3081081,1290096,11.82
1788885487,19,2829616,3008615,800000,11.98
1788885518,25,2889771,3052540,1432784,11.50
1788885548,23,2821697,3008444,800019,11.74
1788885578,17,2900000,3091083,800000,9.24
1788885608,27,2900000,3100000,2809025,8.77
1788885638,25,2900000,2943337,2605733,10.04
1788885668,31,2899961,2900031,2861088,8.51
1788885698,20,2894120,3000004,800000,9.41
1788885728,29,2900000,3096713,2848800,10.96
1788885758,12,1608185,2522279,800000,9.77
1788885788,23,2900000,3099950,800000,8.33
1788885819,19,2900030,3100000,800000,8.31
1788885849,21,2900000,3116773,800000,7.83
1788885879,22,2900000,3096729,800000,7.72
1788885909,24,2900000,3191512,801123,7.98
1788885939,21,3025829,3099954,800000,7.59
1788885969,20,2900000,3097938,800000,6.01
1788885999,18,2503688,2905764,800000,6.89
1788886029,21,2900000,3234891,800000,6.09
1788886059,16,2714271,3100000,800000,7.12
1788886090,27,2877133,3100000,1784049,6.95
1788886120,23,2773769,3099937,800000,6.24
1788886150,15,2507600,2964903,800000,7.26
1788886180,27,2900000,3100000,2482867,6.24
1788886210,21,2900000,3100000,800000,9.29
1788886240,24,2850732,3092096,800000,10.06
1788886270,21,2900000,2900030,800000,11.16
1788886300,22,2900000,3100000,800000,12.93
1788886330,20,2900000,2900030,800000,12.82
1788886361,15,2203693,2813605,800000,12.10
1788886391,25,2900000,3100033,1631871,9.32
1788886421,21,2900030,3100000,800000,11.94
1788886451,20,2900000,3100000,800000,13.33
1788886481,24,2900000,3100000,800000,13.16
1788886511,19,2900000,3016276,800000,14.52
1788886541,24,2920300,3100000,897325,13.77
1788886571,11,1800000,3112500,800000,12.04
1788886601,26,2900000,3100000,2405370,9.74
1788886632,26,2900000,3100000,1153041,10.21
1788886662,28,2974645,3100000,2895286,9.99
1788886692,23,2897467,3078103,800000,10.14
1788886722,25,2900000,2974848,1300000,9.26
1788886752,25,2900076,3100000,1032549,9.16
1788886782,18,2900000,3098539,800000,7.72
1788886812,21,2897517,3093475,800000,7.51
1788886842,21,2899970,3080850,800000,7.18
1788886872,19,2900000,3096024,800000,7.24
1788886903,24,2900000,3098734,945624,6.56
1788886933,25,2896999,3098099,1682087,7.55
1788886963,10,1902222,3383219,800000,7.84
1788886993,19,2900000,3174588,800000,6.83
1788887023,20,2900000,3100000,800000,7.09
1788887053,21,2896547,2900000,800000,7.25
1788887083,23,2900000,3100000,800010,7.25
1788887113,24,2713061,2900000,829557,6.95
1788887143,25,2845250,3073920,1194685,6.12
1788887174,9,2830412,3400000,800000,5.37
1788887204,26,3023178,3097740,2795538,6.78
1788887234,27,2875728,3039156,2429369,8.15
1788887264,21,2894504,2900039,800000,8.58
1788887294,21,2820833,2893976,800000,10.48
1788887324,18,2838898,3099968,800000,12.69
1788887354,23,2872044,3012313,800000,10.46
1788887384,10,1745682,2826589,800000,8.30
1788887414,21,2900031,3100000,800000,9.46
1788887444,20,2900000,3100000,800000,12.07
1788887475,19,2916182,3100000,800000,13.90
1788887505,23,2867891,3100000,824021,13.17
1788887535,27,2882256,2901148,2405194,14.08
1788887565,23,2900000,3100000,800000,13.89
1788887595,34,2900000,2909721,2899968,14.59
1788887625,34,2900000,3110319,2898061,17.90
1788887655,34,2900000,3097104,2899970,19.63
1788887685,27,2900000,3100000,2100584,19.75
1788887715,33,2900000,2900542,2898798,19.57
1788887746,29,2900000,2900315,2894716,18.69
1788887776,23,2900000,2900029,800000,17.43
1788887806,22,2900000,2900029,800000,17.98
1788887836,21,2900000,3033983,800000,18.22
1788887866,22,2900000,2900029,800000,18.13
1788887896,22,2900000,3068811,800000,18.59
1788887926,21,2900000,2945025,800000,18.54
1788887956,35,2900000,3082782,2897946,16.93
1788887986,32,2884985,2900000,2769102,16.22
1788888016,31,2896480,2900000,2476523,14.26
1788888047,39,2900000,2989276,2897863,11.69
1788888077,39,2898885,3089902,2893387,11.65
1788888107,31,2899943,3089801,2716282,12.51
1788888137,23,2900000,3100000,807031,10.02
1788888167,24,2900000,3099968,956973,13.20
1788888197,27,2900000,3100031,2899970,14.72
1788888227,25,2900029,3100000,2899970,16.12
1788888257,23,2900000,3071061,800000,16.91
1788888287,29,2900000,2975620,2899970,15.57
1788888318,9,1524340,3100000,800000,16.83
1788888348,20,2900000,2908946,800000,16.01
1788888378,22,2900000,2900029,800000,16.38
1788888408,22,2900000,2900804,800000,16.56
1788888438,21,2900000,2900029,800000,15.80
1788888468,22,2900000,2900058,800000,16.25
1788888498,20,2900000,2900029,800000,16.78
1788888528,23,2900000,3088770,800000,12.74
1788888558,22,2898676,2900029,800000,10.92
1788888589,27,2896529,3100000,2427030,9.76
1788888619,26,2900000,3095689,2412727,10.18
1788888649,29,2900000,3098967,2849551,10.01
1788888679,25,2899968,2900000,2736066,9.14
1788888709,11,2238169,3073046,800000,7.95
1788888739,21,2900000,3097819,800000,7.51
1788888769,21,2900000,3099921,800000,7.61
1788888799,22,2900000,2900048,800079,8.14
1788888829,23,2900000,3123326,800000,7.79
1788888860,23,2899982,3100000,800000,7.27
1788888890,23,3096361,3392721,800000,7.40
1788888920,22,2900000,3100000,946176,6.28
1788888950,24,2900000,3100000,800000,6.63
1788888980,22,2888888,2900000,800000,7.30
1788889010,21,2900000,3035569,800000,7.07
1788889040,20,2910800,3140245,800000,6.39
1788889070,22,2895723,2900000,800000,6.70
1788889100,8,2345588,2904016,800000,6.13
1788889130,23,2878005,3033532,800000,7.09
1788889161,24,2886906,3051980,800000,9.29
1788889191,22,2900000,2955847,800000,9.58
1788889221,29,2901575,3059695,2806481,10.73
1788889251,24,2900000,3006750,800091,12.17
1788889281,21,2831326,2900000,800000,12.83
1788889311,10,2000000,3031594,800000,9.99
1788889341,17,2899969,3100000,800000,8.64
1788889371,21,2900000,3099968,800000,11.82
1788889401,20,2900000,3100000,800000,13.74
1788889432,19,2895612,2911646,800000,14.23
1788889462,18,2900000,2938623,800000,14.84
1788889492,24,2900000,3100000,800782,14.00
1788889522,5,3034548,3099968,800000,10.68
1788889552,22,2900000,3100000,800000,9.21
1788889582,27,2900000,3079992,2814611,9.60
1788889612,25,2900000,2900120,1300036,13.60
1788889642,24,2900000,3100000,993474,15.91
1788889672,23,2897338,2900041,800000,14.59
1788889703,28,2900000,3100000,2888018,13.56
1788889733,19,2900000,3082969,800000,10.46
1788889763,27,2900000,3099957,1736253,9.58
1788889793,25,2900000,3096936,1168567,8.86
1788889823,24,2898198,3100033,801047,8.57
1788889853,25,3088900,3100000,1941411,8.37
1788889883,25,2900000,3099925,1201851,8.21
1788889913,10,2494646,3100000,800000,7.40
1788889943,15,2900000,3100000,800000,6.52
1788889974,28,2844429,2900000,2196562,5.89
1788890004,27,2719392,2900000,1326224,6.14
1788890034,27,2900000,3100000,1639191,6.66
1788890064,15,2851440,3095676,800000,6.51
1788890094,26,2874162,2929576,1093693,5.47
1788890124,5,2934160,3100000,800000,4.75
1788890154,22,2900000,3100000,800000,6.83
1788890184,24,2854754,2900000,800000,8.46
1788890214,22,2895676,2991775,800000,10.48
1788890245,17,3005542,3097720,800000,11.52
1788890275,27,2896014,3275269,2178327,12.69
1788890305,20,2899948,3258353,800000,14.09
1788890335,7,1908757,2864542,800000,10.78
1788890365,29,2820159,3339929,2784055,9.97
1788890395,21,2833996,3067842,800000,10.57
1788890425,23,2855279,3047580,800000,9.68
1788890455,21,2900000,3059586,800000,10.89
1788890485,21,2844547,3010656,800000,11.13
1788890515,25,2804888,2900000,2465068,11.23
1788890546,22,2900000,3271495,800000,8.60
1788890576,22,2900000,2967548,800000,9.05
1788890606,24,2900000,3100000,800000,9.17
1788890636,25,2900000,3004056,2450174,8.32
1788890666,20,2895575,2900000,800000,7.53
1788890696,23,2900000,3048134,800000,8.71
1788890726,15,2400000,3005360,800000,8.27
1788890756,33,2900000,2900063,2899952,7.49
1788890786,20,2900000,3100000,800000,7.84
1788890817,23,2900000,3100000,800000,7.79
1788890847,22,2900000,3098094,800000,7.23
1788890877,23,2900000,3097742,800000,7.96
1788890907,23,3034699,3100000,893987,8.00
1788890937,25,2899970,2951916,1484383,6.67
1788890967,22,2900000,3082486,800000,6.70
1788890997,20,2891116,3097800,800000,6.01
1788891027,19,2838525,3213476,800000,5.35
1788891057,18,3088570,3387769,800000,5.21
1788891088,23,2900000,3100000,800000,5.41
1788891118,7,2342960,3399965,800000,6.47
1788891148,21,2841650,2896053,800000,5.95
1788891178,24,2844879,3006281,933927,8.19
1788891208,21,2875970,3095889,800000,9.12
1788891238,27,2899969,3104857,2735568,10.74
1788891268,23,2900000,3022377,800000,12.07
1788891298,30,2900000,3100034,2827755,12.75
1788891328,11,2093333,3017511,800000,13.39
1788891359,23,2899474,3086222,800000,10.41
1788891389,23,2814942,2974188,800000,12.46
1788891419,25,2816964,3089735,1019069,12.26
1788891449,23,2849087,3072088,800000,12.63
1788891479,22,2836142,3010334,800000,14.71
1788891509,21,2900033,3090704,800000,13.87
1788891539,8,2193871,3099968,800000,11.96
1788891569,24,2898700,2900000,800049,10.38
1788891599,24,2900000,3099968,800000,9.90
1788891629,25,2900000,3100000,1002370,9.93
1788891660,29,2900000,2916771,2894454,8.86
1788891690,23,2899993,2900000,801045,8.38
1788891720,23,2900000,3072974,800000,8.47
1788891750,23,2899976,2956830,800000,7.40
1788891780,21,2900000,3100058,800000,6.49
1788891810,22,2900000,3100000,800000,7.30
1788891840,23,2900000,3100000,800000,7.27
1788891870,28,2900000,3099601,2511838,6.88
1788891900,20,2900000,3099926,800000,7.46
1788891931,6,2080927,3799575,800000,6.73
1788891961,23,2886421,3052386,800000,5.97
1788891991,21,2886782,2900763,800000,5.84
1788892021,19,2900000,3025818,800000,6.04
1788892051,21,2900000,3100757,800000,6.22
1788892081,15,2900000,2911111,800000,6.59
1788892111,21,2900000,3342257,800000,6.85
1788892141,11,2505052,2872127,800000,5.02
1788892171,26,2900000,3063709,1566677,7.77
1788892202,22,2897631,2966693,800000,8.53
1788892232,25,2893044,3092618,1283033,8.07
1788892262,22,2897727,3100000,800000,10.64
1788892292,21,3049552,3100000,800000,11.56
1788892322,19,2900000,3106858,800000,12.95
1788892352,5,2450600,3084465,800000,10.51
1788892382,20,2900000,2955564,800000,11.74
1788892412,23,2916355,3369071,800000,13.29
1788892442,22,2900000,2962283,800000,13.82
1788892473,25,2900000,3100000,1195463,14.88
1788892503,25,2900000,3100000,1712090,14.68
1788892533,26,2900000,3100000,2093930,14.88
1788892563,27,2899970,3064400,2600000,11.02
1788892593,16,2900000,3086468,800000,9.49
1788892623,24,2900000,3100000,881934,10.25
1788892653,29,2899946,3100000,2625899,8.85
1788892683,17,2900053,3100000,800000,8.23
1788892713,25,2899979,3100000,1380769,9.13
1788892743,7,2101747,2558219,800000,8.28
1788892774,25,3015525,3100138,1295117,7.54
1788892804,21,2900000,3100000,800000,7.29
1788892834,20,2899978,3095307,800000,7.37
1788892864,20,2900000,3100000,800000,8.92
1788892894,21,2899980,3361545,800000,8.38
1788892924,19,2900027,3109323,800000,7.71
1788892954,22,2900000,3084729,800000,7.01
1788892984,16,2900000,3085024,800000,6.55
1788893014,21,2853815,2900131,800000,6.73
1788893045,22,2890993,2900000,800000,7.58
1788893075,26,2899941,2900000,1761065,11.86
1788893105,22,2900000,3100000,800000,10.59
1788893135,14,2162397,2833049,800000,10.53
1788893165,27,2900000,2900031,1356154,8.01
1788893195,18,2900000,3100000,800000,10.55
1788893225,21,2895470,3056581,800000,12.24
1788893255,46,2893448,2900000,2888740,14.70
1788893285,26,2900000,3100000,2892087,17.43
1788893315,29,2900000,3188864,2895801,16.34
1788893346,14,1702380,2987703,800000,18.85
1788893376,22,2801405,3058103,800000,13.56
1788893406,22,2871926,2980256,800000,12.57
1788893436,20,2899970,3021865,800000,12.97
1788893466,23,2862168,3073203,800095,13.09
1788893496,23,2867989,3083636,800000,11.47
1788893526,48,2400000,2499974,2400000,54.81
1788893556,15,1677851,2877875,800000,76.18
1788893586,29,2900000,3049445,2895912,50.97
1788893617,48,2700000,2700027,2700000,46.20
1788893647,48,2500000,2570059,2500000,79.13
1788893677,30,2886679,2900000,2594470,87.11
1788893707,28,2899970,3091749,2818380,61.15
1788893737,26,2900000,3093596,1572995,41.94
1788893767,8,2168929,3091583,800000,26.59
1788893797,48,2700000,2799971,2700000,33.68
1788893827,48,2414263,2500000,2414263,70.85
1788893858,23,2898399,2900000,800000,76.60
1788893888,19,2900000,3097519,800000,50.66
1788893918,48,2700000,2700054,2700000,51.53
1788893948,48,2500050,2600026,2500050,80.68
1788893978,20,2900000,3092442,800000,71.06
1788894008,24,2900000,3100000,800820,46.81
1788894038,45,2900000,2900030,2899968,31.61
1788894068,22,2882712,3009965,800082,22.75
1788894098,21,2863639,3108981,800000,16.96
1788894129,21,2900000,2907323,900000,14.58
1788894159,8,2686308,3099968,800000,12.62
1788894189,24,2954281,3068533,981021,12.24
1788894219,25,2899646,3017747,1262147,13.48
1788894249,28,2897849,2921010,2283620,14.18
1788894279,21,3062162,3100000,800000,15.49
1788894309,23,2841859,3095363,800000,16.83
1788894339,20,2900000,3100000,800000,16.22
1788894369,9,2276718,2932076,800000,14.96
1788894399,22,2889163,3083624,800000,10.92
1788894430,20,2825952,2989955,800000,11.06
1788894460,23,2938455,3078899,800000,11.01
1788894490,21,2877586,2999337,800000,10.94
1788894520,24,2851606,3075246,800000,11.32
1788894550,19,2842112,3069867,800000,11.71
1788894580,6,1500000,2939045,800000,10.49
1788894610,31,2900000,3100192,2751750,8.95
1788894640,24,2900000,3100000,800000,8.32
1788894670,29,2900000,3100000,2757933,9.44
1788894701,29,2900000,3095726,2890914,9.25
1788894731,19,2895468,2900049,800000,8.99
1788894761,24,2898059,3092165,947596,9.51
1788894791,7,2066307,2913690,800000,8.16
1788894821,21,2900000,3093191,800000,8.28
1788894851,21,2900000,3091906,800000,8.37
1788894881,22,2900000,3104618,800000,8.99
1788894911,22,2900000,3031743,800000,8.17
1788894941,22,2900000,3093299,800000,8.11
1788894972,21,2900000,3100000,800000,8.36
1788895002,20,2861646,2908123,800000,6.78
1788895032,24,2873422,2900000,900000,6.87
1788895062,22,2861323,2900378,800000,6.64
1788895092,23,2898602,3049856,800333,7.49
1788895122,25,2900000,2944768,1200000,6.86
1788895152,19,2900000,2946634,800000,7.40
1788895182,3,1993630,1993630,800000,6.52
1788895212,24,2897880,2908950,800034,7.34
1788895243,23,2899968,2900000,800016,10.60
1788895273,20,2900000,3362032,800000,12.20
1788895303,23,2899970,3099966,800000,13.77
1788895333,26,2895655,3085576,2473344,15.19
1788895363,15,2955978,3099965,800000,14.59
1788895393,6,1985983,2508305,800000,12.69
1788895423,23,2900031,3100000,800000,12.16
1788895453,19,2900000,3092982,800000,13.36
1788895483,22,2900000,3100000,800000,12.20
1788895514,22,2900000,3100000,800000,11.70
1788895544,27,2886626,3041638,2105982,12.39
1788895574,14,2891220,3023889,800000,12.50
1788895604,3,1895177,1895177,800000,10.96
1788895634,28,2897948,2936407,2668248,8.62
1788895664,26,2899970,3014327,2154991,8.56
1788895694,29,2898220,2905084,2705072,9.98
1788895724,25,2900000,3099968,1542547,10.62
1788895754,27,2900000,3099953,2843023,10.19
1788895785,25,2899941,3254752,1266659,11.11
1788895815,20,2900000,3100000,800000,8.26
1788895845,24,2954567,3100000,855280,8.31
1788895875,22,2979697,3097466,812773,7.82
1788895905,22,2900000,3100000,800008,7.43
1788895935,27,2900000,3179520,2058478,7.47
1788895965,24,2900000,3092685,809399,7.76
1788895995,7,3100000,3102605,800000,7.64
1788896025,16,2900000,2900029,800000,6.70
1788896055,24,2853690,2900000,939238,6.27
1788896086,16,2900000,3100000,800000,6.09
1788896116,20,2449493,3061743,800000,5.39
1788896146,24,2793812,2900029,800016,6.23
1788896176,21,2820827,2900000,800000,6.77
1788896206,7,2666596,3099968,800000,5.07
1788896236,17,2899967,2900000,800000,7.49
1788896266,21,2892626,2900040,800000,10.43
1788896296,20,2900000,3328770,800000,11.61
1788896326,25,2892830,3100000,1622727,11.60
1788896357,22,3056337,3100000,800000,11.80
1788896387,21,2900000,3092046,800000,10.64
1788896417,8,2092775,3100000,800000,7.90
1788896447,20,2886389,3072839,800000,9.32
1788896477,24,2897789,3100000,800000,10.08
1788896507,22,2900000,3099966,800000,10.73
1788896537,22,2900000,3095425,800000,11.29
1788896567,18,2900000,3040514,800000,13.04
1788896597,22,2889044,3067766,800000,16.46
1788896628,25,2900000,3098411,1500000,13.66
1788896658,24,2900000,3100000,886039,14.21
1788896688,22,2900000,3097534,800000,13.59
1788896718,26,2899954,3100000,2800261,15.29
1788896748,24,2900000,3096091,883277,14.72
1788896778,18,2899965,3100000,800000,12.63
1788896808,4,1465823,2914992,800000,10.16
1788896838,22,2900000,3100000,800000,8.75
1788896868,28,2900000,3100000,2000000,8.05
1788896899,18,2900000,3100000,800000,7.81
1788896929,21,2900000,3093804,800000,7.13
1788896959,17,2900000,3029552,800000,6.69
1788896989,21,3004043,3100000,800000,6.82
1788897019,21,2898066,3070272,800000,6.18
1788897049,25,2899659,3094668,1280200,5.45
1788897079,20,2783981,3100000,800000,5.19
1788897109,24,2897830,2930916,800008,6.61
1788897139,21,2708914,2896034,800000,6.58
1788897170,17,2924297,3254825,800000,6.71
1788897200,12,2103017,3061153,800000,6.16
1788897230,23,2900000,3257436,800000,7.19
1788897260,23,2900000,3052034,800000,11.92
1788897290,26,2900000,3100000,1215148,13.50
1788897320,19,2900000,2900031,800000,14.54
1788897350,26,2900000,2900316,1814314,15.03
1788897380,21,2900000,2900030,800000,13.37
1788897410,14,1999027,2841468,800000,13.39
1788897441,23,2837254,3054322,800000,9.76
1788897471,22,2865747,3092780,800000,11.60
1788897501,24,2875807,3275319,800000,10.65
1788897531,23,2836117,3015783,800000,11.67
1788897561,22,2824612,2999988,800000,11.78
1788897591,22,2838042,3032127,800000,11.67
1788897621,3,2894218,2894218,800000,11.33
1788897651,24,2900000,3093085,800009,8.98
1788897681,28,2900021,3100045,2894234,8.60
1788897711,22,2900000,3096875,800000,8.87
1788897742,22,2898781,2900029,800000,8.39
1788897772,26,2900000,2900102,2821143,8.38
1788897802,29,2899977,3100000,1740816,9.14
1788897832,21,2900000,3098286,800000,7.50
1788897862,19,2896829,3195578,800000,7.94
1788897892,21,2927688,3100000,800000,7.08
1788897922,25,2899958,3100000,1564897,7.13
1788897952,27,2897826,2900102,2493634,7.60
1788897982,21,3084888,3100000,800000,7.35
1788898013,7,2213477,3100031,800000,7.22
1788898043,28,2900000,3099942,2500000,7.20
1788898073,22,2878803,3100000,800000,6.80
1788898103,20,2894753,3100000,800000,6.77
1788898133,21,2900000,3100000,800000,6.69
1788898163,9,2982850,3100000,800000,7.05
1788898193,15,2871817,2900000,800000,7.52
1788898223,6,1659228,2708518,800000,6.64
1788898253,25,2857220,3071783,1292805,7.99
1788898284,28,2900000,3084575,2481318,9.59
1788898314,29,2894700,3076667,2795052,10.97
1788898344,23,2900000,3056073,800000,11.19
1788898374,33,2893612,2900000,2849071,11.51
1788898404,21,2840339,2900000,800000,11.37
1788898434,6,1745475,2900000,800000,8.22
1788898464,23,2900000,3100000,800008,9.03
1788898494,27,2882558,3088656,2146222,10.62
1788898524,24,2900000,3100000,964949,10.70
1788898554,23,2897846,3093039,800000,10.53
1788898585,22,2952713,3100000,800000,12.88
1788898615,17,2899969,2900000,800000,13.13
1788898645,18,2894235,3052332,800000,10.10
1788898675,22,2899939,3097070,800000,10.46
1788898705,24,2900000,3045890,800000,11.30
1788898735,25,2900000,3093906,2194131,10.96
1788898765,28,2898768,3100000,2499974,9.44
1788898795,23,2897659,3097346,800000,8.59
1788898825,7,2441114,3383333,800000,9.03
1788898856,22,2899926,2900072,800000,7.06
1788898886,24,2900000,3100000,864699,7.26
1788898916,21,2900000,3100000,800000,6.98
1788898946,23,2900000,3100000,800000,7.12
1788898976,21,2900000,3100000,800000,8.14
1788899006,19,2900143,3105088,800000,8.30
1788899036,5,3045632,3230178,800000,6.89
1788899066,19,2900000,3094655,800000,6.15
1788899096,19,2894399,3097623,800000,6.33
1788899126,24,2884499,3100000,863817,5.92
1788899157,19,2900167,3100000,800000,6.50
1788899187,26,2891317,2907341,1384132,6.36
1788899217,28,2900000,2980917,1200000,5.68
1788899247,27,2891265,3054929,2501464,4.44
1788899277,23,2899968,2991959,800000,9.95
1788899307,20,2892867,3100000,800000,10.79
1788899337,20,2900000,2919480,800000,10.20
1788899367,22,2965950,3100000,800000,11.20
1788899397,23,2899970,2900057,800000,10.77
1788899428,12,1592956,2090474,800000,10.09
1788899458,22,3024060,3092611,800000,7.72
1788899488,27,2900000,3100000,2807552,10.63
1788899518,27,2836563,3010461,1302926,9.62
1788899548,22,2866330,3072227,800000,11.28
1788899578,24,2929186,3100000,900000,13.20
1788899608,24,2842586,3014007,800079,11.87
1788899638,6,3100000,3684722,800000,12.40
1788899668,42,2900000,3100000,2900000,10.62
1788899699,41,2900000,2909897,2898060,18.10
1788899729,46,2899970,3097725,2899970,21.20
1788899759,48,2900029,3100000,2900029,22.38
1788899789,48,2900000,3100192,2900000,25.53
1788899819,41,2900000,2921090,2900000,28.37
1788899849,36,2900000,3100000,2900000,27.20
1788899879,36,2900000,3099966,2900000,26.91
1788899909,15,1733978,2900000,800000,28.17
1788899939,47,2900000,3100000,2900000,29.67
1788899969,42,2900000,3100000,2899970,30.86
1788900000,46,3091759,3100000,3091168,28.96
1788900030,42,2900000,2900280,2900000,28.26
1788900060,43,2900000,2900082,2900000,27.27
1788900090,39,2900000,2956721,2900000,27.16
1788900120,36,2900000,2900029,2900000,28.87
1788900150,0,0,0,800000,30.31
1788900180,42,2900000,3100000,2900000,31.21
1788900210,41,2899970,3100000,2897929,29.03
1788900240,39,2900000,3097921,2899970,28.04
1788900271,40,2900000,3086729,2899970,29.38
1788900301,39,2900000,3100000,2900000,29.35
1788900331,36,2900000,3099968,2900000,30.22
1788900361,13,2220388,3400000,800000,29.84
1788900391,48,2900000,3100000,2900000,28.99
1788900421,46,2900000,3100000,2900000,27.52
1788900451,45,2900000,3100000,2900000,27.45
1788900481,42,2900000,3099965,2900000,27.02
1788900511,45,2900000,3097595,2900000,26.16
1788900541,37,2900000,3097428,2900000,25.88
1788900572,6,1548837,3100000,800000,28.06
1788900602,47,2900000,3096714,2900000,28.93
1788900632,47,2898074,2906823,2898068,27.16
1788900662,47,2900000,3040000,2900000,27.36
1788900692,45,2900000,2972735,2899970,27.99
1788900722,44,2900000,3099968,2900000,25.77
1788900752,45,2900000,3087280,2900000,26.20
1788900782,36,2900000,3099966,2900000,27.60
1788900812,38,2900000,2900029,2899970,28.80
1788900843,36,2900000,2900029,2900000,29.93
1788900873,12,1994269,2661634,800000,26.19
1788900903,19,2895882,2900058,800000,17.07
1788900933,25,2897918,3089865,2815944,14.12
1788900963,18,2899970,3073799,800000,12.19
1788900993,26,2899957,3030092,1597751,12.15
1788901023,27,2900000,3100000,2887420,9.80
1788901053,18,2996116,3100474,800000,10.80
1788901083,6,2434777,2881342,800000,9.22
1788901113,20,2900000,3095169,800000,8.02
1788901144,25,3099948,3398522,2484061,7.49
1788901174,23,2900000,3097365,800000,7.06
1788901204,24,2897036,2933223,800000,7.18
1788901234,23,2900000,3100000,800000,7.76
1788901264,25,2900000,3102329,1020031,7.25
1788901294,24,2887115,2957738,855735,6.48
1788901324,23,2843700,3100000,800000,5.90
1788901354,14,2769362,3097795,800000,5.81
1788901384,21,2749745,2900000,800000,6.61
1788901415,24,2899966,3100000,895338,7.46
1788901445,25,2899970,3017716,1175852,6.61
1788901475,6,2140484,3188972,800000,5.66
1788901505,20,2897870,2900000,800000,4.71
1788901535,22,2894032,2904334,800000,8.23
1788901565,21,2900000,3099966,800000,10.35
1788901595,25,2900000,3100000,1020627,11.92
1788901625,20,2900000,3100000,800000,12.94
1788901655,25,2900000,3093001,2600051,13.21
1788901686,14,2300000,3006265,800000,11.69
1788901716,23,2900000,3100000,800000,10.21
1788901746,20,3047267,3100000,800000,12.85
1788901776,20,2900000,3100000,800000,13.93
1788901806,18,2899969,3100032,800000,14.31
1788901836,23,2900000,2900031,800000,14.78
1788901866,22,2900000,3109597,800000,14.93
1788901896,12,1900000,2933991,800000,13.23
1788901926,29,2900000,3100000,2840959,9.22
1788901957,25,2900000,3097225,1165894,9.02
1788901987,24,2900000,3100000,800000,9.93
1788902017,20,2895552,3100000,800000,9.49
1788902047,24,2898410,3097974,800000,8.89
1788902077,25,2900000,2900065,2560126,9.50
1788902107,23,2895801,2900000,807481,7.67
1788902137,24,2900000,3096974,901349,6.97
1788902167,22,3059696,3202146,800000,7.29
1788902197,19,2900000,2900029,800000,6.19
1788902228,23,2897143,2910980,800000,6.72
1788902258,24,2900000,3100043,801945,6.75
1788902288,11,1988426,2205978,800000,5.90
1788902318,27,2900000,3129184,1133105,5.67
1788902348,21,2899954,2900000,800000,5.92
1788902378,22,2713052,3100000,800000,5.99
1788902408,15,2899967,2900000,800000,6.77
1788902438,22,2822899,2981403,800000,6.79
1788902468,24,2863476,3339184,874363,6.53
1788902498,10,1856172,2986139,800000,4.86
1788902529,25,2900000,3100000,1297142,5.22
1788902559,20,2900000,2966216,800000,7.87
1788902589,23,2892791,3050751,800000,10.00
1788902619,23,2899968,3100000,800778,10.84
1788902649,21,2899966,3100000,800000,12.32
1788902679,22,2897810,3066494,800000,13.00
1788902709,5,2910491,3200000,800000,10.08
1788902739,22,2900000,2900031,800000,11.43
1788902769,24,2959405,3097608,800000,12.88
1788902800,18,2900000,3079282,800000,14.07
1788902830,22,2900000,3100000,800000,14.14
1788902860,23,2833880,3108857,800000,14.80
1788902890,21,2900000,3100000,800000,13.69
1788902920,24,2900000,2906027,981540,9.97
1788902950,32,2900000,3100000,2896677,9.69
1788902980,25,2895368,2900000,1288880,9.68
1788903010,22,2899943,3009164,800000,8.69
1788903040,23,2897141,2900000,800000,8.00
1788903071,25,2900000,3100000,1787194,8.65
1788903101,8,2231970,3399965,800000,7.65
1788903131,21,2900000,2900081,800000,6.74
1788903161,28,2900000,3204605,2350011,6.56
1788903191,24,2900000,3114655,800000,7.43
1788903221,24,2899974,3100000,800000,7.50
1788903251,19,2900000,3097797,800000,7.64
1788903281,24,2895399,3091615,867382,8.08
1788903311,25,2900000,2909006,1586307,6.60
1788903341,18,2978320,3198924,800000,6.18
1788903372,18,2900000,3381758,800000,6.70
1788903402,23,2900000,3087984,800000,6.38
1788903432,26,2895402,3362788,1375933,5.88
1788903462,15,2900000,2932598,800000,5.71
1788903492,14,1877140,3100031,800000,6.33
1788903522,23,2822966,3025255,800000,4.76
1788903552,23,2900000,3045302,800007,8.18
1788903582,23,2883556,3072333,800000,9.87
1788903612,21,2875577,3093585,800000,10.11
1788903643,25,2855594,3100000,1043529,11.28
1788903673,21,2900032,3081266,800000,12.67
1788903703,15,2161248,3011767,800000,11.36
1788903733,20,2834131,3337691,800000,8.43
1788903763,24,2871057,3100000,800000,10.69
1788903793,23,2900000,3100000,800000,12.11
1788903823,22,2858531,3033208,800000,12.51
1788903853,23,2853816,2982685,800000,11.68
1788903883,24,2821271,3029587,800000,12.73
1788903914,9,1801534,3280109,800000,12.07
1788903944,5,2127857,2370849,800000,7.40
1788903974,2,2301117,2301117,800000,5.73
1788904004,6,2021163,2601268,800000,3.58
1788904034,6,1862010,2422332,800000,2.29
1788904064,9,2680073,3336394,800000,1.60
1788904094,7,3226903,3722282,800000,1.15
1788904125,3,2010040,2010040,800000,0.83
1788904155,2,1256062,1256062,800000,1.02
1788904185,2,1060944,1060944,800000,1.00
1788904215,5,1878094,2412727,800000,1.24
1788904245,6,1900000,3100000,800000,1.14
1788904275,12,1315236,2144295,800000,1.09
1788904305,3,1830828,1830828,800000,1.10
1788904335,6,2139626,2609603,800000,1.14
1788904365,6,1909153,2400000,800000,1.14
1788904396,8,1900000,2525110,800000,1.21
1788904426,6,1804735,2270689,800000,1.18
1788904456,4,1992882,2220754,800000,1.27
1788904486,9,2000000,2384633,800000,2.33
1788904516,12,2000000,2688412,800000,3.30
1788904546,5,2571259,2652130,800000,2.63
1788904576,12,1804265,2490234,800000,3.50
1788904606,9,1648644,2867641,800000,4.06
1788904636,7,2900000,3262442,800000,4.47
1788904667,8,1254566,2136535,800000,3.68
1788904697,6,1900000,2557627,800000,10.27
1788904727,21,2900000,2900000,800000,6.96
1788904757,7,1723547,1900000,800000,10.69
1788904787,19,2900000,2900000,800000,6.87
1788904817,5,1500000,2103782,800000,12.13
1788904847,29,2900000,2900029,2496559,7.97
1788904877,9,1900000,3100000,800000,15.22
1788904907,16,2400000,3147624,800000,9.87
1788904937,23,2900000,2900029,801070,15.32
1788904967,6,1500000,2168834,800000,10.77
1788904998,19,2895757,2900029,800000,11.89
1788905028,6,1400000,3090080,800000,9.79
1788905058,24,2900000,2900000,974285,11.25
1788905088,4,1500000,1794736,800000,10.86
1788905118,21,2900000,2900000,800000,12.00
1788905148,4,1500000,2322043,800000,11.21
1788905178,23,2900000,2900029,800189,9.75
1788905208,7,2176822,2889182,800000,11.85
1788905238,40,2900000,3089084,2900000,16.72
1788905268,8,1623906,2472761,800000,19.47
1788905299,37,2900000,3015709,2898039,22.77
1788905329,44,2899970,2933643,2899966,23.99
1788905359,42,2900000,3099968,2900000,25.20
1788905389,42,2900000,2928179,2900000,23.96
1788905419,40,2900000,3099967,2899970,26.61
1788905449,44,2900000,3100000,2900000,29.04
1788905479,42,2900000,3100000,2900000,28.39
1788905509,48,2900000,3100000,2900000,29.24
1788905539,44,2900000,3099341,2900000,29.71
1788905569,46,2900000,3100000,2900000,27.42
1788905600,39,2900000,3100000,2900000,28.55
1788905630,35,2893885,2900000,2881487,27.72
1788905660,48,2900000,3100000,2900000,29.75
1788905690,47,2900000,3099967,2899970,29.06
1788905720,46,2900000,3100000,2900000,30.29
1788905750,44,2900000,3100000,2900000,30.36
1788905780,39,2900000,3099968,2900000,31.33
1788905810,0,0,0,800000,28.45
1788905840,48,2900000,2969866,2900000,29.81
1788905870,48,2900000,3100325,2900000,29.97
1788905901,40,2900000,3100000,2900000,31.16
1788905931,45,2900000,2981838,2900000,31.05
1788905961,44,2900029,3100000,2900000,29.62
1788905991,42,2900000,3097546,2900000,27.33
1788906021,44,2900000,3100000,2900000,26.22
1788906051,15,1700000,2686485,800000,27.42
1788906081,46,2900029,3099968,2900029,30.05
1788906111,45,2900000,2900167,2900000,30.53
1788906141,44,2900000,2900058,2900000,30.96
1788906171,40,2900000,3099968,2900000,29.34
1788906202,39,2900000,2907754,2900000,28.67
1788906232,40,2900029,3100000,2900000,28.24
1788906262,39,2900000,3099968,2900000,29.42
1788906292,38,2900000,3099968,2900000,26.74
1788906322,4,1101441,1200000,800000,27.96
1788906352,47,2897994,3100000,2897843,27.49
1788906382,45,2900000,3100000,2900000,27.87
1788906412,47,2900000,2900034,2899970,26.44
1788906442,40,2899970,3100000,2899970,28.93
1788906473,40,2900000,3100000,2900000,30.33
1788906503,43,2900000,2900029,2900000,28.07
1788906533,7,1985401,2993827,800000,29.01
1788906563,47,2900000,3105496,2900000,28.27
1788906593,48,2900000,2900331,2900000,29.68
1788906623,48,2900000,3100000,2900000,29.25
1788906653,48,2900000,3100000,2900000,28.97
1788906683,15,2933463,3086102,800000,26.39
1788906713,36,2900000,2900029,2900000,27.17
1788906743,38,2900000,3100000,2900000,27.30
1788906774,43,2900000,2900030,2900000,28.21
1788906804,26,2900000,3092384,2595686,28.41
1788906834,46,2900000,3100000,2900000,29.35
1788906864,47,2900000,2900029,2900000,24.93
1788906894,47,2900000,2914824,2900000,27.37
1788906924,44,2900000,3100000,2900000,24.04
1788906954,47,2900000,3096394,2900000,26.98
1788906984,37,2900000,2900029,2900000,26.66
1788907014,37,2900000,2900029,2900000,28.39
1788907044,37,2900000,3100000,2899970,27.43
1788907075,34,2900000,2900033,2899970,29.27
1788907105,39,2900000,3076865,2893739,29.05
1788907135,41,2900000,3100000,2900000,30.68
1788907165,39,2900000,3100000,2900000,29.60
1788907195,40,2900000,3070897,2900000,28.45
1788907225,41,2900000,3090690,2900000,26.90
1788907255,6,1382736,2210676,800000,25.53
1788907285,47,2900000,3100000,2900000,27.30
1788907315,47,2899970,3003508,2899940,28.52
1788907346,46,2900000,3100000,2900000,29.61
1788907376,41,2900000,2906318,2900000,27.07
1788907406,44,2900000,3093498,2900000,29.17
1788907436,8,1996928,2900000,800000,27.19
1788907466,48,2899970,3100000,2899970,28.77
1788907496,48,2900000,3100000,2900000,29.59
1788907526,48,2899970,3093867,2899970,29.13
1788907556,45,2900000,3095655,2900000,28.72
1788907586,46,2900039,3100031,2900039,27.47
1788907616,38,2900000,2900029,2900000,26.32
1788907647,38,2900000,3100000,2900000,27.96
1788907677,48,2900000,3099959,2900000,28.93
1788907707,42,2900000,3100000,2900000,29.61
1788907737,46,2900029,3100000,2900029,30.31
1788907767,46,2900000,3090521,2900000,29.48
1788907797,40,2900000,2900029,2899970,28.21
1788907827,41,2900000,2900030,2900000,27.32
1788907857,40,2900000,2909434,2900000,28.02
1788907887,37,2900029,3100000,2900000,26.29
1788907917,5,1145073,2275656,800000,28.75
1788907948,40,2898757,3100000,2897888,29.97
1788907978,42,2900000,3100000,2899941,28.35
1788908008,37,2900000,2900058,2899970,30.00
1788908038,37,2900000,3071182,2900000,30.88
1788908068,37,2900000,3100000,2900000,29.62
1788908098,37,2900000,3100000,2900000,28.10
1788908128,45,2899355,3100000,2897972,29.52
1788908158,38,2900000,3100000,2900000,26.76
1788908188,35,2900000,2900058,2900000,27.58
1788908219,45,2900000,3160703,2900000,28.37
1788908249,47,2900000,3100000,2900000,27.91
1788908279,38,2900000,3099967,2900000,26.22
1788908309,45,2900000,3088262,2900000,28.58
1788908339,40,2900000,3100000,2900000,26.93
1788908369,14,2215533,2859512,800000,26.66
1788908399,45,2900000,3100000,2900000,27.65
1788908429,46,2900000,3073092,2900000,28.53
1788908459,43,2899970,3100000,2898009,28.30
1788908489,43,2900000,3100000,2900000,26.89
1788908520,43,2900000,3100000,2900000,29.22
1788908550,43,2900000,3099966,2900000,25.19
1788908580,41,2900000,3100000,2900000,26.23
1788908610,11,2207665,2900000,800000,28.29
1788908640,47,2900000,3100000,2900000,27.92
1788908670,48,2900000,3099481,2900000,26.55
1788908700,46,2900000,3100000,2900000,28.02
1788908730,43,2900000,3100000,2900000,27.54
1788908760,46,2900000,3100000,2900000,26.55
1788908791,41,2900000,3100000,2900000,26.10
1788908821,6,1700000,2155323,800000,25.96
1788908851,45,2900000,2902100,2899967,28.03
1788908881,44,2900000,3099961,2900000,28.67
1788908911,41,2900000,2900029,2899970,24.89
1788908941,37,2900000,2900030,2900000,26.66
1788908971,36,2900000,3097367,2900000,27.83
1788909001,44,2900000,3100000,2900000,26.85
1788909031,20,2980938,3100000,800000,28.27
1788909062,46,2900000,3100000,2900000,28.36
1788909092,46,2900000,3100000,2900000,27.69
1788909122,43,2900000,3099957,2900000,29.48
1788909152,47,2900029,3100000,2900000,28.69
1788909182,42,2900000,2900471,2900000,28.02
1788909212,40,2900000,3100000,2900000,25.71
1788909242,46,2900000,3100000,2900000,24.45
1788909272,6,1584482,3267488,800000,26.88
1788909302,48,2900000,3099964,2900000,28.30
1788909332,47,2900000,3080865,2899970,29.84
1788909363,46,2899969,3085377,2899968,30.62
1788909393,47,2900000,3100326,2900000,30.90
1788909423,43,2900000,3100000,2900000,29.25
1788909453,40,2900000,3100000,2900000,28.15
1788909483,38,2900000,3100031,2900000,27.25
1788909513,39,2900000,3100000,2900000,28.74
1788909543,43,2900000,3100000,2900000,26.11
1788909573,4,1300000,1735769,800000,27.36
1788909603,35,2900000,2900029,2900000,26.10
1788909634,35,2900000,2900029,2900000,27.14
1788909664,45,2900000,3100000,2900000,27.18
1788909694,39,2900000,3100000,2900000,26.88
1788909724,37,2900000,2987062,2899970,27.93
1788909754,40,2900000,3100031,2899970,29.77
1788909784,39,2900000,3100000,2900000,26.56
1788909814,38,2900000,3100000,2900000,26.32
1788909844,5,1138808,1744163,800000,26.08
1788909874,47,2900000,3100000,2900000,28.03
1788909904,46,2899970,3099968,2899970,29.42
1788909935,45,2900000,3100000,2900000,28.22
1788909965,48,2899969,3100000,2899969,28.03
1788909995,47,2900000,3099916,2900000,27.92
1788910025,45,2900000,3100000,2900000,26.96
1788910055,37,2900000,3099968,2900000,29.15
1788910085,40,2900000,3099968,2900000,29.55
1788910115,38,2900000,3056457,2900000,29.36
1788910145,39,2900000,2900052,2900000,30.47
1788910175,44,2900000,3100000,2900000,29.49
1788910205,48,2900000,3100000,2900000,28.26
1788910236,46,2900000,3100000,2900000,27.68
1788910266,43,2900000,3100212,2900000,28.92
1788910296,46,2900000,3100000,2900000,27.93
1788910326,41,2900000,3100000,2900000,26.06
1788910356,5,1993127,2489312,800000,28.37
1788910386,39,2900000,3080428,2899467,29.72
1788910416,45,2900000,3100031,2899968,28.66
1788910446,44,2900000,3100000,2900000,28.61
1788910476,42,2900000,3087548,2900000,29.15
1788910507,41,2900000,3095707,2900000,26.54
1788910537,38,2900000,2923493,2900000,28.75
1788910567,44,2900000,3100000,2900000,28.41
1788910597,46,2900000,3100000,2900000,27.84
1788910627,46,2900000,3099299,2900000,26.68
1788910657,42,2900000,2900029,2899970,26.36
1788910687,41,2900000,3099968,2900000,26.07
1788910717,3,1600000,1600000,800000,28.51
1788910747,44,2900000,3100000,2900000,29.42
1788910777,46,2900000,2956235,2900000,29.94
1788910808,46,2900000,2901053,2900000,28.20
1788910838,45,2900000,3099967,2900000,30.12
1788910868,45,2900000,3100000,2900000,28.95
1788910898,39,2900029,3100000,2900000,27.23
1788910928,37,2900000,2918219,2900000,26.90
1788910958,37,2900000,3100000,2900000,29.08
1788910988,43,2900000,2918770,2900000,27.87
1788911018,16,2222641,3100000,800000,29.57
1788911048,36,2900000,2900029,2900000,27.28
1788911079,35,2900000,3099968,2900000,28.67
1788911109,45,2900000,3098310,2900000,28.27
1788911139,48,2900000,3100595,2900000,29.58
1788911169,43,2900000,3079735,2899970,28.63
1788911199,46,2900000,3096645,2900000,27.23
1788911229,41,2900000,2905410,2900000,27.39
1788911259,38,2900000,3100000,2900000,26.56
1788911289,38,2900000,3100000,2898067,28.70
1788911319,43,2900000,3100000,2900000,30.08
1788911349,41,2900000,3100000,2900000,31.02
1788911380,41,2900000,3078786,2900000,30.64
1788911410,44,2899969,2900000,2898075,31.38
1788911440,36,2900000,3100000,2900000,28.78
1788911470,38,2900000,3100000,2900000,29.93
1788911500,36,2900000,3099967,2900000,28.26
1788911530,41,2900000,3100000,2900000,29.55
1788911560,6,1437480,2081632,800000,27.84
1788911590,46,2900000,3100031,2900000,29.01
1788911620,43,2900000,2958045,2900000,28.36
1788911651,47,2900000,3100000,2900000,29.86
1788911681,46,2900000,3100000,2900000,28.75
1788911711,40,2900000,3100040,2900000,30.23
1788911741,38,2900000,3100000,2900000,29.81
1788911771,36,2900000,2900058,2900000,27.82
1788911801,42,2900000,3100000,2900000,27.54
1788911831,36,2900000,3100000,2898110,29.39
1788911861,47,2900000,3096978,2900000,30.35
1788911891,45,2900000,3100000,2900000,30.46
1788911921,45,2900000,3100000,2900000,29.34
1788911952,48,2900000,2909931,2900000,26.91
1788911982,46,2900000,3100000,2900000,24.90
1788912012,38,2900000,3099968,2900000,28.27
1788912042,44,2900000,3089273,2900000,27.79
1788912072,39,2900000,3100000,2900000,26.71
1788912102,45,2900029,3100000,2900000,28.95
1788912132,48,2900000,3099968,2900000,28.72
1788912162,46,2900000,3099968,2900000,30.04
1788912192,38,2900000,2908792,2897986,31.74
1788912223,38,2900000,2900645,2900000,27.95
1788912253,1,2046804,2046804,800000,29.68
1788912283,45,2899970,2900029,2899969,30.05
1788912313,39,2900000,3100000,2899171,28.43
1788912343,43,2900000,2937411,2900000,27.61
1788912373,42,2900000,3090718,2900000,29.12
1788912403,37,2900000,3100000,2900000,28.24
1788912433,38,2900000,2901080,2900000,28.60
1788912463,0,0,0,800000,27.29
1788912493,25,2900000,3100031,1063991,16.79
1788912524,9,3248671,3400000,800000,15.48
1788912554,22,2960685,3100000,800000,14.80
1788912584,17,2900000,3399965,800000,11.77
1788912614,24,2900000,3100000,800000,12.61
1788912644,3,1486543,1486543,800000,14.49
1788912674,23,2900000,3100031,800213,11.92
1788912704,24,2900000,3100000,833265,11.41
1788912734,3,1219672,1219672,800000,12.42
1788912764,22,3099968,3400000,800000,10.72
1788912795,6,1834501,2000000,800000,8.96
1788912825,11,2260357,2701920,800000,7.93
1788912855,22,3099968,3100000,800000,6.49
1788912885,24,2900000,3100000,876943,9.44
1788912915,3,1700000,1700000,800000,7.31
1788912945,9,2119954,3400000,800000,9.98
1788912975,11,2775683,3129937,800000,9.08
1788913005,22,2900000,2940811,800000,8.00
1788913035,28,2900000,3100031,1763328,10.09
1788913066,23,2900000,3100000,800000,13.23
1788913096,11,2900000,2900029,800000,11.33
1788913126,6,2060597,3092111,800000,14.86
1788913156,7,2304255,3156279,800000,14.21
1788913186,4,1300915,3001415,800000,10.01
1788913216,20,2926938,3100000,800000,8.22
1788913246,8,2054986,2665472,800000,12.07
1788913276,8,1895052,2978106,800000,10.26
1788913306,15,2900000,2915301,800000,10.90
1788913337,24,2900029,3100000,800000,11.37
1788913367,22,3099968,3100000,800000,8.62
1788913397,24,2900000,2945862,800000,10.83
1788913427,9,1754641,2962068,800000,14.01
1788913457,20,2900000,3100000,800000,11.18
1788913487,22,2900000,3100000,800000,13.57
1788913517,14,1900000,2872854,800000,16.98
1788913547,11,2214972,2998376,800000,15.75
1788913577,8,2900000,3032892,800000,18.67
1788913608,10,1656621,2000000,800000,18.57
1788913638,27,2900000,3100000,1600000,16.92
1788913668,23,2900000,3100000,800000,16.30
1788913698,7,2000000,2984807,800000,14.58
1788913728,4,1297965,1402031,800000,15.09
1788913758,10,2304744,3625373,800000,14.16
1788913788,16,2900000,3123596,800000,10.94
1788913818,22,2931208,3100000,800000,13.18
1788913848,21,2900000,2900029,800000,13.57
1788913879,5,1453369,3359493,800000,8.47
1788913909,23,2900000,3099968,800000,7.08
1788913939,23,2900000,3100000,800000,7.18
1788913969,12,2100000,2609059,800000,7.00
1788913999,18,2900000,3000000,800000,7.45
1788914029,2,2069047,2069047,800000,8.63
1788914059,18,2900000,3100031,800000,7.74
1788914089,19,2900000,3100031,800000,6.17
1788914119,22,2900000,3057623,800000,6.77
1788914150,22,2900676,3100000,800000,7.42
1788914180,22,2900000,2900029,800000,7.25
1788914210,25,2900000,2900029,1188284,10.79
1788914240,18,2900000,3138690,800000,8.52
1788914270,23,2900000,3100000,800000,8.92
1788914300,4,2396785,2758487,800000,10.79
1788914330,12,2900000,3100000,800000,11.14
1788914360,22,2900000,2975126,800000,11.78
1788914390,2,1297384,1297384,800000,12.00
1788914421,20,3100000,3400000,800000,11.61
1788914451,23,2900000,3100000,800000,12.71
1788914481,5,1194244,2788333,800000,8.96
1788914511,8,1894129,2156657,800000,11.30
1788914541,8,1994764,3400000,800000,8.78
1788914571,3,2319718,2319718,800000,8.74
1788914601,19,2900000,3100000,800000,7.20
1788914631,22,2900000,3100000,800027,10.40
1788914661,6,1800000,3200000,800000,10.53
1788914692,27,2900000,3100000,2207479,12.36
1788914722,23,2900000,3100031,800000,11.64
1788914752,9,2333546,3200000,800000,9.98
1788914782,22,2917470,3100000,800000,8.01
1788914812,22,2900029,3100000,800000,7.85
1788914842,5,1209938,1376049,800000,6.02
1788914872,16,2900000,2906832,800000,9.47
1788914902,4,1995192,2323482,800000,8.59
1788914932,20,3100000,3100031,800000,7.54
1788914962,23,2900000,2900029,800000,9.01
1788914993,22,2900000,3099968,800000,9.81
1788915023,17,2900000,2900000,800000,7.67
1788915053,22,2900000,3100000,800000,9.04
1788915083,2,1014519,1014519,800000,10.03
1788915113,21,2900000,3100000,800000,9.53
1788915143,12,2336596,3234050,800000,11.30
1788915173,10,1500000,1994011,800000,12.59
1788915203,5,3789526,3800000,800000,10.83
1788915233,2,1577329,1577329,800000,12.32
1788915264,1,1662013,1662013,800000,10.08
1788915294,17,2900000,3100000,800000,6.40
1788915324,14,3100000,3170255,800000,9.26
1788915354,21,2900029,3100000,800000,9.81
1788915384,22,2900000,3100000,800000,9.75
1788915414,23,2900000,2900029,837739,11.34
1788915444,21,2900000,3100000,800000,11.22
1788915474,6,3100000,3600793,800000,8.55
1788915504,20,2900000,3100000,800000,10.78
1788915535,4,1328899,2205964,800000,10.78
1788915565,19,2900000,2900029,800000,8.33
1788915595,2,2034808,2034808,800000,6.90
1788915625,2,1200000,1200000,800000,6.93
1788915655,16,2900000,3325984,800000,7.17
1788915685,23,2900000,3100000,800000,8.15
1788915715,7,2144366,2342909,800000,7.51
1788915745,14,3100000,3364010,800000,9.08
1788915775,4,1639102,3099968,800000,11.02
1788915806,22,2900000,3100000,800000,8.96
1788915836,15,2900000,3100000,800000,9.54
1788915866,23,2900029,3100000,800000,11.08
1788915896,15,2900000,3013302,800000,10.13
1788915926,22,2900029,3100000,800000,13.09
1788915956,9,2396518,3008670,800000,13.26
1788915986,10,2915481,3330071,800000,9.46
1788916016,12,2900030,3100031,800000,8.64
1788916046,24,2900000,3100000,973749,9.00
1788916077,10,2996507,3291226,800000,8.04
1788916107,15,3099968,3400000,800000,7.12
1788916137,20,2899970,3099968,800040,13.32
1788916167,18,3009093,3100031,800000,13.14
1788916197,10,3217437,3400000,800000,10.06
1788916227,14,3338893,3400034,800000,8.88
1788916257,29,2900000,3016274,1720214,8.60
1788916287,14,2900000,3099968,800000,10.20
1788916317,11,2993864,3100036,800000,9.42
1788916347,13,3100000,3400034,800000,8.00
1788916377,7,2824399,3400034,800000,7.95
1788916408,16,2888023,3100000,800000,8.45
1788916438,8,3206868,3283921,800000,8.56
1788916468,11,3086864,3289535,800000,7.84
1788916498,14,3100000,3399965,800000,7.45
1788916528,19,3099967,3208294,800008,7.67
1788916558,16,3100000,3400034,800000,8.18
1788916588,12,3100000,3239294,800000,6.85
1788916618,15,3100000,3100031,800000,6.42
1788916648,21,3096358,3126589,800000,7.25
1788916678,25,2900000,3100000,1116190,7.62
1788916709,10,3007235,3400034,800000,7.19
1788916739,13,3100000,3442513,800000,6.37
1788916769,14,2500025,2877152,800000,6.73
1788916799,12,2571659,2948801,800000,7.74
1788916829,12,2597065,3145732,800000,7.79
1788916859,13,3253983,3399965,800000,6.93
1788916889,10,2838144,3294820,800000,7.25
1788916919,16,2954233,3100060,800000,8.27
1788916949,16,2588311,3099968,800000,9.71
1788916979,10,3089774,3294220,800000,8.19
1788917010,11,3099968,3395740,800000,7.70
1788917040,22,3001319,3100031,800008,8.30
1788917070,8,2529377,3297084,800000,8.99
1788917100,8,2999969,3296319,800000,7.20
1788917130,24,2899970,3100035,995268,7.00
1788917160,10,2900000,3100000,800000,8.09
1788917190,11,3000000,3100000,800000,7.06
1788917220,11,3100000,3400000,800000,6.98
1788917250,16,2900000,3100000,800000,8.35
1788917280,9,2950414,3298338,800000,9.98
1788917311,14,3100000,3299966,800000,8.17
1788917341,12,3181597,3429334,800000,8.04
1788917371,21,2783768,3097033,800000,8.10
1788917401,9,3000000,3400000,800000,10.08
1788917431,10,3000000,3235198,800000,8.69
1788917461,15,3100000,3400000,800000,7.40
1788917491,13,3076943,3149929,800000,7.53
1788917521,16,2899920,3100031,800000,7.97
1788917551,12,3001414,3389235,800000,6.91
1788917582,10,3100000,3400000,800000,7.20
1788917612,22,2900000,3099968,800585,8.20
1788917642,26,2908575,3100031,1102794,11.51
1788917672,10,3100000,3400034,800000,11.30
1788917702,12,3036531,3400000,800000,11.51
1788917732,5,3097511,3100000,800000,12.41
1788917762,17,2999356,3100000,800000,15.06
1788917792,13,2500000,3296367,800000,14.65
1788917822,13,2971572,3800000,800000,13.75
1788917852,15,3256125,3400000,800000,13.03
1788917883,15,2900029,3080615,800000,13.77
1788917913,15,3100000,3399965,800000,14.88
1788917943,11,2874737,3255267,800000,14.90
1788917973,9,3100000,3399965,800000,16.08
1788918003,19,2900000,3100000,800000,15.41
1788918033,12,2894200,3399965,800000,16.29
1788918063,11,3002204,3275363,800000,15.33
1788918093,14,3100000,3399965,800000,14.17
1788918123,15,2965835,3360969,800000,13.83
1788918153,19,2900029,3160078,800000,13.48
1788918184,11,2993296,3022410,800000,13.93
1788918214,19,2638690,3053301,800000,13.92
1788918244,22,2774232,3091887,800008,13.12
1788918274,16,2990637,3236397,800000,11.80
1788918304,10,3100000,3399965,800000,10.65
1788918334,15,2974381,3113839,800000,11.60
1788918364,20,2900000,3100000,800000,14.34
1788918394,13,3140998,3400034,800000,13.92
1788918424,10,3099968,3386916,800000,14.11
1788918454,16,2887640,3099968,800000,13.73
1788918485,27,2900000,3100000,1382105,13.88
1788918515,15,2990285,3294387,800000,12.31
1788918545,9,3071684,3304011,800000,9.86
1788918575,20,3100000,3800000,800026,8.71
1788918605,20,2903611,3400034,800000,9.69
1788918635,11,2958668,3270856,800000,9.71
1788918665,8,3000000,3578239,800000,8.25
1788918695,15,3100000,3400000,800000,7.51
1788918725,16,2927692,3196451,800000,8.73
1788918755,19,3087807,3400034,800000,9.26
1788918786,14,3099968,3611523,800000,8.26
1788918816,13,3100000,3124764,800000,6.60
1788918846,19,3057207,3112970,800000,7.19
1788918876,12,2636719,3100000,800000,7.05
1788918906,12,3100000,3298814,800000,7.23
1788918936,12,3100000,3400034,800000,6.96
1788918966,12,2399929,3100000,800000,7.96
1788918996,22,2895894,3100000,800000,10.94
1788919026,10,3230132,3400000,800000,10.45
1788919056,8,2999969,3267454,800000,8.87
1788919087,13,2900000,3388194,800000,7.81
1788919117,19,2900000,3592184,800000,9.27
1788919147,11,2398442,3300033,800000,9.25
1788919177,9,2959177,3299966,800000,7.57
1788919207,13,2900000,3100000,800000,7.05
1788919237,16,2199977,3396183,800000,7.29
1788919267,11,2255569,2629629,800000,8.35
1788919297,15,2930463,3299966,800000,6.60
1788919327,19,2900000,3100035,800008,6.91
1788919357,11,2795172,3385684,800000,6.31
1788919388,14,3028537,3400034,800000,6.06
1788919418,14,2900029,3399965,800000,6.20
1788919448,20,2900000,3100000,800000,6.82
1788919478,13,2989641,3296377,800000,7.25
1788919508,14,2746549,3291577,800000,6.76
1788919538,11,3082767,3100000,800000,6.91
1788919568,23,2900000,3085994,900000,7.92
1788919598,14,2900000,3100000,800000,11.64
1788919628,18,2797057,3400000,800000,10.76
1788919658,20,3100000,3400000,800000,9.16
1788919689,13,3042728,3100000,800000,8.79
1788919719,16,3112252,3400034,800000,8.97
1788919749,19,2986926,3399965,800000,7.68
1788919779,9,3100000,3235249,800000,7.24
1788919809,16,3095003,3225328,800000,7.26
1788919839,20,2900025,3197999,800000,8.85
1788919869,14,2906804,3393423,800000,9.17
1788919899,16,3068108,3691803,800000,7.76
1788919929,17,3100000,3100031,800000,7.43
1788919959,19,2957331,3136199,800000,7.17
1788919990,7,3246559,3333097,800000,9.33
1788920020,18,2976266,3100031,800000,7.99
1788920050,13,3100031,3399965,800000,7.24
1788920080,27,2682751,2900029,1518913,7.59
1788920110,18,2900000,3110801,800000,7.68
1788920140,11,3069276,3283797,800000,7.21
1788920170,17,3100000,3400000,800000,7.24
1788920200,22,2900000,3075200,887029,7.47
1788920230,18,3043986,3338177,800000,8.67
1788920260,14,3000000,3282745,800000,8.33
1788920290,18,3384259,3400000,800000,7.48
1788920321,25,2900000,3100031,1091161,6.89
1788920351,17,2940094,3100000,800000,8.49
1788920381,8,2903462,3399965,800000,7.68
1788920411,23,2900000,2912049,800008,6.84
1788920441,9,3274495,3518766,800000,8.40
1788920471,10,3068908,3289923,800000,8.64
1788920501,17,3099968,3800038,800000,7.93
1788920531,14,2839820,3100000,800000,8.39
1788920561,16,3100000,3259972,800000,10.14
1788920591,9,2889614,3294027,800000,8.80
1788920622,6,1900000,2678423,800000,6.97
1788920652,28,2900000,3099968,2100000,7.21
1788920682,14,2447816,3399965,800000,8.02
1788920712,14,2914068,3311181,800000,9.22
1788920742,11,2962691,3099968,800000,8.00
1788920772,13,2900000,3399965,800000,7.52
1788920802,16,2900000,3100000,800000,8.80
1788920832,11,2996826,3229288,800000,9.20
1788920862,15,3000030,3295944,800000,7.93
1788920893,15,3101741,3400000,800000,8.23
1788920923,9,3100000,3400000,800000,8.49
1788920953,15,2834031,3100000,800000,9.76
1788920983,13,3100000,3281445,800000,8.73
1788921013,12,3083626,3100031,800000,7.97
1788921043,9,3027192,3399965,800000,8.39
1788921073,12,3100000,3253776,800000,11.62
1788921103,11,3000000,3291785,800000,9.78
1788921133,14,3099968,3400000,800000,7.79
1788921163,19,2900000,3095034,800000,6.90
1788921193,23,2899970,3100031,800016,8.25
1788921224,11,3100031,3299550,800000,8.66
1788921254,14,3210958,3344384,800000,7.77
1788921284,11,2954300,3099968,800000,7.37
1788921314,17,2774438,3100023,800000,7.74
1788921344,13,3068945,3300000,800000,9.17
1788921374,15,3000000,3271580,800000,8.26
1788921404,14,3100000,3400000,800000,8.02
1788921434,24,2900069,3400000,835815,8.48
1788921464,11,1796247,2367396,800000,9.34
1788921495,7,3100000,3400000,800000,7.04
1788921525,15,3100000,3400000,800000,6.59
1788921555,12,2252962,3269117,800000,4.56
1788921585,11,2060784,3099968,800000,3.96
1788921615,10,2109302,3400034,800000,3.48
1788921645,14,2582329,3073053,800000,2.77
1788921675,11,1348280,2177922,800000,2.07
1788921705,11,1814868,2170353,800000,1.68
1788921735,21,2801378,3099078,800000,1.57
1788921766,10,2409230,2912904,800000,2.01
1788921796,8,2787983,3043744,800000,1.95
1788921826,10,1587272,3400000,800000,2.49
1788921856,12,2900231,3399965,800000,3.39
1788921886,10,2499662,3400034,800000,3.36
1788921916,8,2041692,3100000,800000,2.57
1788921946,11,1908891,2613443,800000,2.61
1788921976,10,3100000,3508870,800000,2.31
1788922006,5,2660791,2918803,800000,1.91
1788922037,12,2217786,2500000,800000,1.70
1788922067,15,2603178,3281428,800000,1.44
1788922097,9,2900000,3400000,800000,1.88
1788922127,14,3100000,3800000,800000,2.77
1788922157,9,2500000,3400000,800000,3.56
1788922187,9,1250495,3592280,800000,2.72
1788922217,6,3100000,3399965,800000,3.06
1788922247,9,1500000,3099968,800000,3.08
1788922278,15,1548266,3070129,800000,2.32
1788922308,13,2769729,3235942,800000,1.99
1788922338,15,1857823,3100000,800000,2.15
1788922368,11,2200000,2634154,800000,1.69
1788922398,14,2870277,3334922,800000,1.68
1788922428,9,2599715,3296325,800000,2.40
1788922458,14,2900000,3100000,800000,3.47
1788922488,12,2393351,3100000,800000,3.40
1788922518,12,2900000,3391500,800000,3.13
1788922549,3,1317907,1317907,800000,2.84
1788922579,11,2828994,3260385,800000,1.98
1788922609,13,1431408,2400000,800000,1.60
1788922639,11,1643733,2185789,800000,1.51
1788922669,13,2943010,3372174,800000,1.39
1788922699,12,2100000,3275415,800000,2.52
1788922729,13,2882046,2900000,800000,3.81
1788922759,11,2094459,2943551,800000,3.23
1788922789,10,2400000,3100000,800000,3.63
1788922820,6,1801061,3411525,800000,2.87
1788922850,15,2860377,3100000,800000,2.28
1788922880,15,1904231,3100000,800000,1.74
1788922910,12,1388770,2079229,800000,1.55
1788922940,16,2888016,3400000,800000,1.41
1788922970,11,3095865,3100031,800000,2.23
1788923000,8,3100000,3364305,800000,3.47
1788923030,6,2400000,2910789,800000,3.33
1788923060,5,1900000,3100000,800000,2.41
1788923091,11,2946428,3365359,800000,3.04
1788923121,3,1533333,1533333,800000,2.29
1788923151,7,1666050,3099968,800000,2.26
1788923181,15,2500000,2865457,800000,2.01
1788923211,16,1958535,2800000,800000,1.63
1788923241,14,2780153,3198155,800000,1.48
1788923271,8,1295705,3100000,800000,2.50
1788923301,5,2868226,3097266,800000,4.02
1788923332,15,2103344,2921286,800000,3.20
1788923362,19,3074987,3107192,800000,4.02
1788923392,18,2826867,3095622,800000,4.24
1788923422,24,2876958,3312555,800000,3.42
1788923452,21,2504081,3061128,819717,11.52
1788923482,20,1695101,2900490,800000,8.86
1788923512,16,2888039,3100031,800000,13.58
1788923542,34,2799182,2900029,2534797,10.88
1788923572,24,2858910,2900000,800000,16.51
1788923602,11,1800000,2100000,800000,10.99
1788923632,10,2206214,3090981,800000,8.54
1788923662,14,2840703,3345447,800000,7.10
1788923693,15,2858382,3023035,800000,7.69
1788923723,17,1660141,2920524,800000,8.15
1788923753,21,2210966,3036928,800000,13.07
1788923783,8,2076167,2829558,800000,9.30
1788923813,13,3019652,3100000,800000,8.23
1788923843,18,2992150,3100000,800000,8.23
1788923873,13,1960529,2880320,800000,6.09
1788923903,12,2071405,3099968,800000,6.00
1788923933,33,2898082,2918525,2600450,4.55
1788923963,21,2837472,3069288,800076,4.56
1788923993,17,1895986,2986260,800000,4.74
1788924024,34,2899966,2900029,2873832,4.07
1788924054,9,2238125,3100031,800000,3.96
1788924084,13,2900000,3100000,800000,4.91
1788924114,13,2774168,3095569,800000,4.11
1788924144,23,2739198,2900000,800070,4.35
1788924174,13,2847851,3099968,800000,7.46
1788924204,26,2623110,2900000,1170891,5.72
1788924234,33,2722294,2900000,1991420,5.64
1788924264,21,2897678,2900000,800065,8.43
1788924294,10,3018259,3343915,800000,6.93
1788924324,22,3075261,3230491,800000,10.76
1788924355,16,1393759,3063791,800000,7.64
1788924385,15,1935294,3100000,800000,5.60
1788924415,10,2900000,3324978,800000,5.27
1788924445,26,2869545,2900029,1626379,6.16
1788924475,18,2831988,3099968,800000,5.88
1788924505,7,2283355,2981029,800000,4.67
1788924535,5,1800000,3100000,800000,4.22
1788924565,9,1900000,2890169,800000,3.94
1788924595,18,2650149,2897627,800000,3.19
1788924625,33,2889962,2900000,2593279,3.46
1788924656,15,2680306,3100000,800000,5.72
1788924686,9,2900029,3100000,800000,5.55
1788924716,19,2585569,3100000,800000,11.08
1788924746,6,1837530,2700000,800000,8.42
1788924776,30,2900000,2900033,2444941,9.47
1788924806,26,2896117,3149936,2342304,7.44
1788924836,10,2557374,3187924,800000,11.16
1788924866,12,2192391,2891737,800000,15.27
1788924896,28,2723005,3063752,1740106,10.90
1788924926,13,2608426,2900029,800000,7.58
1788924956,35,2900000,3100000,2899963,7.02
1788924986,11,2057933,3095012,800000,7.01
1788925017,19,1798709,2900000,800000,10.44
1788925047,14,2991201,3090342,800000,9.05
1788925077,14,2335509,2900029,800000,10.60
1788925107,32,2894017,2900000,2506727,8.11
1788925137,9,2870812,3092263,800000,6.24
1788925167,25,2180120,3021435,1000039,6.04
1788925197,31,2780776,2900000,1830155,5.34
1788925227,13,2900000,3056536,800000,6.56
1788925257,27,2900000,3099968,2400000,6.33
1788925287,13,3120678,3398851,800000,6.91
1788925317,39,2899212,2900031,2830219,6.42
1788925348,11,2773703,3099968,800000,12.68
1788925378,36,2900000,2909863,2892259,10.30
1788925408,7,2034977,2464585,800000,7.94
1788925438,20,2774127,2900000,800000,6.09
1788925468,35,2891188,2900000,2691909,5.22
1788925498,11,1635663,2485832,800000,4.66
1788925528,27,2705730,3043061,1289417,7.33
1788925558,9,2200000,3284656,800000,8.44
1788925588,13,1894836,3100000,800000,8.56
1788925618,9,2857184,3065909,800000,6.71
1788925648,11,1995777,3100000,800000,6.23
1788925679,10,1895140,3100000,800000,7.44
1788925709,10,1978768,3100000,800000,9.25
1788925739,13,2094696,2714990,800000,8.97
1788925769,31,2466367,2900000,1589637,6.73
1788925799,16,2478539,3095797,800000,5.99
1788925829,12,1598046,3000757,800000,5.81
1788925859,15,2900000,3221675,800000,5.59
1788925889,17,2923075,3108355,800000,8.07
1788925919,14,2857164,3100000,800000,7.58
1788925949,10,2414070,3035988,800000,6.12
1788925980,14,2847361,3028455,800000,5.36
1788926010,16,2720058,3086919,800000,5.28
1788926040,22,2481616,2900029,865420,4.72
1788926070,15,2627094,3046749,800000,4.47
1788926100,15,2393717,3071533,800000,8.18
1788926130,19,2440963,2814523,800000,5.71
1788926160,10,1633122,2579751,800000,4.87
1788926190,15,2899970,3100031,800000,8.79
1788926220,21,2900000,3099968,800016,7.36
1788926250,9,2293044,3100000,800000,6.85
1788926280,25,2867789,2900000,1400000,10.28
1788926311,15,2495455,3100000,800000,7.83
1788926341,19,2899970,3046110,800000,6.82
1788926371,11,1620949,3077745,800000,10.58
1788926401,25,2899970,2970463,1034875,7.29
1788926431,20,2481741,3075640,800008,5.82
1788926461,39,2882897,2900029,2846757,4.82
1788926491,13,2326737,3063673,800000,4.33
1788926521,18,2900000,3100000,800000,6.31
1788926551,14,3100000,3228592,800000,8.30
1788926581,19,3091104,3100031,800000,9.79
1788926611,20,3062912,3100031,800000,11.24
1788926641,17,2899970,3062095,800000,11.84
1788926672,17,2390641,2899970,800000,11.35
1788926702,12,1900712,2900000,800000,11.21
1788926732,41,2897869,2942164,2820816,11.23
1788926762,16,2900000,3096927,800000,10.65
1788926792,19,2900000,3100000,800000,12.27
1788926822,23,2900000,3100000,800000,12.75
1788926852,24,2508111,2991858,902007,15.30
1788926882,17,2897583,2900000,800000,14.00
1788926912,19,2591447,3100000,800000,13.51
1788926942,13,2079192,2685079,800000,12.22
1788926972,16,2900000,3255859,800000,15.04
1788927003,15,2242765,3100000,800000,13.92
1788927033,34,2900000,2900302,2897187,11.35
1788927063,35,2899939,2900058,2700000,8.42
1788927093,7,2144975,2861217,800000,5.98
1788927123,12,2851759,3100000,800000,5.28
1788927153,40,2764708,2900000,2642661,5.37
1788927183,18,2416560,3036634,800000,5.32
1788927213,18,2816729,3126855,800000,6.17
1788927243,17,2700000,3400000,800000,5.37
1788927273,34,2899970,2900058,2881049,6.10
1788927303,20,2712945,2952074,800000,5.18
1788927333,13,2900000,3100000,800000,4.91
1788927364,6,3097290,3100000,800000,5.74
1788927394,13,2886961,3065045,800000,4.22
1788927424,18,2982435,3256972,800000,4.55
1788927454,14,2891147,3100000,800000,8.03
1788927484,16,2588161,3063726,800000,7.91
1788927514,10,3049558,3100000,800000,6.25
1788927544,16,2880023,3082207,800000,6.32
1788927574,17,2507216,2900000,800000,6.62
1788927604,21,2612806,2914439,800011,7.26
1788927634,18,2420257,3112731,800000,7.12
1788927664,35,2893295,3093260,2617876,6.05
1788927695,16,2686150,3092726,800000,5.19
1788927725,37,2884223,2900029,2620264,4.36
1788927755,35,2897314,3088808,2582762,3.63
1788927785,31,2898090,2906904,2497931,4.93
1788927815,16,2900000,3100031,800000,6.55
1788927845,29,2900000,3086128,2591098,5.53
1788927875,12,1994750,3100031,800000,5.24
1788927905,27,2767984,2948832,2072127,12.16
1788927935,13,2957331,3052997,800000,8.40
1788927965,17,2200000,2871314,800000,5.71
1788927995,16,1794059,2879425,800000,9.58
1788928026,9,3046369,3347050,800000,8.18
1788928056,22,2900000,3397694,800000,7.69
1788928086,28,2899971,3053767,2262130,7.85
1788928116,8,2914831,3393818,800000,6.57
1788928146,16,3073398,3100031,800000,5.56
1788928176,22,2687872,2880533,800037,4.52
1788928206,16,2849713,3100000,800000,3.56
1788928236,35,2899970,3042271,2752054,3.29
1788928266,37,2899901,2900029,2766914,6.62
1788928296,9,2515137,3064045,800000,6.65
1788928326,13,2968697,3100000,800000,9.07
1788928356,16,2495137,3398247,800000,8.17
1788928387,37,2894193,2907493,2865615,8.63
1788928417,16,2392972,2900000,800000,7.97
1788928447,13,2000000,3085853,800000,6.83
1788928477,22,2892459,3071119,800000,5.26
1788928507,32,2895766,2900000,2650337,5.54
1788928537,30,2425090,2892289,1300000,4.93
1788928567,22,2698477,2987610,800000,4.04
1788928597,12,2900000,3328764,800000,4.75
1788928627,15,2900000,3100031,800000,5.65
1788928657,11,2507565,3341408,800000,5.75
1788928687,10,2781635,3099968,800000,7.87
1788928717,37,2900000,2900029,2899911,8.15
1788928748,24,2851583,2964623,999986,7.69
1788928778,28,2801645,3100000,1597717,8.73
1788928808,19,2861329,3400000,808764,9.19
1788928838,19,2461682,2900000,800000,9.15
1788928868,17,2875539,3100000,800000,9.58
1788928898,20,2899970,2900000,800000,13.14
1788928928,29,2900000,2900029,2600000,15.52
1788928958,19,2900000,3099968,800000,17.03
1788928988,27,2899948,2900028,1752586,16.70
1788929018,42,2899971,2979057,2899970,17.01
1788929048,7,1639943,2395678,800000,14.86
1788929078,11,1882751,2912572,800000,11.50
1788929109,23,2856696,3057446,831307,10.37
1788929139,28,2746864,3003132,1875169,17.92
1788929169,16,2900000,3100000,800000,14.04
1788929199,24,2878374,2900029,800000,12.91
1788929229,6,1900000,3100000,800000,15.58
1788929259,15,2981745,3100031,800000,10.60
1788929289,11,2852801,2900588,800000,12.99
1788929319,37,2846817,2900029,2598225,9.35
1788929349,15,2826645,2965386,800000,6.85
1788929379,32,2685795,2900000,2313488,5.35
1788929409,34,2748936,2900000,2300000,8.21
1788929439,33,2877209,2915104,2647169,6.17
1788929470,37,2850533,2900029,2396031,7.20
1788929500,31,2899970,2900029,2446428,7.15
1788929530,15,3058783,3378221,800000,10.10
1788929560,18,3073388,3127761,800000,8.24
1788929590,6,3077108,3100000,800000,14.97
1788929620,12,3032351,3099968,800000,11.23
1788929650,9,2862414,3014034,800000,9.39
1788929680,21,2900000,3100000,800000,7.40
1788929710,1,3395897,3395897,800000,5.95
1788929740,8,1899218,2805231,800000,5.06
1788929771,5,1584294,2900029,800000,5.28
1788929801,4,1673913,2206098,800000,4.15
1788929831,25,2863325,2910069,1125189,3.47
1788929861,17,2624124,2881537,800000,6.18
1788929891,13,2459587,3068668,800000,4.73
1788929921,9,1896960,2900029,800000,4.62
1788929951,15,2723531,3099968,800000,5.60
1788929981,18,2492537,3100031,800000,5.98
1788930011,15,2873224,3088092,800000,5.79
1788930041,22,2900000,3099968,800117,10.73
1788930071,40,2899942,3078410,2868738,8.79
1788930102,29,2900000,2900040,2626293,7.01
1788930132,18,2816465,3073012,800000,5.14
1788930162,16,2605275,3053109,800000,4.97
1788930192,28,2457954,2949162,1200000,4.34
1788930222,14,3011489,3087533,800000,3.71
1788930252,14,2897584,3100000,800000,5.47
1788930282,18,2899970,2924832,800000,8.20
1788930312,10,1400000,3400000,800000,7.24
1788930342,6,2900000,3099968,800000,5.88
1788930372,6,2437320,3049532,800000,5.85
1788930403,9,2796315,2897976,800000,4.90
1788930433,6,1610448,2039560,800000,3.99
1788930463,25,2330987,2909764,1064000,5.96
1788930493,33,2873743,2900077,2477420,12.63
1788930523,9,2129209,3100000,800000,13.28
1788930553,14,2154679,3100031,800000,9.89
1788930583,26,2898033,2900029,1855187,8.60
1788930613,5,2900000,3100000,800000,6.86
1788930643,19,2900000,3100000,800000,7.81
1788930673,34,2899970,2900029,2573745,10.08
1788930703,11,2908733,3097894,800000,15.27
1788930734,20,2283462,2900000,800550,11.42
1788930764,21,2889625,3000408,800000,15.50
1788930794,19,2131216,3054734,800000,12.45
1788930824,17,2646411,3100000,800000,11.45
1788930854,37,2900000,2961950,2900000,10.94
1788930884,9,2074484,3064839,800000,11.06
1788930914,16,2500000,2900000,800000,8.38
1788930944,15,3052815,3093683,800000,13.38
1788930974,14,2679110,3100000,800000,10.66
1788931004,32,2714923,2900030,1277457,9.47
1788931034,14,2487662,2879288,800000,7.82
1788931065,21,2831789,2900000,800000,8.44
1788931095,19,2907021,3094159,800000,8.57
1788931125,15,2387175,3095393,800000,9.90
1788931155,31,2914033,3100000,2500000,10.65
1788931185,20,2987113,3399965,800000,12.07
1788931215,21,2900000,3100000,800000,11.14
1788931245,30,2883104,3087466,2513200,11.72
1788931275,25,2874613,3045721,1400130,11.32
1788931305,16,1558792,2800000,800000,9.25
1788931335,26,2704414,2899970,1395580,8.15
1788931365,17,2900070,3100000,800000,7.35
1788931395,24,2899970,2900029,893687,9.53
1788931426,12,2159509,2900000,800000,11.00
1788931456,11,2900000,3100000,800000,14.19
1788931486,22,2452794,3099968,800000,12.01
1788931516,14,2778162,2935059,800000,14.41
1788931546,20,2783163,2916218,800000,11.30
1788931576,17,2195809,2899970,800000,9.64
1788931606,37,2865740,2900029,2606018,8.67
1788931636,10,2000020,3100000,800000,9.80
1788931666,14,2900000,3100000,800000,11.03
1788931696,20,2847984,3100031,800000,11.71
1788931726,17,2906499,3100000,800000,10.89
1788931757,10,2205271,2900000,800000,10.68
1788931787,31,2900000,2900029,2632476,9.37
1788931817,17,2828033,2900000,800000,8.93
1788931847,48,2746741,2900000,2746741,8.77
1788931877,27,2793071,2899970,1400000,8.11
1788931907,17,2891842,2900000,800000,10.36
1788931937,18,2900029,3100031,800000,13.57
1788931967,34,2900029,3100000,2899970,13.87
1788931997,18,2693746,2964996,800000,13.65
1788932027,22,2885933,2900000,800000,13.45
1788932057,21,2891939,2959684,800000,18.74
1788932087,13,2900029,3100000,800000,15.70
1788932118,19,2887332,3037956,869953,13.36
1788932148,24,2536440,3000000,1000000,12.56
1788932178,19,2866753,3031209,800000,11.93
1788932208,39,2813796,2900029,2699211,12.45
1788932238,13,2483669,3100000,800000,13.09
1788932268,14,1681122,3099922,800000,12.86
1788932298,18,2368283,2900029,800000,12.95
1788932328,15,2726877,3100000,800000,12.17
1788932358,31,2899970,3094804,2660075,17.35
1788932388,11,3094613,3100000,800000,12.68
1788932418,28,2900000,2900029,2418939,11.01
1788932448,25,2898045,2900000,1568571,8.50
1788932479,36,2900000,3093577,2887219,11.28
1788932509,24,2856062,3068161,865480,9.14
1788932539,39,2899970,2916630,2829486,6.86
1788932569,16,2092363,2826110,800000,12.75
1788932599,19,2845683,3006414,800000,9.84
1788932629,23,2836066,3015520,800418,12.48
1788932659,17,2885140,3358392,800000,10.69
1788932689,7,1904428,2900000,800000,9.71
1788932719,9,2664882,3100000,800000,7.29
1788932749,17,2900000,3099968,800000,9.96
1788932779,20,2899941,3055102,800073,9.29
1788932809,11,2799408,3168264,800000,8.03
1788932840,10,2481385,3068188,800000,8.45
1788932870,6,1700000,3069292,800000,7.42
1788932900,10,2601877,3100000,800000,6.39
1788932930,13,1778393,2640000,800000,4.66
1788932960,10,1800000,3100000,800000,4.82
1788932990,22,2821789,2900000,801032,5.80
1788933020,30,2898063,2900063,2500000,5.57
1788933050,23,2765116,2900028,810390,5.48
1788933080,15,3067633,3100000,800000,16.51
1788933110,9,2281318,3100031,800000,12.58
1788933140,8,2183106,3086961,800000,10.50
1788933171,27,2893956,3026766,1900000,11.21
1788933201,20,2866984,3070131,800000,11.74
1788933231,34,2835224,3096399,2700000,13.83
1788933261,16,2475045,3040893,800000,11.76
1788933291,41,2900000,3050562,2899970,10.36
1788933321,40,2899970,2921122,2896324,13.06
1788933351,18,2900000,3070011,800000,11.95
1788933381,25,2857379,2900029,1480692,9.85
1788933411,25,2785601,2900029,1300000,12.97
1788933441,26,2592440,2964608,1199987,12.94
1788933471,11,2100000,3012448,800000,10.18
1788933501,31,2888239,2900029,1833333,9.02
1788933531,23,2874744,2900000,905271,9.60
1788933562,17,2867008,3100000,800000,8.51
1788933592,19,2878093,3084250,800000,9.02
1788933622,24,2899962,2900028,823049,9.33
1788933652,16,1822068,3021816,800000,7.52
1788933682,16,2669656,3059686,800000,7.52
1788933712,16,2245347,2889504,800000,7.41
1788933742,16,2103404,2950116,800000,7.17
1788933772,27,2872750,3100031,1120634,6.73
1788933802,15,1369960,3100000,800000,6.40
1788933832,6,3087649,3100000,800000,6.64
1788933863,35,2447951,2900000,1794025,7.15
1788933893,14,2422505,3100000,800000,8.29
1788933923,22,2900038,3100000,800000,14.87
1788933953,27,2843634,2900000,2083549,14.10
1788933983,41,2708527,2900029,2536967,14.85
1788934013,46,2748844,2900000,2636147,12.09
1788934043,29,2887288,3052143,2111004,10.52
1788934073,48,2493455,2900000,2493455,9.41
1788934103,18,3105544,3373957,800000,13.70
1788934133,20,2899970,2924942,800000,13.31
1788934163,21,2878795,3009342,800016,17.42
1788934193,9,2900000,2970012,800000,15.17
1788934223,40,2874453,2904264,2800246,13.62
1788934254,30,2898030,2900029,2618348,13.38
1788934284,25,2766658,2892248,1590073,14.25
1788934314,25,2857650,3057330,1288019,13.61
1788934344,17,2197497,2900000,800025,11.83
1788934374,41,2851674,2900000,2779178,9.30
1788934404,37,2894702,2900029,2650000,9.64
1788934434,21,2900000,3100000,800000,17.49
1788934464,12,1621141,2900000,800000,17.12
1788934494,11,1467788,2900000,800000,15.07
1788934524,16,2888194,3100000,800000,23.12
1788934554,13,2425263,2954945,800000,25.56
1788934584,18,2660896,3038024,800000,18.25
1788934615,16,2402387,2862339,800000,12.96
1788934645,17,2229189,2500000,800000,9.81
1788934675,16,2899941,3100000,800000,8.16
1788934705,20,2785646,3120914,800000,8.00
1788934735,37,2899970,2900028,2823591,8.24
1788934765,6,1493429,2400000,800000,6.92
1788934795,14,2468957,3387998,800000,10.40
1788934825,19,2902656,3069589,800000,8.30
1788934855,30,2702186,3079116,2178319,6.58
1788934885,20,2321297,2894533,800000,5.38
1788934915,20,2981673,3093418,800000,5.16
1788934946,9,2899970,3099968,800000,5.87
1788934976,20,2864485,3081530,800010,15.05
1788935006,13,2669311,3183298,800000,11.09
1788935036,7,2000000,2900000,800000,8.18
1788935066,25,2897784,3097862,1300000,7.45
1788935096,15,2292559,2909663,800000,5.88
1788935126,22,2522023,2900000,800000,4.62
1788935156,20,2754759,2900000,800000,4.17
1788935186,19,2192241,2899970,800000,4.07
1788935216,22,2333912,3035635,800000,7.40
1788935246,37,2900000,2940474,2828786,9.81
1788935277,41,2899971,2900029,2899970,9.27
1788935307,21,2646701,2899854,800000,7.13
1788935337,17,2880746,3021699,800000,9.82
1788935367,3,1804775,1804775,800000,8.09
1788935397,37,2894761,2900243,2824391,5.87
1788935427,16,2777602,3095620,800000,5.04
1788935457,30,2503511,2900000,1804972,5.47
1788935487,17,2777448,3041540,800000,4.17
1788935517,33,2888567,2900000,2414030,5.47
1788935547,15,1758989,3100000,800000,6.16
1788935577,22,2692533,2900000,800017,7.05
