==================
WARNING: ThreadSanitizer: data race (pid=186738)
  Write of size 4 at 0x555556a3c968 by main thread:
    #0 clock_handler /home/alexey/tsan-experiments/nosql/memcached/memcached-tsan-dom_peeling-ea-lo-st-swmr-nomerge/memcached.c (memcached+0xf5e1e)
    #1 <null> <null> (libevent-2.1.so.7+0x20a57) (BuildId: 79ee78eebaf1fabcfa2c5160e0b25a68bf3edce9)
    #2 __libc_start_call_main csu/../sysdeps/nptl/libc_start_call_main.h:58:16 (libc.so.6+0x2a1c9) (BuildId: 282c2c16e7b6600b0b22ea0c99010d2795752b5f)

  Previous read of size 4 at 0x555556a3c968 by thread T28 (mutexes: write M0):
    #0 lru_maintainer_thread /home/alexey/tsan-experiments/nosql/memcached/memcached-tsan-dom_peeling-ea-lo-st-swmr-nomerge/items.c:1671:59 (memcached+0x103f22)

  Location is global 'current_time' of size 4 at 0x555556a3c968 (memcached+0x14e8968)

  Mutex M0 (0x555556a49cf0) created at:
    #0 pthread_mutex_lock /extra/alexey/worktrees/perf-msize/compiler-rt/lib/tsan/rtl/tsan_interceptors_posix.cpp:1342:3 (memcached+0x65dfe)
    #1 start_lru_maintainer_thread /home/alexey/tsan-experiments/nosql/memcached/memcached-tsan-dom_peeling-ea-lo-st-swmr-nomerge/items.c:1725:5 (memcached+0x1034ac)
    #2 main /home/alexey/tsan-experiments/nosql/memcached/memcached-tsan-dom_peeling-ea-lo-st-swmr-nomerge/memcached.c:6170:33 (memcached+0xf3008)

  Thread T28 'mc-lrumaint' (tid=186770, running) created by main thread at:
    #0 pthread_create /extra/alexey/worktrees/perf-msize/compiler-rt/lib/tsan/rtl/tsan_interceptors_posix.cpp:1023:3 (memcached+0x6419f)
    #1 start_lru_maintainer_thread /home/alexey/tsan-experiments/nosql/memcached/memcached-tsan-dom_peeling-ea-lo-st-swmr-nomerge/items.c:1728:16 (memcached+0x1034f6)
    #2 main /home/alexey/tsan-experiments/nosql/memcached/memcached-tsan-dom_peeling-ea-lo-st-swmr-nomerge/memcached.c:6170:33 (memcached+0xf3008)

SUMMARY: ThreadSanitizer: data race /home/alexey/tsan-experiments/nosql/memcached/memcached-tsan-dom_peeling-ea-lo-st-swmr-nomerge/memcached.c in clock_handler
==================
==================
WARNING: ThreadSanitizer: data race (pid=186738)
  Write of size 2 at 0x7fffec7fff9e by thread T9 (mutexes: write M0):
    #0 do_item_unlink /home/alexey/tsan-experiments/nosql/memcached/memcached-tsan-dom_peeling-ea-lo-st-swmr-nomerge/items.c:516:22 (memcached+0xfff8a)
    #1 do_item_replace /home/alexey/tsan-experiments/nosql/memcached/memcached-tsan-dom_peeling-ea-lo-st-swmr-nomerge/items.c:589:5 (memcached+0x100a35)
    #2 item_replace /home/alexey/tsan-experiments/nosql/memcached/memcached-tsan-dom_peeling-ea-lo-st-swmr-nomerge/thread.c:934:12 (memcached+0x1070fb)
    #3 do_store_item /home/alexey/tsan-experiments/nosql/memcached/memcached-tsan-dom_peeling-ea-lo-st-swmr-nomerge/memcached.c:1715:13 (memcached+0xed4b6)
    #4 store_item /home/alexey/tsan-experiments/nosql/memcached/memcached-tsan-dom_peeling-ea-lo-st-swmr-nomerge/thread.c:974:11 (memcached+0x107422)
    #5 complete_nread_ascii /home/alexey/tsan-experiments/nosql/memcached/memcached-tsan-dom_peeling-ea-lo-st-swmr-nomerge/proto_text.c:184:13 (memcached+0x1137ab)
    #6 complete_nread /home/alexey/tsan-experiments/nosql/memcached/memcached-tsan-dom_peeling-ea-lo-st-swmr-nomerge/memcached.c:1485:9 (memcached+0xe7ef3)
    #7 drive_machine /home/alexey/tsan-experiments/nosql/memcached/memcached-tsan-dom_peeling-ea-lo-st-swmr-nomerge/memcached.c:3239:17 (memcached+0xe7ef3)
    #8 event_handler /home/alexey/tsan-experiments/nosql/memcached/memcached-tsan-dom_peeling-ea-lo-st-swmr-nomerge/memcached.c:3476:5 (memcached+0xeb04f)
    #9 <null> <null> (libevent-2.1.so.7+0x20b3b) (BuildId: 79ee78eebaf1fabcfa2c5160e0b25a68bf3edce9)

  Previous read of size 2 at 0x7fffec7fff9e by thread T7:
    #0 item_remove /home/alexey/tsan-experiments/nosql/memcached/memcached-tsan-dom_peeling-ea-lo-st-swmr-nomerge/thread.c:921:15 (memcached+0x107002)
    #1 complete_nread_ascii /home/alexey/tsan-experiments/nosql/memcached/memcached-tsan-dom_peeling-ea-lo-st-swmr-nomerge/proto_text.c:241:5 (memcached+0x113994)
    #2 complete_nread /home/alexey/tsan-experiments/nosql/memcached/memcached-tsan-dom_peeling-ea-lo-st-swmr-nomerge/memcached.c:1485:9 (memcached+0xe7ef3)
    #3 drive_machine /home/alexey/tsan-experiments/nosql/memcached/memcached-tsan-dom_peeling-ea-lo-st-swmr-nomerge/memcached.c:3239:17 (memcached+0xe7ef3)
    #4 event_handler /home/alexey/tsan-experiments/nosql/memcached/memcached-tsan-dom_peeling-ea-lo-st-swmr-nomerge/memcached.c:3476:5 (memcached+0xeb04f)
    #5 <null> <null> (libevent-2.1.so.7+0x20b3b) (BuildId: 79ee78eebaf1fabcfa2c5160e0b25a68bf3edce9)

  Location is heap block of size 1048576 at 0x7fffec700000 allocated by thread T7:
    #0 malloc /extra/alexey/worktrees/perf-msize/compiler-rt/lib/tsan/rtl/tsan_interceptors_posix.cpp:666:5 (memcached+0x6265f)
    #1 memory_allocate /home/alexey/tsan-experiments/nosql/memcached/memcached-tsan-dom_peeling-ea-lo-st-swmr-nomerge/slabs.c:615:15 (memcached+0xfd985)
    #2 do_slabs_newslab /home/alexey/tsan-experiments/nosql/memcached/memcached-tsan-dom_peeling-ea-lo-st-swmr-nomerge/slabs.c:386:17 (memcached+0xfd985)
    #3 do_slabs_alloc /home/alexey/tsan-experiments/nosql/memcached/memcached-tsan-dom_peeling-ea-lo-st-swmr-nomerge/slabs.c:423:9 (memcached+0xfab52)
    #4 slabs_alloc /home/alexey/tsan-experiments/nosql/memcached/memcached-tsan-dom_peeling-ea-lo-st-swmr-nomerge/slabs.c:661:11 (memcached+0xfab52)
    #5 do_item_alloc_pull /home/alexey/tsan-experiments/nosql/memcached/memcached-tsan-dom_peeling-ea-lo-st-swmr-nomerge/items.c:181:14 (memcached+0xfdfa0)
    #6 do_item_alloc /home/alexey/tsan-experiments/nosql/memcached/memcached-tsan-dom_peeling-ea-lo-st-swmr-nomerge/items.c:298:14 (memcached+0xff5a4)
    #7 item_alloc /home/alexey/tsan-experiments/nosql/memcached/memcached-tsan-dom_peeling-ea-lo-st-swmr-nomerge/thread.c:876:10 (memcached+0x106cf2)
    #8 process_update_command /home/alexey/tsan-experiments/nosql/memcached/memcached-tsan-dom_peeling-ea-lo-st-swmr-nomerge/proto_text.c:2044:10 (memcached+0x1191c1)
    #9 process_command_ascii /home/alexey/tsan-experiments/nosql/memcached/memcached-tsan-dom_peeling-ea-lo-st-swmr-nomerge/proto_text.c (memcached+0x114b67)
    #10 try_read_command_ascii /home/alexey/tsan-experiments/nosql/memcached/memcached-tsan-dom_peeling-ea-lo-st-swmr-nomerge/proto_text.c:494:5 (memcached+0x114398)
    #11 try_read_command_negotiate /home/alexey/tsan-experiments/nosql/memcached/memcached-tsan-dom_peeling-ea-lo-st-swmr-nomerge/memcached.c:2427:12 (memcached+0xeaf97)
    #12 drive_machine /home/alexey/tsan-experiments/nosql/memcached/memcached-tsan-dom_peeling-ea-lo-st-swmr-nomerge/memcached.c:3193:17 (memcached+0xe7704)
    #13 event_handler /home/alexey/tsan-experiments/nosql/memcached/memcached-tsan-dom_peeling-ea-lo-st-swmr-nomerge/memcached.c:3476:5 (memcached+0xeb04f)
    #14 <null> <null> (libevent-2.1.so.7+0x20b3b) (BuildId: 79ee78eebaf1fabcfa2c5160e0b25a68bf3edce9)

  Mutex M0 (0x7ffff5331f48) created at:
    #0 pthread_mutex_init /extra/alexey/worktrees/perf-msize/compiler-rt/lib/tsan/rtl/tsan_interceptors_posix.cpp:1316:3 (memcached+0x65ad3)
    #1 memcached_thread_init /home/alexey/tsan-experiments/nosql/memcached/memcached-tsan-dom_peeling-ea-lo-st-swmr-nomerge/thread.c:1132:9 (memcached+0x108158)
    #2 main /home/alexey/tsan-experiments/nosql/memcached/memcached-tsan-dom_peeling-ea-lo-st-swmr-nomerge/memcached.c:6138:5 (memcached+0xf2fa3)

  Thread T9 'mc-worker' (tid=186751, running) created by main thread at:
    #0 pthread_create /extra/alexey/worktrees/perf-msize/compiler-rt/lib/tsan/rtl/tsan_interceptors_posix.cpp:1023:3 (memcached+0x6419f)
    #1 create_worker /home/alexey/tsan-experiments/nosql/memcached/memcached-tsan-dom_peeling-ea-lo-st-swmr-nomerge/thread.c:385:16 (memcached+0x10860a)
    #2 memcached_thread_init /home/alexey/tsan-experiments/nosql/memcached/memcached-tsan-dom_peeling-ea-lo-st-swmr-nomerge/thread.c:1155:9 (memcached+0x10860a)
    #3 main /home/alexey/tsan-experiments/nosql/memcached/memcached-tsan-dom_peeling-ea-lo-st-swmr-nomerge/memcached.c:6138:5 (memcached+0xf2fa3)

  Thread T7 'mc-worker' (tid=186749, running) created by main thread at:
    #0 pthread_create /extra/alexey/worktrees/perf-msize/compiler-rt/lib/tsan/rtl/tsan_interceptors_posix.cpp:1023:3 (memcached+0x6419f)
    #1 create_worker /home/alexey/tsan-experiments/nosql/memcached/memcached-tsan-dom_peeling-ea-lo-st-swmr-nomerge/thread.c:385:16 (memcached+0x10860a)
    #2 memcached_thread_init /home/alexey/tsan-experiments/nosql/memcached/memcached-tsan-dom_peeling-ea-lo-st-swmr-nomerge/thread.c:1155:9 (memcached+0x10860a)
    #3 main /home/alexey/tsan-experiments/nosql/memcached/memcached-tsan-dom_peeling-ea-lo-st-swmr-nomerge/memcached.c:6138:5 (memcached+0xf2fa3)

SUMMARY: ThreadSanitizer: data race /home/alexey/tsan-experiments/nosql/memcached/memcached-tsan-dom_peeling-ea-lo-st-swmr-nomerge/items.c:516:22 in do_item_unlink
==================
==================
WARNING: ThreadSanitizer: data race (pid=186738)
  Read of size 2 at 0x7fffec7ff116 by thread T28 (mutexes: write M0, write M1):
    #0 lru_pull_tail /home/alexey/tsan-experiments/nosql/memcached/memcached-tsan-dom_peeling-ea-lo-st-swmr-nomerge/items.c:1137:28 (memcached+0xfe2df)
    #1 lru_maintainer_juggle /home/alexey/tsan-experiments/nosql/memcached/memcached-tsan-dom_peeling-ea-lo-st-swmr-nomerge/items.c:1448:13 (memcached+0x103b97)
    #2 lru_maintainer_thread /home/alexey/tsan-experiments/nosql/memcached/memcached-tsan-dom_peeling-ea-lo-st-swmr-nomerge/items.c:1645:29 (memcached+0x103b97)

  Previous write of size 2 at 0x7fffec7ff116 by thread T21 (mutexes: write M2):
    #0 do_item_unlink /home/alexey/tsan-experiments/nosql/memcached/memcached-tsan-dom_peeling-ea-lo-st-swmr-nomerge/items.c:516:22 (memcached+0xfff8a)
    #1 do_item_replace /home/alexey/tsan-experiments/nosql/memcached/memcached-tsan-dom_peeling-ea-lo-st-swmr-nomerge/items.c:589:5 (memcached+0x100a35)
    #2 item_replace /home/alexey/tsan-experiments/nosql/memcached/memcached-tsan-dom_peeling-ea-lo-st-swmr-nomerge/thread.c:934:12 (memcached+0x1070fb)
    #3 do_store_item /home/alexey/tsan-experiments/nosql/memcached/memcached-tsan-dom_peeling-ea-lo-st-swmr-nomerge/memcached.c:1715:13 (memcached+0xed4b6)
    #4 store_item /home/alexey/tsan-experiments/nosql/memcached/memcached-tsan-dom_peeling-ea-lo-st-swmr-nomerge/thread.c:974:11 (memcached+0x107422)
    #5 complete_nread_ascii /home/alexey/tsan-experiments/nosql/memcached/memcached-tsan-dom_peeling-ea-lo-st-swmr-nomerge/proto_text.c:184:13 (memcached+0x1137ab)
    #6 complete_nread /home/alexey/tsan-experiments/nosql/memcached/memcached-tsan-dom_peeling-ea-lo-st-swmr-nomerge/memcached.c:1485:9 (memcached+0xe7ef3)
    #7 drive_machine /home/alexey/tsan-experiments/nosql/memcached/memcached-tsan-dom_peeling-ea-lo-st-swmr-nomerge/memcached.c:3239:17 (memcached+0xe7ef3)
    #8 event_handler /home/alexey/tsan-experiments/nosql/memcached/memcached-tsan-dom_peeling-ea-lo-st-swmr-nomerge/memcached.c:3476:5 (memcached+0xeb04f)
    #9 <null> <null> (libevent-2.1.so.7+0x20b3b) (BuildId: 79ee78eebaf1fabcfa2c5160e0b25a68bf3edce9)

  Location is heap block of size 1048576 at 0x7fffec700000 allocated by thread T7:
    #0 malloc /extra/alexey/worktrees/perf-msize/compiler-rt/lib/tsan/rtl/tsan_interceptors_posix.cpp:666:5 (memcached+0x6265f)
    #1 memory_allocate /home/alexey/tsan-experiments/nosql/memcached/memcached-tsan-dom_peeling-ea-lo-st-swmr-nomerge/slabs.c:615:15 (memcached+0xfd985)
    #2 do_slabs_newslab /home/alexey/tsan-experiments/nosql/memcached/memcached-tsan-dom_peeling-ea-lo-st-swmr-nomerge/slabs.c:386:17 (memcached+0xfd985)
    #3 do_slabs_alloc /home/alexey/tsan-experiments/nosql/memcached/memcached-tsan-dom_peeling-ea-lo-st-swmr-nomerge/slabs.c:423:9 (memcached+0xfab52)
    #4 slabs_alloc /home/alexey/tsan-experiments/nosql/memcached/memcached-tsan-dom_peeling-ea-lo-st-swmr-nomerge/slabs.c:661:11 (memcached+0xfab52)
    #5 do_item_alloc_pull /home/alexey/tsan-experiments/nosql/memcached/memcached-tsan-dom_peeling-ea-lo-st-swmr-nomerge/items.c:181:14 (memcached+0xfdfa0)
    #6 do_item_alloc /home/alexey/tsan-experiments/nosql/memcached/memcached-tsan-dom_peeling-ea-lo-st-swmr-nomerge/items.c:298:14 (memcached+0xff5a4)
    #7 item_alloc /home/alexey/tsan-experiments/nosql/memcached/memcached-tsan-dom_peeling-ea-lo-st-swmr-nomerge/thread.c:876:10 (memcached+0x106cf2)
    #8 process_update_command /home/alexey/tsan-experiments/nosql/memcached/memcached-tsan-dom_peeling-ea-lo-st-swmr-nomerge/proto_text.c:2044:10 (memcached+0x1191c1)
    #9 process_command_ascii /home/alexey/tsan-experiments/nosql/memcached/memcached-tsan-dom_peeling-ea-lo-st-swmr-nomerge/proto_text.c (memcached+0x114b67)
    #10 try_read_command_ascii /home/alexey/tsan-experiments/nosql/memcached/memcached-tsan-dom_peeling-ea-lo-st-swmr-nomerge/proto_text.c:494:5 (memcached+0x114398)
    #11 try_read_command_negotiate /home/alexey/tsan-experiments/nosql/memcached/memcached-tsan-dom_peeling-ea-lo-st-swmr-nomerge/memcached.c:2427:12 (memcached+0xeaf97)
    #12 drive_machine /home/alexey/tsan-experiments/nosql/memcached/memcached-tsan-dom_peeling-ea-lo-st-swmr-nomerge/memcached.c:3193:17 (memcached+0xe7704)
    #13 event_handler /home/alexey/tsan-experiments/nosql/memcached/memcached-tsan-dom_peeling-ea-lo-st-swmr-nomerge/memcached.c:3476:5 (memcached+0xeb04f)
    #14 <null> <null> (libevent-2.1.so.7+0x20b3b) (BuildId: 79ee78eebaf1fabcfa2c5160e0b25a68bf3edce9)

  Mutex M0 (0x555556a49cf0) created at:
    #0 pthread_mutex_lock /extra/alexey/worktrees/perf-msize/compiler-rt/lib/tsan/rtl/tsan_interceptors_posix.cpp:1342:3 (memcached+0x65dfe)
    #1 start_lru_maintainer_thread /home/alexey/tsan-experiments/nosql/memcached/memcached-tsan-dom_peeling-ea-lo-st-swmr-nomerge/items.c:1725:5 (memcached+0x1034ac)
    #2 main /home/alexey/tsan-experiments/nosql/memcached/memcached-tsan-dom_peeling-ea-lo-st-swmr-nomerge/memcached.c:6170:33 (memcached+0xf3008)

  Mutex M1 (0x555556a4a6f0) created at:
    #0 pthread_mutex_init /extra/alexey/worktrees/perf-msize/compiler-rt/lib/tsan/rtl/tsan_interceptors_posix.cpp:1316:3 (memcached+0x65ad3)
    #1 memcached_thread_init /home/alexey/tsan-experiments/nosql/memcached/memcached-tsan-dom_peeling-ea-lo-st-swmr-nomerge/thread.c:1093:9 (memcached+0x10801a)
    #2 main /home/alexey/tsan-experiments/nosql/memcached/memcached-tsan-dom_peeling-ea-lo-st-swmr-nomerge/memcached.c:6138:5 (memcached+0xf2fa3)

  Mutex M2 (0x7ffff539a9d0) created at:
    #0 pthread_mutex_init /extra/alexey/worktrees/perf-msize/compiler-rt/lib/tsan/rtl/tsan_interceptors_posix.cpp:1316:3 (memcached+0x65ad3)
    #1 memcached_thread_init /home/alexey/tsan-experiments/nosql/memcached/memcached-tsan-dom_peeling-ea-lo-st-swmr-nomerge/thread.c:1132:9 (memcached+0x108158)
    #2 main /home/alexey/tsan-experiments/nosql/memcached/memcached-tsan-dom_peeling-ea-lo-st-swmr-nomerge/memcached.c:6138:5 (memcached+0xf2fa3)

  Thread T28 'mc-lrumaint' (tid=186770, running) created by main thread at:
    #0 pthread_create /extra/alexey/worktrees/perf-msize/compiler-rt/lib/tsan/rtl/tsan_interceptors_posix.cpp:1023:3 (memcached+0x6419f)
    #1 start_lru_maintainer_thread /home/alexey/tsan-experiments/nosql/memcached/memcached-tsan-dom_peeling-ea-lo-st-swmr-nomerge/items.c:1728:16 (memcached+0x1034f6)
    #2 main /home/alexey/tsan-experiments/nosql/memcached/memcached-tsan-dom_peeling-ea-lo-st-swmr-nomerge/memcached.c:6170:33 (memcached+0xf3008)

  Thread T21 'mc-worker' (tid=186763, running) created by main thread at:
    #0 pthread_create /extra/alexey/worktrees/perf-msize/compiler-rt/lib/tsan/rtl/tsan_interceptors_posix.cpp:1023:3 (memcached+0x6419f)
    #1 create_worker /home/alexey/tsan-experiments/nosql/memcached/memcached-tsan-dom_peeling-ea-lo-st-swmr-nomerge/thread.c:385:16 (memcached+0x10860a)
    #2 memcached_thread_init /home/alexey/tsan-experiments/nosql/memcached/memcached-tsan-dom_peeling-ea-lo-st-swmr-nomerge/thread.c:1155:9 (memcached+0x10860a)
    #3 main /home/alexey/tsan-experiments/nosql/memcached/memcached-tsan-dom_peeling-ea-lo-st-swmr-nomerge/memcached.c:6138:5 (memcached+0xf2fa3)

  Thread T7 'mc-worker' (tid=186749, running) created by main thread at:
    #0 pthread_create /extra/alexey/worktrees/perf-msize/compiler-rt/lib/tsan/rtl/tsan_interceptors_posix.cpp:1023:3 (memcached+0x6419f)
    #1 create_worker /home/alexey/tsan-experiments/nosql/memcached/memcached-tsan-dom_peeling-ea-lo-st-swmr-nomerge/thread.c:385:16 (memcached+0x10860a)
    #2 memcached_thread_init /home/alexey/tsan-experiments/nosql/memcached/memcached-tsan-dom_peeling-ea-lo-st-swmr-nomerge/thread.c:1155:9 (memcached+0x10860a)
    #3 main /home/alexey/tsan-experiments/nosql/memcached/memcached-tsan-dom_peeling-ea-lo-st-swmr-nomerge/memcached.c:6138:5 (memcached+0xf2fa3)

SUMMARY: ThreadSanitizer: data race /home/alexey/tsan-experiments/nosql/memcached/memcached-tsan-dom_peeling-ea-lo-st-swmr-nomerge/items.c:1137:28 in lru_pull_tail
==================
==================
WARNING: ThreadSanitizer: data race (pid=186738)
  Read of size 2 at 0x7fffec7fe0ae by thread T28 (mutexes: write M0, write M1):
    #0 lru_pull_tail /home/alexey/tsan-experiments/nosql/memcached/memcached-tsan-dom_peeling-ea-lo-st-swmr-nomerge/items.c:1137:28 (memcached+0xfe702)
    #1 lru_maintainer_juggle /home/alexey/tsan-experiments/nosql/memcached/memcached-tsan-dom_peeling-ea-lo-st-swmr-nomerge/items.c:1448:13 (memcached+0x103b97)
    #2 lru_maintainer_thread /home/alexey/tsan-experiments/nosql/memcached/memcached-tsan-dom_peeling-ea-lo-st-swmr-nomerge/items.c:1645:29 (memcached+0x103b97)

  Previous write of size 2 at 0x7fffec7fe0ae by thread T22 (mutexes: write M2):
    #0 do_item_unlink /home/alexey/tsan-experiments/nosql/memcached/memcached-tsan-dom_peeling-ea-lo-st-swmr-nomerge/items.c:516:22 (memcached+0xfff8a)
    #1 do_item_replace /home/alexey/tsan-experiments/nosql/memcached/memcached-tsan-dom_peeling-ea-lo-st-swmr-nomerge/items.c:589:5 (memcached+0x100a35)
    #2 item_replace /home/alexey/tsan-experiments/nosql/memcached/memcached-tsan-dom_peeling-ea-lo-st-swmr-nomerge/thread.c:934:12 (memcached+0x1070fb)
    #3 do_store_item /home/alexey/tsan-experiments/nosql/memcached/memcached-tsan-dom_peeling-ea-lo-st-swmr-nomerge/memcached.c:1715:13 (memcached+0xed4b6)
    #4 store_item /home/alexey/tsan-experiments/nosql/memcached/memcached-tsan-dom_peeling-ea-lo-st-swmr-nomerge/thread.c:974:11 (memcached+0x107422)
    #5 complete_nread_ascii /home/alexey/tsan-experiments/nosql/memcached/memcached-tsan-dom_peeling-ea-lo-st-swmr-nomerge/proto_text.c:184:13 (memcached+0x1137ab)
    #6 complete_nread /home/alexey/tsan-experiments/nosql/memcached/memcached-tsan-dom_peeling-ea-lo-st-swmr-nomerge/memcached.c:1485:9 (memcached+0xe7ef3)
    #7 drive_machine /home/alexey/tsan-experiments/nosql/memcached/memcached-tsan-dom_peeling-ea-lo-st-swmr-nomerge/memcached.c:3239:17 (memcached+0xe7ef3)
    #8 event_handler /home/alexey/tsan-experiments/nosql/memcached/memcached-tsan-dom_peeling-ea-lo-st-swmr-nomerge/memcached.c:3476:5 (memcached+0xeb04f)
    #9 <null> <null> (libevent-2.1.so.7+0x20b3b) (BuildId: 79ee78eebaf1fabcfa2c5160e0b25a68bf3edce9)

  Location is heap block of size 1048576 at 0x7fffec700000 allocated by thread T7:
    #0 malloc /extra/alexey/worktrees/perf-msize/compiler-rt/lib/tsan/rtl/tsan_interceptors_posix.cpp:666:5 (memcached+0x6265f)
    #1 memory_allocate /home/alexey/tsan-experiments/nosql/memcached/memcached-tsan-dom_peeling-ea-lo-st-swmr-nomerge/slabs.c:615:15 (memcached+0xfd985)
    #2 do_slabs_newslab /home/alexey/tsan-experiments/nosql/memcached/memcached-tsan-dom_peeling-ea-lo-st-swmr-nomerge/slabs.c:386:17 (memcached+0xfd985)
    #3 do_slabs_alloc /home/alexey/tsan-experiments/nosql/memcached/memcached-tsan-dom_peeling-ea-lo-st-swmr-nomerge/slabs.c:423:9 (memcached+0xfab52)
    #4 slabs_alloc /home/alexey/tsan-experiments/nosql/memcached/memcached-tsan-dom_peeling-ea-lo-st-swmr-nomerge/slabs.c:661:11 (memcached+0xfab52)
    #5 do_item_alloc_pull /home/alexey/tsan-experiments/nosql/memcached/memcached-tsan-dom_peeling-ea-lo-st-swmr-nomerge/items.c:181:14 (memcached+0xfdfa0)
    #6 do_item_alloc /home/alexey/tsan-experiments/nosql/memcached/memcached-tsan-dom_peeling-ea-lo-st-swmr-nomerge/items.c:298:14 (memcached+0xff5a4)
    #7 item_alloc /home/alexey/tsan-experiments/nosql/memcached/memcached-tsan-dom_peeling-ea-lo-st-swmr-nomerge/thread.c:876:10 (memcached+0x106cf2)
    #8 process_update_command /home/alexey/tsan-experiments/nosql/memcached/memcached-tsan-dom_peeling-ea-lo-st-swmr-nomerge/proto_text.c:2044:10 (memcached+0x1191c1)
    #9 process_command_ascii /home/alexey/tsan-experiments/nosql/memcached/memcached-tsan-dom_peeling-ea-lo-st-swmr-nomerge/proto_text.c (memcached+0x114b67)
    #10 try_read_command_ascii /home/alexey/tsan-experiments/nosql/memcached/memcached-tsan-dom_peeling-ea-lo-st-swmr-nomerge/proto_text.c:494:5 (memcached+0x114398)
    #11 try_read_command_negotiate /home/alexey/tsan-experiments/nosql/memcached/memcached-tsan-dom_peeling-ea-lo-st-swmr-nomerge/memcached.c:2427:12 (memcached+0xeaf97)
    #12 drive_machine /home/alexey/tsan-experiments/nosql/memcached/memcached-tsan-dom_peeling-ea-lo-st-swmr-nomerge/memcached.c:3193:17 (memcached+0xe7704)
    #13 event_handler /home/alexey/tsan-experiments/nosql/memcached/memcached-tsan-dom_peeling-ea-lo-st-swmr-nomerge/memcached.c:3476:5 (memcached+0xeb04f)
    #14 <null> <null> (libevent-2.1.so.7+0x20b3b) (BuildId: 79ee78eebaf1fabcfa2c5160e0b25a68bf3edce9)

  Mutex M0 (0x555556a49cf0) created at:
    #0 pthread_mutex_lock /extra/alexey/worktrees/perf-msize/compiler-rt/lib/tsan/rtl/tsan_interceptors_posix.cpp:1342:3 (memcached+0x65dfe)
    #1 start_lru_maintainer_thread /home/alexey/tsan-experiments/nosql/memcached/memcached-tsan-dom_peeling-ea-lo-st-swmr-nomerge/items.c:1725:5 (memcached+0x1034ac)
    #2 main /home/alexey/tsan-experiments/nosql/memcached/memcached-tsan-dom_peeling-ea-lo-st-swmr-nomerge/memcached.c:6170:33 (memcached+0xf3008)

  Mutex M1 (0x555556a4a6f0) created at:
    #0 pthread_mutex_init /extra/alexey/worktrees/perf-msize/compiler-rt/lib/tsan/rtl/tsan_interceptors_posix.cpp:1316:3 (memcached+0x65ad3)
    #1 memcached_thread_init /home/alexey/tsan-experiments/nosql/memcached/memcached-tsan-dom_peeling-ea-lo-st-swmr-nomerge/thread.c:1093:9 (memcached+0x10801a)
    #2 main /home/alexey/tsan-experiments/nosql/memcached/memcached-tsan-dom_peeling-ea-lo-st-swmr-nomerge/memcached.c:6138:5 (memcached+0xf2fa3)

  Mutex M2 (0x7ffff535f4e8) created at:
    #0 pthread_mutex_init /extra/alexey/worktrees/perf-msize/compiler-rt/lib/tsan/rtl/tsan_interceptors_posix.cpp:1316:3 (memcached+0x65ad3)
    #1 memcached_thread_init /home/alexey/tsan-experiments/nosql/memcached/memcached-tsan-dom_peeling-ea-lo-st-swmr-nomerge/thread.c:1132:9 (memcached+0x108158)
    #2 main /home/alexey/tsan-experiments/nosql/memcached/memcached-tsan-dom_peeling-ea-lo-st-swmr-nomerge/memcached.c:6138:5 (memcached+0xf2fa3)

  Thread T28 'mc-lrumaint' (tid=186770, running) created by main thread at:
    #0 pthread_create /extra/alexey/worktrees/perf-msize/compiler-rt/lib/tsan/rtl/tsan_interceptors_posix.cpp:1023:3 (memcached+0x6419f)
    #1 start_lru_maintainer_thread /home/alexey/tsan-experiments/nosql/memcached/memcached-tsan-dom_peeling-ea-lo-st-swmr-nomerge/items.c:1728:16 (memcached+0x1034f6)
    #2 main /home/alexey/tsan-experiments/nosql/memcached/memcached-tsan-dom_peeling-ea-lo-st-swmr-nomerge/memcached.c:6170:33 (memcached+0xf3008)

  Thread T22 'mc-worker' (tid=186764, running) created by main thread at:
    #0 pthread_create /extra/alexey/worktrees/perf-msize/compiler-rt/lib/tsan/rtl/tsan_interceptors_posix.cpp:1023:3 (memcached+0x6419f)
    #1 create_worker /home/alexey/tsan-experiments/nosql/memcached/memcached-tsan-dom_peeling-ea-lo-st-swmr-nomerge/thread.c:385:16 (memcached+0x10860a)
    #2 memcached_thread_init /home/alexey/tsan-experiments/nosql/memcached/memcached-tsan-dom_peeling-ea-lo-st-swmr-nomerge/thread.c:1155:9 (memcached+0x10860a)
    #3 main /home/alexey/tsan-experiments/nosql/memcached/memcached-tsan-dom_peeling-ea-lo-st-swmr-nomerge/memcached.c:6138:5 (memcached+0xf2fa3)

  Thread T7 'mc-worker' (tid=186749, running) created by main thread at:
    #0 pthread_create /extra/alexey/worktrees/perf-msize/compiler-rt/lib/tsan/rtl/tsan_interceptors_posix.cpp:1023:3 (memcached+0x6419f)
    #1 create_worker /home/alexey/tsan-experiments/nosql/memcached/memcached-tsan-dom_peeling-ea-lo-st-swmr-nomerge/thread.c:385:16 (memcached+0x10860a)
    #2 memcached_thread_init /home/alexey/tsan-experiments/nosql/memcached/memcached-tsan-dom_peeling-ea-lo-st-swmr-nomerge/thread.c:1155:9 (memcached+0x10860a)
    #3 main /home/alexey/tsan-experiments/nosql/memcached/memcached-tsan-dom_peeling-ea-lo-st-swmr-nomerge/memcached.c:6138:5 (memcached+0xf2fa3)

SUMMARY: ThreadSanitizer: data race /home/alexey/tsan-experiments/nosql/memcached/memcached-tsan-dom_peeling-ea-lo-st-swmr-nomerge/items.c:1137:28 in lru_pull_tail
==================
==================
WARNING: ThreadSanitizer: data race (pid=186738)
  Read of size 2 at 0x7fffec7fcc0e by thread T28 (mutexes: write M0, write M1):
    #0 lru_pull_tail /home/alexey/tsan-experiments/nosql/memcached/memcached-tsan-dom_peeling-ea-lo-st-swmr-nomerge/items.c:1137:28 (memcached+0xfe702)
    #1 lru_maintainer_juggle /home/alexey/tsan-experiments/nosql/memcached/memcached-tsan-dom_peeling-ea-lo-st-swmr-nomerge/items.c:1448:13 (memcached+0x103aee)
    #2 lru_maintainer_thread /home/alexey/tsan-experiments/nosql/memcached/memcached-tsan-dom_peeling-ea-lo-st-swmr-nomerge/items.c:1645:29 (memcached+0x103aee)

  Previous write of size 2 at 0x7fffec7fcc0e by thread T17 (mutexes: write M2):
    #0 do_item_unlink /home/alexey/tsan-experiments/nosql/memcached/memcached-tsan-dom_peeling-ea-lo-st-swmr-nomerge/items.c:516:22 (memcached+0xfff8a)
    #1 do_item_replace /home/alexey/tsan-experiments/nosql/memcached/memcached-tsan-dom_peeling-ea-lo-st-swmr-nomerge/items.c:589:5 (memcached+0x100a35)
    #2 item_replace /home/alexey/tsan-experiments/nosql/memcached/memcached-tsan-dom_peeling-ea-lo-st-swmr-nomerge/thread.c:934:12 (memcached+0x1070fb)
    #3 do_store_item /home/alexey/tsan-experiments/nosql/memcached/memcached-tsan-dom_peeling-ea-lo-st-swmr-nomerge/memcached.c:1715:13 (memcached+0xed4b6)
    #4 store_item /home/alexey/tsan-experiments/nosql/memcached/memcached-tsan-dom_peeling-ea-lo-st-swmr-nomerge/thread.c:974:11 (memcached+0x107422)
    #5 complete_nread_ascii /home/alexey/tsan-experiments/nosql/memcached/memcached-tsan-dom_peeling-ea-lo-st-swmr-nomerge/proto_text.c:184:13 (memcached+0x1137ab)
    #6 complete_nread /home/alexey/tsan-experiments/nosql/memcached/memcached-tsan-dom_peeling-ea-lo-st-swmr-nomerge/memcached.c:1485:9 (memcached+0xe7ef3)
    #7 drive_machine /home/alexey/tsan-experiments/nosql/memcached/memcached-tsan-dom_peeling-ea-lo-st-swmr-nomerge/memcached.c:3239:17 (memcached+0xe7ef3)
    #8 event_handler /home/alexey/tsan-experiments/nosql/memcached/memcached-tsan-dom_peeling-ea-lo-st-swmr-nomerge/memcached.c:3476:5 (memcached+0xeb04f)
    #9 <null> <null> (libevent-2.1.so.7+0x20b3b) (BuildId: 79ee78eebaf1fabcfa2c5160e0b25a68bf3edce9)

  Location is heap block of size 1048576 at 0x7fffec700000 allocated by thread T7:
    #0 malloc /extra/alexey/worktrees/perf-msize/compiler-rt/lib/tsan/rtl/tsan_interceptors_posix.cpp:666:5 (memcached+0x6265f)
    #1 memory_allocate /home/alexey/tsan-experiments/nosql/memcached/memcached-tsan-dom_peeling-ea-lo-st-swmr-nomerge/slabs.c:615:15 (memcached+0xfd985)
    #2 do_slabs_newslab /home/alexey/tsan-experiments/nosql/memcached/memcached-tsan-dom_peeling-ea-lo-st-swmr-nomerge/slabs.c:386:17 (memcached+0xfd985)
    #3 do_slabs_alloc /home/alexey/tsan-experiments/nosql/memcached/memcached-tsan-dom_peeling-ea-lo-st-swmr-nomerge/slabs.c:423:9 (memcached+0xfab52)
    #4 slabs_alloc /home/alexey/tsan-experiments/nosql/memcached/memcached-tsan-dom_peeling-ea-lo-st-swmr-nomerge/slabs.c:661:11 (memcached+0xfab52)
    #5 do_item_alloc_pull /home/alexey/tsan-experiments/nosql/memcached/memcached-tsan-dom_peeling-ea-lo-st-swmr-nomerge/items.c:181:14 (memcached+0xfdfa0)
    #6 do_item_alloc /home/alexey/tsan-experiments/nosql/memcached/memcached-tsan-dom_peeling-ea-lo-st-swmr-nomerge/items.c:298:14 (memcached+0xff5a4)
    #7 item_alloc /home/alexey/tsan-experiments/nosql/memcached/memcached-tsan-dom_peeling-ea-lo-st-swmr-nomerge/thread.c:876:10 (memcached+0x106cf2)
    #8 process_update_command /home/alexey/tsan-experiments/nosql/memcached/memcached-tsan-dom_peeling-ea-lo-st-swmr-nomerge/proto_text.c:2044:10 (memcached+0x1191c1)
    #9 process_command_ascii /home/alexey/tsan-experiments/nosql/memcached/memcached-tsan-dom_peeling-ea-lo-st-swmr-nomerge/proto_text.c (memcached+0x114b67)
    #10 try_read_command_ascii /home/alexey/tsan-experiments/nosql/memcached/memcached-tsan-dom_peeling-ea-lo-st-swmr-nomerge/proto_text.c:494:5 (memcached+0x114398)
    #11 try_read_command_negotiate /home/alexey/tsan-experiments/nosql/memcached/memcached-tsan-dom_peeling-ea-lo-st-swmr-nomerge/memcached.c:2427:12 (memcached+0xeaf97)
    #12 drive_machine /home/alexey/tsan-experiments/nosql/memcached/memcached-tsan-dom_peeling-ea-lo-st-swmr-nomerge/memcached.c:3193:17 (memcached+0xe7704)
    #13 event_handler /home/alexey/tsan-experiments/nosql/memcached/memcached-tsan-dom_peeling-ea-lo-st-swmr-nomerge/memcached.c:3476:5 (memcached+0xeb04f)
    #14 <null> <null> (libevent-2.1.so.7+0x20b3b) (BuildId: 79ee78eebaf1fabcfa2c5160e0b25a68bf3edce9)

  Mutex M0 (0x555556a49cf0) created at:
    #0 pthread_mutex_lock /extra/alexey/worktrees/perf-msize/compiler-rt/lib/tsan/rtl/tsan_interceptors_posix.cpp:1342:3 (memcached+0x65dfe)
    #1 start_lru_maintainer_thread /home/alexey/tsan-experiments/nosql/memcached/memcached-tsan-dom_peeling-ea-lo-st-swmr-nomerge/items.c:1725:5 (memcached+0x1034ac)
    #2 main /home/alexey/tsan-experiments/nosql/memcached/memcached-tsan-dom_peeling-ea-lo-st-swmr-nomerge/memcached.c:6170:33 (memcached+0xf3008)

  Mutex M1 (0x555556a4a6f0) created at:
    #0 pthread_mutex_init /extra/alexey/worktrees/perf-msize/compiler-rt/lib/tsan/rtl/tsan_interceptors_posix.cpp:1316:3 (memcached+0x65ad3)
    #1 memcached_thread_init /home/alexey/tsan-experiments/nosql/memcached/memcached-tsan-dom_peeling-ea-lo-st-swmr-nomerge/thread.c:1093:9 (memcached+0x10801a)
    #2 main /home/alexey/tsan-experiments/nosql/memcached/memcached-tsan-dom_peeling-ea-lo-st-swmr-nomerge/memcached.c:6138:5 (memcached+0xf2fa3)

  Mutex M2 (0x7ffff5321030) created at:
    #0 pthread_mutex_init /extra/alexey/worktrees/perf-msize/compiler-rt/lib/tsan/rtl/tsan_interceptors_posix.cpp:1316:3 (memcached+0x65ad3)
    #1 memcached_thread_init /home/alexey/tsan-experiments/nosql/memcached/memcached-tsan-dom_peeling-ea-lo-st-swmr-nomerge/thread.c:1132:9 (memcached+0x108158)
    #2 main /home/alexey/tsan-experiments/nosql/memcached/memcached-tsan-dom_peeling-ea-lo-st-swmr-nomerge/memcached.c:6138:5 (memcached+0xf2fa3)

  Thread T28 'mc-lrumaint' (tid=186770, running) created by main thread at:
    #0 pthread_create /extra/alexey/worktrees/perf-msize/compiler-rt/lib/tsan/rtl/tsan_interceptors_posix.cpp:1023:3 (memcached+0x6419f)
    #1 start_lru_maintainer_thread /home/alexey/tsan-experiments/nosql/memcached/memcached-tsan-dom_peeling-ea-lo-st-swmr-nomerge/items.c:1728:16 (memcached+0x1034f6)
    #2 main /home/alexey/tsan-experiments/nosql/memcached/memcached-tsan-dom_peeling-ea-lo-st-swmr-nomerge/memcached.c:6170:33 (memcached+0xf3008)

  Thread T17 'mc-worker' (tid=186759, running) created by main thread at:
    #0 pthread_create /extra/alexey/worktrees/perf-msize/compiler-rt/lib/tsan/rtl/tsan_interceptors_posix.cpp:1023:3 (memcached+0x6419f)
    #1 create_worker /home/alexey/tsan-experiments/nosql/memcached/memcached-tsan-dom_peeling-ea-lo-st-swmr-nomerge/thread.c:385:16 (memcached+0x10860a)
    #2 memcached_thread_init /home/alexey/tsan-experiments/nosql/memcached/memcached-tsan-dom_peeling-ea-lo-st-swmr-nomerge/thread.c:1155:9 (memcached+0x10860a)
    #3 main /home/alexey/tsan-experiments/nosql/memcached/memcached-tsan-dom_peeling-ea-lo-st-swmr-nomerge/memcached.c:6138:5 (memcached+0xf2fa3)

  Thread T7 'mc-worker' (tid=186749, running) created by main thread at:
    #0 pthread_create /extra/alexey/worktrees/perf-msize/compiler-rt/lib/tsan/rtl/tsan_interceptors_posix.cpp:1023:3 (memcached+0x6419f)
    #1 create_worker /home/alexey/tsan-experiments/nosql/memcached/memcached-tsan-dom_peeling-ea-lo-st-swmr-nomerge/thread.c:385:16 (memcached+0x10860a)
    #2 memcached_thread_init /home/alexey/tsan-experiments/nosql/memcached/memcached-tsan-dom_peeling-ea-lo-st-swmr-nomerge/thread.c:1155:9 (memcached+0x10860a)
    #3 main /home/alexey/tsan-experiments/nosql/memcached/memcached-tsan-dom_peeling-ea-lo-st-swmr-nomerge/memcached.c:6138:5 (memcached+0xf2fa3)

SUMMARY: ThreadSanitizer: data race /home/alexey/tsan-experiments/nosql/memcached/memcached-tsan-dom_peeling-ea-lo-st-swmr-nomerge/items.c:1137:28 in lru_pull_tail
==================
==================
WARNING: ThreadSanitizer: data race (pid=186738)
  Read of size 2 at 0x7fffec7fc236 by thread T28 (mutexes: write M0, write M1):
    #0 lru_pull_tail /home/alexey/tsan-experiments/nosql/memcached/memcached-tsan-dom_peeling-ea-lo-st-swmr-nomerge/items.c:1137:28 (memcached+0xfe2df)
    #1 lru_maintainer_juggle /home/alexey/tsan-experiments/nosql/memcached/memcached-tsan-dom_peeling-ea-lo-st-swmr-nomerge/items.c:1448:13 (memcached+0x103aee)
    #2 lru_maintainer_thread /home/alexey/tsan-experiments/nosql/memcached/memcached-tsan-dom_peeling-ea-lo-st-swmr-nomerge/items.c:1645:29 (memcached+0x103aee)

  Previous write of size 2 at 0x7fffec7fc236 by thread T13 (mutexes: write M2):
    #0 do_item_unlink /home/alexey/tsan-experiments/nosql/memcached/memcached-tsan-dom_peeling-ea-lo-st-swmr-nomerge/items.c:516:22 (memcached+0xfff8a)
    #1 do_item_replace /home/alexey/tsan-experiments/nosql/memcached/memcached-tsan-dom_peeling-ea-lo-st-swmr-nomerge/items.c:589:5 (memcached+0x100a35)
    #2 item_replace /home/alexey/tsan-experiments/nosql/memcached/memcached-tsan-dom_peeling-ea-lo-st-swmr-nomerge/thread.c:934:12 (memcached+0x1070fb)
    #3 do_store_item /home/alexey/tsan-experiments/nosql/memcached/memcached-tsan-dom_peeling-ea-lo-st-swmr-nomerge/memcached.c:1715:13 (memcached+0xed4b6)
    #4 store_item /home/alexey/tsan-experiments/nosql/memcached/memcached-tsan-dom_peeling-ea-lo-st-swmr-nomerge/thread.c:974:11 (memcached+0x107422)
    #5 complete_nread_ascii /home/alexey/tsan-experiments/nosql/memcached/memcached-tsan-dom_peeling-ea-lo-st-swmr-nomerge/proto_text.c:184:13 (memcached+0x1137ab)
    #6 complete_nread /home/alexey/tsan-experiments/nosql/memcached/memcached-tsan-dom_peeling-ea-lo-st-swmr-nomerge/memcached.c:1485:9 (memcached+0xe7ef3)
    #7 drive_machine /home/alexey/tsan-experiments/nosql/memcached/memcached-tsan-dom_peeling-ea-lo-st-swmr-nomerge/memcached.c:3239:17 (memcached+0xe7ef3)
    #8 event_handler /home/alexey/tsan-experiments/nosql/memcached/memcached-tsan-dom_peeling-ea-lo-st-swmr-nomerge/memcached.c:3476:5 (memcached+0xeb04f)
    #9 <null> <null> (libevent-2.1.so.7+0x20b3b) (BuildId: 79ee78eebaf1fabcfa2c5160e0b25a68bf3edce9)

  Location is heap block of size 1048576 at 0x7fffec700000 allocated by thread T7:
    #0 malloc /extra/alexey/worktrees/perf-msize/compiler-rt/lib/tsan/rtl/tsan_interceptors_posix.cpp:666:5 (memcached+0x6265f)
    #1 memory_allocate /home/alexey/tsan-experiments/nosql/memcached/memcached-tsan-dom_peeling-ea-lo-st-swmr-nomerge/slabs.c:615:15 (memcached+0xfd985)
    #2 do_slabs_newslab /home/alexey/tsan-experiments/nosql/memcached/memcached-tsan-dom_peeling-ea-lo-st-swmr-nomerge/slabs.c:386:17 (memcached+0xfd985)
    #3 do_slabs_alloc /home/alexey/tsan-experiments/nosql/memcached/memcached-tsan-dom_peeling-ea-lo-st-swmr-nomerge/slabs.c:423:9 (memcached+0xfab52)
    #4 slabs_alloc /home/alexey/tsan-experiments/nosql/memcached/memcached-tsan-dom_peeling-ea-lo-st-swmr-nomerge/slabs.c:661:11 (memcached+0xfab52)
    #5 do_item_alloc_pull /home/alexey/tsan-experiments/nosql/memcached/memcached-tsan-dom_peeling-ea-lo-st-swmr-nomerge/items.c:181:14 (memcached+0xfdfa0)
    #6 do_item_alloc /home/alexey/tsan-experiments/nosql/memcached/memcached-tsan-dom_peeling-ea-lo-st-swmr-nomerge/items.c:298:14 (memcached+0xff5a4)
    #7 item_alloc /home/alexey/tsan-experiments/nosql/memcached/memcached-tsan-dom_peeling-ea-lo-st-swmr-nomerge/thread.c:876:10 (memcached+0x106cf2)
    #8 process_update_command /home/alexey/tsan-experiments/nosql/memcached/memcached-tsan-dom_peeling-ea-lo-st-swmr-nomerge/proto_text.c:2044:10 (memcached+0x1191c1)
    #9 process_command_ascii /home/alexey/tsan-experiments/nosql/memcached/memcached-tsan-dom_peeling-ea-lo-st-swmr-nomerge/proto_text.c (memcached+0x114b67)
    #10 try_read_command_ascii /home/alexey/tsan-experiments/nosql/memcached/memcached-tsan-dom_peeling-ea-lo-st-swmr-nomerge/proto_text.c:494:5 (memcached+0x114398)
    #11 try_read_command_negotiate /home/alexey/tsan-experiments/nosql/memcached/memcached-tsan-dom_peeling-ea-lo-st-swmr-nomerge/memcached.c:2427:12 (memcached+0xeaf97)
    #12 drive_machine /home/alexey/tsan-experiments/nosql/memcached/memcached-tsan-dom_peeling-ea-lo-st-swmr-nomerge/memcached.c:3193:17 (memcached+0xe7704)
    #13 event_handler /home/alexey/tsan-experiments/nosql/memcached/memcached-tsan-dom_peeling-ea-lo-st-swmr-nomerge/memcached.c:3476:5 (memcached+0xeb04f)
    #14 <null> <null> (libevent-2.1.so.7+0x20b3b) (BuildId: 79ee78eebaf1fabcfa2c5160e0b25a68bf3edce9)

  Mutex M0 (0x555556a49cf0) created at:
    #0 pthread_mutex_lock /extra/alexey/worktrees/perf-msize/compiler-rt/lib/tsan/rtl/tsan_interceptors_posix.cpp:1342:3 (memcached+0x65dfe)
    #1 start_lru_maintainer_thread /home/alexey/tsan-experiments/nosql/memcached/memcached-tsan-dom_peeling-ea-lo-st-swmr-nomerge/items.c:1725:5 (memcached+0x1034ac)
    #2 main /home/alexey/tsan-experiments/nosql/memcached/memcached-tsan-dom_peeling-ea-lo-st-swmr-nomerge/memcached.c:6170:33 (memcached+0xf3008)

  Mutex M1 (0x555556a4a6f0) created at:
    #0 pthread_mutex_init /extra/alexey/worktrees/perf-msize/compiler-rt/lib/tsan/rtl/tsan_interceptors_posix.cpp:1316:3 (memcached+0x65ad3)
    #1 memcached_thread_init /home/alexey/tsan-experiments/nosql/memcached/memcached-tsan-dom_peeling-ea-lo-st-swmr-nomerge/thread.c:1093:9 (memcached+0x10801a)
    #2 main /home/alexey/tsan-experiments/nosql/memcached/memcached-tsan-dom_peeling-ea-lo-st-swmr-nomerge/memcached.c:6138:5 (memcached+0xf2fa3)

  Mutex M2 (0x7ffff5347668) created at:
    #0 pthread_mutex_init /extra/alexey/worktrees/perf-msize/compiler-rt/lib/tsan/rtl/tsan_interceptors_posix.cpp:1316:3 (memcached+0x65ad3)
    #1 memcached_thread_init /home/alexey/tsan-experiments/nosql/memcached/memcached-tsan-dom_peeling-ea-lo-st-swmr-nomerge/thread.c:1132:9 (memcached+0x108158)
    #2 main /home/alexey/tsan-experiments/nosql/memcached/memcached-tsan-dom_peeling-ea-lo-st-swmr-nomerge/memcached.c:6138:5 (memcached+0xf2fa3)

  Thread T28 'mc-lrumaint' (tid=186770, running) created by main thread at:
    #0 pthread_create /extra/alexey/worktrees/perf-msize/compiler-rt/lib/tsan/rtl/tsan_interceptors_posix.cpp:1023:3 (memcached+0x6419f)
    #1 start_lru_maintainer_thread /home/alexey/tsan-experiments/nosql/memcached/memcached-tsan-dom_peeling-ea-lo-st-swmr-nomerge/items.c:1728:16 (memcached+0x1034f6)
    #2 main /home/alexey/tsan-experiments/nosql/memcached/memcached-tsan-dom_peeling-ea-lo-st-swmr-nomerge/memcached.c:6170:33 (memcached+0xf3008)

  Thread T13 'mc-worker' (tid=186755, running) created by main thread at:
    #0 pthread_create /extra/alexey/worktrees/perf-msize/compiler-rt/lib/tsan/rtl/tsan_interceptors_posix.cpp:1023:3 (memcached+0x6419f)
    #1 create_worker /home/alexey/tsan-experiments/nosql/memcached/memcached-tsan-dom_peeling-ea-lo-st-swmr-nomerge/thread.c:385:16 (memcached+0x10860a)
    #2 memcached_thread_init /home/alexey/tsan-experiments/nosql/memcached/memcached-tsan-dom_peeling-ea-lo-st-swmr-nomerge/thread.c:1155:9 (memcached+0x10860a)
    #3 main /home/alexey/tsan-experiments/nosql/memcached/memcached-tsan-dom_peeling-ea-lo-st-swmr-nomerge/memcached.c:6138:5 (memcached+0xf2fa3)

  Thread T7 'mc-worker' (tid=186749, running) created by main thread at:
    #0 pthread_create /extra/alexey/worktrees/perf-msize/compiler-rt/lib/tsan/rtl/tsan_interceptors_posix.cpp:1023:3 (memcached+0x6419f)
    #1 create_worker /home/alexey/tsan-experiments/nosql/memcached/memcached-tsan-dom_peeling-ea-lo-st-swmr-nomerge/thread.c:385:16 (memcached+0x10860a)
    #2 memcached_thread_init /home/alexey/tsan-experiments/nosql/memcached/memcached-tsan-dom_peeling-ea-lo-st-swmr-nomerge/thread.c:1155:9 (memcached+0x10860a)
    #3 main /home/alexey/tsan-experiments/nosql/memcached/memcached-tsan-dom_peeling-ea-lo-st-swmr-nomerge/memcached.c:6138:5 (memcached+0xf2fa3)

SUMMARY: ThreadSanitizer: data race /home/alexey/tsan-experiments/nosql/memcached/memcached-tsan-dom_peeling-ea-lo-st-swmr-nomerge/items.c:1137:28 in lru_pull_tail
==================
==================
WARNING: ThreadSanitizer: data race (pid=186738)
  Read of size 8 at 0x555556a3cc10 by main thread:
    #0 clock_handler /home/alexey/tsan-experiments/nosql/memcached/memcached-tsan-dom_peeling-ea-lo-st-swmr-nomerge/memcached.c:4009:36 (memcached+0xf5d16)
    #1 <null> <null> (libevent-2.1.so.7+0x20a57) (BuildId: 79ee78eebaf1fabcfa2c5160e0b25a68bf3edce9)
    #2 __libc_start_call_main csu/../sysdeps/nptl/libc_start_call_main.h:58:16 (libc.so.6+0x2a1c9) (BuildId: 282c2c16e7b6600b0b22ea0c99010d2795752b5f)

  Previous write of size 8 at 0x555556a3cc10 by thread T24 (mutexes: write M0, write M1):
    #0 do_item_link /home/alexey/tsan-experiments/nosql/memcached/memcached-tsan-dom_peeling-ea-lo-st-swmr-nomerge/items.c:499:28 (memcached+0xffc90)
    #1 do_item_replace /home/alexey/tsan-experiments/nosql/memcached/memcached-tsan-dom_peeling-ea-lo-st-swmr-nomerge/items.c:590:12 (memcached+0x100a42)
    #2 item_replace /home/alexey/tsan-experiments/nosql/memcached/memcached-tsan-dom_peeling-ea-lo-st-swmr-nomerge/thread.c:934:12 (memcached+0x1070fb)
    #3 do_store_item /home/alexey/tsan-experiments/nosql/memcached/memcached-tsan-dom_peeling-ea-lo-st-swmr-nomerge/memcached.c:1715:13 (memcached+0xed4b6)
    #4 store_item /home/alexey/tsan-experiments/nosql/memcached/memcached-tsan-dom_peeling-ea-lo-st-swmr-nomerge/thread.c:974:11 (memcached+0x107422)
    #5 complete_nread_ascii /home/alexey/tsan-experiments/nosql/memcached/memcached-tsan-dom_peeling-ea-lo-st-swmr-nomerge/proto_text.c:184:13 (memcached+0x1137ab)
    #6 complete_nread /home/alexey/tsan-experiments/nosql/memcached/memcached-tsan-dom_peeling-ea-lo-st-swmr-nomerge/memcached.c:1485:9 (memcached+0xe7ef3)
    #7 drive_machine /home/alexey/tsan-experiments/nosql/memcached/memcached-tsan-dom_peeling-ea-lo-st-swmr-nomerge/memcached.c:3239:17 (memcached+0xe7ef3)
    #8 event_handler /home/alexey/tsan-experiments/nosql/memcached/memcached-tsan-dom_peeling-ea-lo-st-swmr-nomerge/memcached.c:3476:5 (memcached+0xeb04f)
    #9 <null> <null> (libevent-2.1.so.7+0x20b3b) (BuildId: 79ee78eebaf1fabcfa2c5160e0b25a68bf3edce9)

  Location is global 'stats_state' of size 56 at 0x555556a3cc10 (memcached+0x14e8c10)

  Mutex M0 (0x7ffff532f888) created at:
    #0 pthread_mutex_init /extra/alexey/worktrees/perf-msize/compiler-rt/lib/tsan/rtl/tsan_interceptors_posix.cpp:1316:3 (memcached+0x65ad3)
    #1 memcached_thread_init /home/alexey/tsan-experiments/nosql/memcached/memcached-tsan-dom_peeling-ea-lo-st-swmr-nomerge/thread.c:1132:9 (memcached+0x108158)
    #2 main /home/alexey/tsan-experiments/nosql/memcached/memcached-tsan-dom_peeling-ea-lo-st-swmr-nomerge/memcached.c:6138:5 (memcached+0xf2fa3)

  Mutex M1 (0x555556a4a678) created at:
    #0 pthread_mutex_lock /extra/alexey/worktrees/perf-msize/compiler-rt/lib/tsan/rtl/tsan_interceptors_posix.cpp:1342:3 (memcached+0x65dfe)
    #1 STATS_LOCK /home/alexey/tsan-experiments/nosql/memcached/memcached-tsan-dom_peeling-ea-lo-st-swmr-nomerge/thread.c:982:5 (memcached+0x107496)
    #2 assoc_init /home/alexey/tsan-experiments/nosql/memcached/memcached-tsan-dom_peeling-ea-lo-st-swmr-nomerge/assoc.c:64:5 (memcached+0x104b6d)
    #3 main /home/alexey/tsan-experiments/nosql/memcached/memcached-tsan-dom_peeling-ea-lo-st-swmr-nomerge/memcached.c:6082:5 (memcached+0xf2e56)

  Thread T24 'mc-worker' (tid=186766, running) created by main thread at:
    #0 pthread_create /extra/alexey/worktrees/perf-msize/compiler-rt/lib/tsan/rtl/tsan_interceptors_posix.cpp:1023:3 (memcached+0x6419f)
    #1 create_worker /home/alexey/tsan-experiments/nosql/memcached/memcached-tsan-dom_peeling-ea-lo-st-swmr-nomerge/thread.c:385:16 (memcached+0x10860a)
    #2 memcached_thread_init /home/alexey/tsan-experiments/nosql/memcached/memcached-tsan-dom_peeling-ea-lo-st-swmr-nomerge/thread.c:1155:9 (memcached+0x10860a)
    #3 main /home/alexey/tsan-experiments/nosql/memcached/memcached-tsan-dom_peeling-ea-lo-st-swmr-nomerge/memcached.c:6138:5 (memcached+0xf2fa3)

SUMMARY: ThreadSanitizer: data race /home/alexey/tsan-experiments/nosql/memcached/memcached-tsan-dom_peeling-ea-lo-st-swmr-nomerge/memcached.c:4009:36 in clock_handler
==================
==================
WARNING: ThreadSanitizer: data race (pid=186738)
  Write of size 4 at 0x555556a3c968 by main thread:
    #0 clock_handler /home/alexey/tsan-experiments/nosql/memcached/memcached-tsan-dom_peeling-ea-lo-st-swmr-nomerge/memcached.c (memcached+0xf5e1e)
    #1 <null> <null> (libevent-2.1.so.7+0x20a57) (BuildId: 79ee78eebaf1fabcfa2c5160e0b25a68bf3edce9)
    #2 __libc_start_call_main csu/../sysdeps/nptl/libc_start_call_main.h:58:16 (libc.so.6+0x2a1c9) (BuildId: 282c2c16e7b6600b0b22ea0c99010d2795752b5f)

  Previous read of size 4 at 0x555556a3c968 by thread T3:
    #0 try_read_command_ascii /home/alexey/tsan-experiments/nosql/memcached/memcached-tsan-dom_peeling-ea-lo-st-swmr-nomerge/proto_text.c:493:24 (memcached+0x114379)
    #1 drive_machine /home/alexey/tsan-experiments/nosql/memcached/memcached-tsan-dom_peeling-ea-lo-st-swmr-nomerge/memcached.c:3193:17 (memcached+0xe7704)
    #2 event_handler /home/alexey/tsan-experiments/nosql/memcached/memcached-tsan-dom_peeling-ea-lo-st-swmr-nomerge/memcached.c:3476:5 (memcached+0xeb04f)
    #3 <null> <null> (libevent-2.1.so.7+0x20b3b) (BuildId: 79ee78eebaf1fabcfa2c5160e0b25a68bf3edce9)

  Location is global 'current_time' of size 4 at 0x555556a3c968 (memcached+0x14e8968)

  Thread T3 'mc-worker' (tid=186745, running) created by main thread at:
    #0 pthread_create /extra/alexey/worktrees/perf-msize/compiler-rt/lib/tsan/rtl/tsan_interceptors_posix.cpp:1023:3 (memcached+0x6419f)
    #1 create_worker /home/alexey/tsan-experiments/nosql/memcached/memcached-tsan-dom_peeling-ea-lo-st-swmr-nomerge/thread.c:385:16 (memcached+0x10860a)
    #2 memcached_thread_init /home/alexey/tsan-experiments/nosql/memcached/memcached-tsan-dom_peeling-ea-lo-st-swmr-nomerge/thread.c:1155:9 (memcached+0x10860a)
    #3 main /home/alexey/tsan-experiments/nosql/memcached/memcached-tsan-dom_peeling-ea-lo-st-swmr-nomerge/memcached.c:6138:5 (memcached+0xf2fa3)

SUMMARY: ThreadSanitizer: data race /home/alexey/tsan-experiments/nosql/memcached/memcached-tsan-dom_peeling-ea-lo-st-swmr-nomerge/memcached.c in clock_handler
==================
==================
WARNING: ThreadSanitizer: data race (pid=186738)
  Write of size 2 at 0x7fffec7f66cc by thread T28 (mutexes: write M0, write M1, write M2):
    #0 lru_pull_tail /home/alexey/tsan-experiments/nosql/memcached/memcached-tsan-dom_peeling-ea-lo-st-swmr-nomerge/items.c:1143:13 (memcached+0xfe32c)
    #1 lru_maintainer_juggle /home/alexey/tsan-experiments/nosql/memcached/memcached-tsan-dom_peeling-ea-lo-st-swmr-nomerge/items.c:1449:13 (memcached+0x103b11)
    #2 lru_maintainer_thread /home/alexey/tsan-experiments/nosql/memcached/memcached-tsan-dom_peeling-ea-lo-st-swmr-nomerge/items.c:1645:29 (memcached+0x103b11)

  Previous read of size 2 at 0x7fffec7f66cc by thread T2:
    #0 limited_get /home/alexey/tsan-experiments/nosql/memcached/memcached-tsan-dom_peeling-ea-lo-st-swmr-nomerge/memcached.c:2255:19 (memcached+0xefc66)
    #1 process_get_command /home/alexey/tsan-experiments/nosql/memcached/memcached-tsan-dom_peeling-ea-lo-st-swmr-nomerge/proto_text.c:581:18 (memcached+0x11869c)
    #2 process_command_ascii /home/alexey/tsan-experiments/nosql/memcached/memcached-tsan-dom_peeling-ea-lo-st-swmr-nomerge/proto_text.c (memcached+0x114bc0)
    #3 try_read_command_ascii /home/alexey/tsan-experiments/nosql/memcached/memcached-tsan-dom_peeling-ea-lo-st-swmr-nomerge/proto_text.c:494:5 (memcached+0x114398)
    #4 drive_machine /home/alexey/tsan-experiments/nosql/memcached/memcached-tsan-dom_peeling-ea-lo-st-swmr-nomerge/memcached.c:3193:17 (memcached+0xe7704)
    #5 event_handler /home/alexey/tsan-experiments/nosql/memcached/memcached-tsan-dom_peeling-ea-lo-st-swmr-nomerge/memcached.c:3476:5 (memcached+0xeb04f)
    #6 <null> <null> (libevent-2.1.so.7+0x20b3b) (BuildId: 79ee78eebaf1fabcfa2c5160e0b25a68bf3edce9)

  Location is heap block of size 1048576 at 0x7fffec700000 allocated by thread T7:
    #0 malloc /extra/alexey/worktrees/perf-msize/compiler-rt/lib/tsan/rtl/tsan_interceptors_posix.cpp:666:5 (memcached+0x6265f)
    #1 memory_allocate /home/alexey/tsan-experiments/nosql/memcached/memcached-tsan-dom_peeling-ea-lo-st-swmr-nomerge/slabs.c:615:15 (memcached+0xfd985)
    #2 do_slabs_newslab /home/alexey/tsan-experiments/nosql/memcached/memcached-tsan-dom_peeling-ea-lo-st-swmr-nomerge/slabs.c:386:17 (memcached+0xfd985)
    #3 do_slabs_alloc /home/alexey/tsan-experiments/nosql/memcached/memcached-tsan-dom_peeling-ea-lo-st-swmr-nomerge/slabs.c:423:9 (memcached+0xfab52)
    #4 slabs_alloc /home/alexey/tsan-experiments/nosql/memcached/memcached-tsan-dom_peeling-ea-lo-st-swmr-nomerge/slabs.c:661:11 (memcached+0xfab52)
    #5 do_item_alloc_pull /home/alexey/tsan-experiments/nosql/memcached/memcached-tsan-dom_peeling-ea-lo-st-swmr-nomerge/items.c:181:14 (memcached+0xfdfa0)
    #6 do_item_alloc /home/alexey/tsan-experiments/nosql/memcached/memcached-tsan-dom_peeling-ea-lo-st-swmr-nomerge/items.c:298:14 (memcached+0xff5a4)
    #7 item_alloc /home/alexey/tsan-experiments/nosql/memcached/memcached-tsan-dom_peeling-ea-lo-st-swmr-nomerge/thread.c:876:10 (memcached+0x106cf2)
    #8 process_update_command /home/alexey/tsan-experiments/nosql/memcached/memcached-tsan-dom_peeling-ea-lo-st-swmr-nomerge/proto_text.c:2044:10 (memcached+0x1191c1)
    #9 process_command_ascii /home/alexey/tsan-experiments/nosql/memcached/memcached-tsan-dom_peeling-ea-lo-st-swmr-nomerge/proto_text.c (memcached+0x114b67)
    #10 try_read_command_ascii /home/alexey/tsan-experiments/nosql/memcached/memcached-tsan-dom_peeling-ea-lo-st-swmr-nomerge/proto_text.c:494:5 (memcached+0x114398)
    #11 try_read_command_negotiate /home/alexey/tsan-experiments/nosql/memcached/memcached-tsan-dom_peeling-ea-lo-st-swmr-nomerge/memcached.c:2427:12 (memcached+0xeaf97)
    #12 drive_machine /home/alexey/tsan-experiments/nosql/memcached/memcached-tsan-dom_peeling-ea-lo-st-swmr-nomerge/memcached.c:3193:17 (memcached+0xe7704)
    #13 event_handler /home/alexey/tsan-experiments/nosql/memcached/memcached-tsan-dom_peeling-ea-lo-st-swmr-nomerge/memcached.c:3476:5 (memcached+0xeb04f)
    #14 <null> <null> (libevent-2.1.so.7+0x20b3b) (BuildId: 79ee78eebaf1fabcfa2c5160e0b25a68bf3edce9)

  Mutex M0 (0x555556a49cf0) created at:
    #0 pthread_mutex_lock /extra/alexey/worktrees/perf-msize/compiler-rt/lib/tsan/rtl/tsan_interceptors_posix.cpp:1342:3 (memcached+0x65dfe)
    #1 start_lru_maintainer_thread /home/alexey/tsan-experiments/nosql/memcached/memcached-tsan-dom_peeling-ea-lo-st-swmr-nomerge/items.c:1725:5 (memcached+0x1034ac)
    #2 main /home/alexey/tsan-experiments/nosql/memcached/memcached-tsan-dom_peeling-ea-lo-st-swmr-nomerge/memcached.c:6170:33 (memcached+0xf3008)

  Mutex M1 (0x555556a4b0f0) created at:
    #0 pthread_mutex_init /extra/alexey/worktrees/perf-msize/compiler-rt/lib/tsan/rtl/tsan_interceptors_posix.cpp:1316:3 (memcached+0x65ad3)
    #1 memcached_thread_init /home/alexey/tsan-experiments/nosql/memcached/memcached-tsan-dom_peeling-ea-lo-st-swmr-nomerge/thread.c:1093:9 (memcached+0x10801a)
    #2 main /home/alexey/tsan-experiments/nosql/memcached/memcached-tsan-dom_peeling-ea-lo-st-swmr-nomerge/memcached.c:6138:5 (memcached+0xf2fa3)

  Mutex M2 (0x7ffff53023d8) created at:
    #0 pthread_mutex_init /extra/alexey/worktrees/perf-msize/compiler-rt/lib/tsan/rtl/tsan_interceptors_posix.cpp:1316:3 (memcached+0x65ad3)
    #1 memcached_thread_init /home/alexey/tsan-experiments/nosql/memcached/memcached-tsan-dom_peeling-ea-lo-st-swmr-nomerge/thread.c:1132:9 (memcached+0x108158)
    #2 main /home/alexey/tsan-experiments/nosql/memcached/memcached-tsan-dom_peeling-ea-lo-st-swmr-nomerge/memcached.c:6138:5 (memcached+0xf2fa3)

  Thread T28 'mc-lrumaint' (tid=186770, running) created by main thread at:
    #0 pthread_create /extra/alexey/worktrees/perf-msize/compiler-rt/lib/tsan/rtl/tsan_interceptors_posix.cpp:1023:3 (memcached+0x6419f)
    #1 start_lru_maintainer_thread /home/alexey/tsan-experiments/nosql/memcached/memcached-tsan-dom_peeling-ea-lo-st-swmr-nomerge/items.c:1728:16 (memcached+0x1034f6)
    #2 main /home/alexey/tsan-experiments/nosql/memcached/memcached-tsan-dom_peeling-ea-lo-st-swmr-nomerge/memcached.c:6170:33 (memcached+0xf3008)

  Thread T2 'mc-worker' (tid=186744, running) created by main thread at:
    #0 pthread_create /extra/alexey/worktrees/perf-msize/compiler-rt/lib/tsan/rtl/tsan_interceptors_posix.cpp:1023:3 (memcached+0x6419f)
    #1 create_worker /home/alexey/tsan-experiments/nosql/memcached/memcached-tsan-dom_peeling-ea-lo-st-swmr-nomerge/thread.c:385:16 (memcached+0x10858a)
    #2 memcached_thread_init /home/alexey/tsan-experiments/nosql/memcached/memcached-tsan-dom_peeling-ea-lo-st-swmr-nomerge/thread.c:1155:9 (memcached+0x10858a)
    #3 main /home/alexey/tsan-experiments/nosql/memcached/memcached-tsan-dom_peeling-ea-lo-st-swmr-nomerge/memcached.c:6138:5 (memcached+0xf2fa3)

  Thread T7 'mc-worker' (tid=186749, running) created by main thread at:
    #0 pthread_create /extra/alexey/worktrees/perf-msize/compiler-rt/lib/tsan/rtl/tsan_interceptors_posix.cpp:1023:3 (memcached+0x6419f)
    #1 create_worker /home/alexey/tsan-experiments/nosql/memcached/memcached-tsan-dom_peeling-ea-lo-st-swmr-nomerge/thread.c:385:16 (memcached+0x10860a)
    #2 memcached_thread_init /home/alexey/tsan-experiments/nosql/memcached/memcached-tsan-dom_peeling-ea-lo-st-swmr-nomerge/thread.c:1155:9 (memcached+0x10860a)
    #3 main /home/alexey/tsan-experiments/nosql/memcached/memcached-tsan-dom_peeling-ea-lo-st-swmr-nomerge/memcached.c:6138:5 (memcached+0xf2fa3)

SUMMARY: ThreadSanitizer: data race /home/alexey/tsan-experiments/nosql/memcached/memcached-tsan-dom_peeling-ea-lo-st-swmr-nomerge/items.c:1143:13 in lru_pull_tail
==================
==================
WARNING: ThreadSanitizer: data race (pid=186738)
  Write of size 2 at 0x7fffec7f66ce by thread T28 (mutexes: write M0, write M1, write M2):
    #0 lru_pull_tail /home/alexey/tsan-experiments/nosql/memcached/memcached-tsan-dom_peeling-ea-lo-st-swmr-nomerge/items.c:1191:38 (memcached+0xfecba)
    #1 lru_maintainer_juggle /home/alexey/tsan-experiments/nosql/memcached/memcached-tsan-dom_peeling-ea-lo-st-swmr-nomerge/items.c:1449:13 (memcached+0x103b11)
    #2 lru_maintainer_thread /home/alexey/tsan-experiments/nosql/memcached/memcached-tsan-dom_peeling-ea-lo-st-swmr-nomerge/items.c:1645:29 (memcached+0x103b11)

  Previous read of size 2 at 0x7fffec7f66ce by thread T14:
    #0 process_get_command /home/alexey/tsan-experiments/nosql/memcached/memcached-tsan-dom_peeling-ea-lo-st-swmr-nomerge/proto_text.c:651:26 (memcached+0x118b47)
    #1 process_command_ascii /home/alexey/tsan-experiments/nosql/memcached/memcached-tsan-dom_peeling-ea-lo-st-swmr-nomerge/proto_text.c (memcached+0x114bc0)
    #2 try_read_command_ascii /home/alexey/tsan-experiments/nosql/memcached/memcached-tsan-dom_peeling-ea-lo-st-swmr-nomerge/proto_text.c:494:5 (memcached+0x114398)
    #3 drive_machine /home/alexey/tsan-experiments/nosql/memcached/memcached-tsan-dom_peeling-ea-lo-st-swmr-nomerge/memcached.c:3193:17 (memcached+0xe7704)
    #4 event_handler /home/alexey/tsan-experiments/nosql/memcached/memcached-tsan-dom_peeling-ea-lo-st-swmr-nomerge/memcached.c:3476:5 (memcached+0xeb04f)
    #5 <null> <null> (libevent-2.1.so.7+0x20b3b) (BuildId: 79ee78eebaf1fabcfa2c5160e0b25a68bf3edce9)

  Location is heap block of size 1048576 at 0x7fffec700000 allocated by thread T7:
    #0 malloc /extra/alexey/worktrees/perf-msize/compiler-rt/lib/tsan/rtl/tsan_interceptors_posix.cpp:666:5 (memcached+0x6265f)
    #1 memory_allocate /home/alexey/tsan-experiments/nosql/memcached/memcached-tsan-dom_peeling-ea-lo-st-swmr-nomerge/slabs.c:615:15 (memcached+0xfd985)
    #2 do_slabs_newslab /home/alexey/tsan-experiments/nosql/memcached/memcached-tsan-dom_peeling-ea-lo-st-swmr-nomerge/slabs.c:386:17 (memcached+0xfd985)
    #3 do_slabs_alloc /home/alexey/tsan-experiments/nosql/memcached/memcached-tsan-dom_peeling-ea-lo-st-swmr-nomerge/slabs.c:423:9 (memcached+0xfab52)
    #4 slabs_alloc /home/alexey/tsan-experiments/nosql/memcached/memcached-tsan-dom_peeling-ea-lo-st-swmr-nomerge/slabs.c:661:11 (memcached+0xfab52)
    #5 do_item_alloc_pull /home/alexey/tsan-experiments/nosql/memcached/memcached-tsan-dom_peeling-ea-lo-st-swmr-nomerge/items.c:181:14 (memcached+0xfdfa0)
    #6 do_item_alloc /home/alexey/tsan-experiments/nosql/memcached/memcached-tsan-dom_peeling-ea-lo-st-swmr-nomerge/items.c:298:14 (memcached+0xff5a4)
    #7 item_alloc /home/alexey/tsan-experiments/nosql/memcached/memcached-tsan-dom_peeling-ea-lo-st-swmr-nomerge/thread.c:876:10 (memcached+0x106cf2)
    #8 process_update_command /home/alexey/tsan-experiments/nosql/memcached/memcached-tsan-dom_peeling-ea-lo-st-swmr-nomerge/proto_text.c:2044:10 (memcached+0x1191c1)
    #9 process_command_ascii /home/alexey/tsan-experiments/nosql/memcached/memcached-tsan-dom_peeling-ea-lo-st-swmr-nomerge/proto_text.c (memcached+0x114b67)
    #10 try_read_command_ascii /home/alexey/tsan-experiments/nosql/memcached/memcached-tsan-dom_peeling-ea-lo-st-swmr-nomerge/proto_text.c:494:5 (memcached+0x114398)
    #11 try_read_command_negotiate /home/alexey/tsan-experiments/nosql/memcached/memcached-tsan-dom_peeling-ea-lo-st-swmr-nomerge/memcached.c:2427:12 (memcached+0xeaf97)
    #12 drive_machine /home/alexey/tsan-experiments/nosql/memcached/memcached-tsan-dom_peeling-ea-lo-st-swmr-nomerge/memcached.c:3193:17 (memcached+0xe7704)
    #13 event_handler /home/alexey/tsan-experiments/nosql/memcached/memcached-tsan-dom_peeling-ea-lo-st-swmr-nomerge/memcached.c:3476:5 (memcached+0xeb04f)
    #14 <null> <null> (libevent-2.1.so.7+0x20b3b) (BuildId: 79ee78eebaf1fabcfa2c5160e0b25a68bf3edce9)

  Mutex M0 (0x555556a49cf0) created at:
    #0 pthread_mutex_lock /extra/alexey/worktrees/perf-msize/compiler-rt/lib/tsan/rtl/tsan_interceptors_posix.cpp:1342:3 (memcached+0x65dfe)
    #1 start_lru_maintainer_thread /home/alexey/tsan-experiments/nosql/memcached/memcached-tsan-dom_peeling-ea-lo-st-swmr-nomerge/items.c:1725:5 (memcached+0x1034ac)
    #2 main /home/alexey/tsan-experiments/nosql/memcached/memcached-tsan-dom_peeling-ea-lo-st-swmr-nomerge/memcached.c:6170:33 (memcached+0xf3008)

  Mutex M1 (0x555556a4b0f0) created at:
    #0 pthread_mutex_init /extra/alexey/worktrees/perf-msize/compiler-rt/lib/tsan/rtl/tsan_interceptors_posix.cpp:1316:3 (memcached+0x65ad3)
    #1 memcached_thread_init /home/alexey/tsan-experiments/nosql/memcached/memcached-tsan-dom_peeling-ea-lo-st-swmr-nomerge/thread.c:1093:9 (memcached+0x10801a)
    #2 main /home/alexey/tsan-experiments/nosql/memcached/memcached-tsan-dom_peeling-ea-lo-st-swmr-nomerge/memcached.c:6138:5 (memcached+0xf2fa3)

  Mutex M2 (0x7ffff53023d8) created at:
    #0 pthread_mutex_init /extra/alexey/worktrees/perf-msize/compiler-rt/lib/tsan/rtl/tsan_interceptors_posix.cpp:1316:3 (memcached+0x65ad3)
    #1 memcached_thread_init /home/alexey/tsan-experiments/nosql/memcached/memcached-tsan-dom_peeling-ea-lo-st-swmr-nomerge/thread.c:1132:9 (memcached+0x108158)
    #2 main /home/alexey/tsan-experiments/nosql/memcached/memcached-tsan-dom_peeling-ea-lo-st-swmr-nomerge/memcached.c:6138:5 (memcached+0xf2fa3)

  Thread T28 'mc-lrumaint' (tid=186770, running) created by main thread at:
    #0 pthread_create /extra/alexey/worktrees/perf-msize/compiler-rt/lib/tsan/rtl/tsan_interceptors_posix.cpp:1023:3 (memcached+0x6419f)
    #1 start_lru_maintainer_thread /home/alexey/tsan-experiments/nosql/memcached/memcached-tsan-dom_peeling-ea-lo-st-swmr-nomerge/items.c:1728:16 (memcached+0x1034f6)
    #2 main /home/alexey/tsan-experiments/nosql/memcached/memcached-tsan-dom_peeling-ea-lo-st-swmr-nomerge/memcached.c:6170:33 (memcached+0xf3008)

  Thread T14 'mc-worker' (tid=186756, running) created by main thread at:
    #0 pthread_create /extra/alexey/worktrees/perf-msize/compiler-rt/lib/tsan/rtl/tsan_interceptors_posix.cpp:1023:3 (memcached+0x6419f)
    #1 create_worker /home/alexey/tsan-experiments/nosql/memcached/memcached-tsan-dom_peeling-ea-lo-st-swmr-nomerge/thread.c:385:16 (memcached+0x10860a)
    #2 memcached_thread_init /home/alexey/tsan-experiments/nosql/memcached/memcached-tsan-dom_peeling-ea-lo-st-swmr-nomerge/thread.c:1155:9 (memcached+0x10860a)
    #3 main /home/alexey/tsan-experiments/nosql/memcached/memcached-tsan-dom_peeling-ea-lo-st-swmr-nomerge/memcached.c:6138:5 (memcached+0xf2fa3)

  Thread T7 'mc-worker' (tid=186749, running) created by main thread at:
    #0 pthread_create /extra/alexey/worktrees/perf-msize/compiler-rt/lib/tsan/rtl/tsan_interceptors_posix.cpp:1023:3 (memcached+0x6419f)
    #1 create_worker /home/alexey/tsan-experiments/nosql/memcached/memcached-tsan-dom_peeling-ea-lo-st-swmr-nomerge/thread.c:385:16 (memcached+0x10860a)
    #2 memcached_thread_init /home/alexey/tsan-experiments/nosql/memcached/memcached-tsan-dom_peeling-ea-lo-st-swmr-nomerge/thread.c:1155:9 (memcached+0x10860a)
    #3 main /home/alexey/tsan-experiments/nosql/memcached/memcached-tsan-dom_peeling-ea-lo-st-swmr-nomerge/memcached.c:6138:5 (memcached+0xf2fa3)

SUMMARY: ThreadSanitizer: data race /home/alexey/tsan-experiments/nosql/memcached/memcached-tsan-dom_peeling-ea-lo-st-swmr-nomerge/items.c:1191:38 in lru_pull_tail
==================
==================
WARNING: ThreadSanitizer: data race (pid=186738)
  Write of size 2 at 0x7fffec7f66cc by thread T17 (mutexes: write M0):
    #0 do_item_remove /home/alexey/tsan-experiments/nosql/memcached/memcached-tsan-dom_peeling-ea-lo-st-swmr-nomerge/items.c:549:9 (memcached+0x100290)
    #1 item_remove /home/alexey/tsan-experiments/nosql/memcached/memcached-tsan-dom_peeling-ea-lo-st-swmr-nomerge/thread.c:924:5 (memcached+0x107083)
    #2 resp_finish /home/alexey/tsan-experiments/nosql/memcached/memcached-tsan-dom_peeling-ea-lo-st-swmr-nomerge/memcached.c:1237:9 (memcached+0xeb261)
    #3 _transmit_post /home/alexey/tsan-experiments/nosql/memcached/memcached-tsan-dom_peeling-ea-lo-st-swmr-nomerge/memcached.c (memcached+0xe6f7d)
    #4 transmit /home/alexey/tsan-experiments/nosql/memcached/memcached-tsan-dom_peeling-ea-lo-st-swmr-nomerge/memcached.c:2773:9 (memcached+0xe6f7d)
    #5 drive_machine /home/alexey/tsan-experiments/nosql/memcached/memcached-tsan-dom_peeling-ea-lo-st-swmr-nomerge/memcached.c:3394:45 (memcached+0xe6f7d)
    #6 event_handler /home/alexey/tsan-experiments/nosql/memcached/memcached-tsan-dom_peeling-ea-lo-st-swmr-nomerge/memcached.c:3476:5 (memcached+0xeb04f)
    #7 <null> <null> (libevent-2.1.so.7+0x20b3b) (BuildId: 79ee78eebaf1fabcfa2c5160e0b25a68bf3edce9)

  Previous read of size 2 at 0x7fffec7f66cc by thread T14:
    #0 limited_get /home/alexey/tsan-experiments/nosql/memcached/memcached-tsan-dom_peeling-ea-lo-st-swmr-nomerge/memcached.c:2255:19 (memcached+0xefc66)
    #1 process_get_command /home/alexey/tsan-experiments/nosql/memcached/memcached-tsan-dom_peeling-ea-lo-st-swmr-nomerge/proto_text.c:581:18 (memcached+0x11869c)
    #2 process_command_ascii /home/alexey/tsan-experiments/nosql/memcached/memcached-tsan-dom_peeling-ea-lo-st-swmr-nomerge/proto_text.c (memcached+0x114bc0)
    #3 try_read_command_ascii /home/alexey/tsan-experiments/nosql/memcached/memcached-tsan-dom_peeling-ea-lo-st-swmr-nomerge/proto_text.c:494:5 (memcached+0x114398)
    #4 drive_machine /home/alexey/tsan-experiments/nosql/memcached/memcached-tsan-dom_peeling-ea-lo-st-swmr-nomerge/memcached.c:3193:17 (memcached+0xe7704)
    #5 event_handler /home/alexey/tsan-experiments/nosql/memcached/memcached-tsan-dom_peeling-ea-lo-st-swmr-nomerge/memcached.c:3476:5 (memcached+0xeb04f)
    #6 <null> <null> (libevent-2.1.so.7+0x20b3b) (BuildId: 79ee78eebaf1fabcfa2c5160e0b25a68bf3edce9)

  Location is heap block of size 1048576 at 0x7fffec700000 allocated by thread T7:
    #0 malloc /extra/alexey/worktrees/perf-msize/compiler-rt/lib/tsan/rtl/tsan_interceptors_posix.cpp:666:5 (memcached+0x6265f)
    #1 memory_allocate /home/alexey/tsan-experiments/nosql/memcached/memcached-tsan-dom_peeling-ea-lo-st-swmr-nomerge/slabs.c:615:15 (memcached+0xfd985)
    #2 do_slabs_newslab /home/alexey/tsan-experiments/nosql/memcached/memcached-tsan-dom_peeling-ea-lo-st-swmr-nomerge/slabs.c:386:17 (memcached+0xfd985)
    #3 do_slabs_alloc /home/alexey/tsan-experiments/nosql/memcached/memcached-tsan-dom_peeling-ea-lo-st-swmr-nomerge/slabs.c:423:9 (memcached+0xfab52)
    #4 slabs_alloc /home/alexey/tsan-experiments/nosql/memcached/memcached-tsan-dom_peeling-ea-lo-st-swmr-nomerge/slabs.c:661:11 (memcached+0xfab52)
    #5 do_item_alloc_pull /home/alexey/tsan-experiments/nosql/memcached/memcached-tsan-dom_peeling-ea-lo-st-swmr-nomerge/items.c:181:14 (memcached+0xfdfa0)
    #6 do_item_alloc /home/alexey/tsan-experiments/nosql/memcached/memcached-tsan-dom_peeling-ea-lo-st-swmr-nomerge/items.c:298:14 (memcached+0xff5a4)
    #7 item_alloc /home/alexey/tsan-experiments/nosql/memcached/memcached-tsan-dom_peeling-ea-lo-st-swmr-nomerge/thread.c:876:10 (memcached+0x106cf2)
    #8 process_update_command /home/alexey/tsan-experiments/nosql/memcached/memcached-tsan-dom_peeling-ea-lo-st-swmr-nomerge/proto_text.c:2044:10 (memcached+0x1191c1)
    #9 process_command_ascii /home/alexey/tsan-experiments/nosql/memcached/memcached-tsan-dom_peeling-ea-lo-st-swmr-nomerge/proto_text.c (memcached+0x114b67)
    #10 try_read_command_ascii /home/alexey/tsan-experiments/nosql/memcached/memcached-tsan-dom_peeling-ea-lo-st-swmr-nomerge/proto_text.c:494:5 (memcached+0x114398)
    #11 try_read_command_negotiate /home/alexey/tsan-experiments/nosql/memcached/memcached-tsan-dom_peeling-ea-lo-st-swmr-nomerge/memcached.c:2427:12 (memcached+0xeaf97)
    #12 drive_machine /home/alexey/tsan-experiments/nosql/memcached/memcached-tsan-dom_peeling-ea-lo-st-swmr-nomerge/memcached.c:3193:17 (memcached+0xe7704)
    #13 event_handler /home/alexey/tsan-experiments/nosql/memcached/memcached-tsan-dom_peeling-ea-lo-st-swmr-nomerge/memcached.c:3476:5 (memcached+0xeb04f)
    #14 <null> <null> (libevent-2.1.so.7+0x20b3b) (BuildId: 79ee78eebaf1fabcfa2c5160e0b25a68bf3edce9)

  Mutex M0 (0x7ffff53023d8) created at:
    #0 pthread_mutex_init /extra/alexey/worktrees/perf-msize/compiler-rt/lib/tsan/rtl/tsan_interceptors_posix.cpp:1316:3 (memcached+0x65ad3)
    #1 memcached_thread_init /home/alexey/tsan-experiments/nosql/memcached/memcached-tsan-dom_peeling-ea-lo-st-swmr-nomerge/thread.c:1132:9 (memcached+0x108158)
    #2 main /home/alexey/tsan-experiments/nosql/memcached/memcached-tsan-dom_peeling-ea-lo-st-swmr-nomerge/memcached.c:6138:5 (memcached+0xf2fa3)

  Thread T17 'mc-worker' (tid=186759, running) created by main thread at:
    #0 pthread_create /extra/alexey/worktrees/perf-msize/compiler-rt/lib/tsan/rtl/tsan_interceptors_posix.cpp:1023:3 (memcached+0x6419f)
    #1 create_worker /home/alexey/tsan-experiments/nosql/memcached/memcached-tsan-dom_peeling-ea-lo-st-swmr-nomerge/thread.c:385:16 (memcached+0x10860a)
    #2 memcached_thread_init /home/alexey/tsan-experiments/nosql/memcached/memcached-tsan-dom_peeling-ea-lo-st-swmr-nomerge/thread.c:1155:9 (memcached+0x10860a)
    #3 main /home/alexey/tsan-experiments/nosql/memcached/memcached-tsan-dom_peeling-ea-lo-st-swmr-nomerge/memcached.c:6138:5 (memcached+0xf2fa3)

  Thread T14 'mc-worker' (tid=186756, running) created by main thread at:
    #0 pthread_create /extra/alexey/worktrees/perf-msize/compiler-rt/lib/tsan/rtl/tsan_interceptors_posix.cpp:1023:3 (memcached+0x6419f)
    #1 create_worker /home/alexey/tsan-experiments/nosql/memcached/memcached-tsan-dom_peeling-ea-lo-st-swmr-nomerge/thread.c:385:16 (memcached+0x10860a)
    #2 memcached_thread_init /home/alexey/tsan-experiments/nosql/memcached/memcached-tsan-dom_peeling-ea-lo-st-swmr-nomerge/thread.c:1155:9 (memcached+0x10860a)
    #3 main /home/alexey/tsan-experiments/nosql/memcached/memcached-tsan-dom_peeling-ea-lo-st-swmr-nomerge/memcached.c:6138:5 (memcached+0xf2fa3)

  Thread T7 'mc-worker' (tid=186749, running) created by main thread at:
    #0 pthread_create /extra/alexey/worktrees/perf-msize/compiler-rt/lib/tsan/rtl/tsan_interceptors_posix.cpp:1023:3 (memcached+0x6419f)
    #1 create_worker /home/alexey/tsan-experiments/nosql/memcached/memcached-tsan-dom_peeling-ea-lo-st-swmr-nomerge/thread.c:385:16 (memcached+0x10860a)
    #2 memcached_thread_init /home/alexey/tsan-experiments/nosql/memcached/memcached-tsan-dom_peeling-ea-lo-st-swmr-nomerge/thread.c:1155:9 (memcached+0x10860a)
    #3 main /home/alexey/tsan-experiments/nosql/memcached/memcached-tsan-dom_peeling-ea-lo-st-swmr-nomerge/memcached.c:6138:5 (memcached+0xf2fa3)

SUMMARY: ThreadSanitizer: data race /home/alexey/tsan-experiments/nosql/memcached/memcached-tsan-dom_peeling-ea-lo-st-swmr-nomerge/items.c:549:9 in do_item_remove
==================
==================
WARNING: ThreadSanitizer: data race (pid=186738)
  Write of size 2 at 0x7fffec7f66cc by thread T16 (mutexes: write M0):
    #0 do_item_get /home/alexey/tsan-experiments/nosql/memcached/memcached-tsan-dom_peeling-ea-lo-st-swmr-nomerge/items.c:983:9 (memcached+0x102b90)
    #1 item_get /home/alexey/tsan-experiments/nosql/memcached/memcached-tsan-dom_peeling-ea-lo-st-swmr-nomerge/thread.c:889:10 (memcached+0x106dae)
    #2 limited_get /home/alexey/tsan-experiments/nosql/memcached/memcached-tsan-dom_peeling-ea-lo-st-swmr-nomerge/memcached.c:2253:14 (memcached+0xefc50)
    #3 process_get_command /home/alexey/tsan-experiments/nosql/memcached/memcached-tsan-dom_peeling-ea-lo-st-swmr-nomerge/proto_text.c:581:18 (memcached+0x11869c)
    #4 process_command_ascii /home/alexey/tsan-experiments/nosql/memcached/memcached-tsan-dom_peeling-ea-lo-st-swmr-nomerge/proto_text.c (memcached+0x114bc0)
    #5 try_read_command_ascii /home/alexey/tsan-experiments/nosql/memcached/memcached-tsan-dom_peeling-ea-lo-st-swmr-nomerge/proto_text.c:494:5 (memcached+0x114398)
    #6 drive_machine /home/alexey/tsan-experiments/nosql/memcached/memcached-tsan-dom_peeling-ea-lo-st-swmr-nomerge/memcached.c:3193:17 (memcached+0xe7704)
    #7 event_handler /home/alexey/tsan-experiments/nosql/memcached/memcached-tsan-dom_peeling-ea-lo-st-swmr-nomerge/memcached.c:3476:5 (memcached+0xeb04f)
    #8 <null> <null> (libevent-2.1.so.7+0x20b3b) (BuildId: 79ee78eebaf1fabcfa2c5160e0b25a68bf3edce9)

  Previous read of size 2 at 0x7fffec7f66cc by thread T7:
    #0 limited_get /home/alexey/tsan-experiments/nosql/memcached/memcached-tsan-dom_peeling-ea-lo-st-swmr-nomerge/memcached.c:2255:19 (memcached+0xefc66)
    #1 process_get_command /home/alexey/tsan-experiments/nosql/memcached/memcached-tsan-dom_peeling-ea-lo-st-swmr-nomerge/proto_text.c:581:18 (memcached+0x11869c)
    #2 process_command_ascii /home/alexey/tsan-experiments/nosql/memcached/memcached-tsan-dom_peeling-ea-lo-st-swmr-nomerge/proto_text.c (memcached+0x114bc0)
    #3 try_read_command_ascii /home/alexey/tsan-experiments/nosql/memcached/memcached-tsan-dom_peeling-ea-lo-st-swmr-nomerge/proto_text.c:494:5 (memcached+0x114398)
    #4 drive_machine /home/alexey/tsan-experiments/nosql/memcached/memcached-tsan-dom_peeling-ea-lo-st-swmr-nomerge/memcached.c:3193:17 (memcached+0xe7704)
    #5 event_handler /home/alexey/tsan-experiments/nosql/memcached/memcached-tsan-dom_peeling-ea-lo-st-swmr-nomerge/memcached.c:3476:5 (memcached+0xeb04f)
    #6 <null> <null> (libevent-2.1.so.7+0x20b3b) (BuildId: 79ee78eebaf1fabcfa2c5160e0b25a68bf3edce9)

  Location is heap block of size 1048576 at 0x7fffec700000 allocated by thread T7:
    #0 malloc /extra/alexey/worktrees/perf-msize/compiler-rt/lib/tsan/rtl/tsan_interceptors_posix.cpp:666:5 (memcached+0x6265f)
    #1 memory_allocate /home/alexey/tsan-experiments/nosql/memcached/memcached-tsan-dom_peeling-ea-lo-st-swmr-nomerge/slabs.c:615:15 (memcached+0xfd985)
    #2 do_slabs_newslab /home/alexey/tsan-experiments/nosql/memcached/memcached-tsan-dom_peeling-ea-lo-st-swmr-nomerge/slabs.c:386:17 (memcached+0xfd985)
    #3 do_slabs_alloc /home/alexey/tsan-experiments/nosql/memcached/memcached-tsan-dom_peeling-ea-lo-st-swmr-nomerge/slabs.c:423:9 (memcached+0xfab52)
    #4 slabs_alloc /home/alexey/tsan-experiments/nosql/memcached/memcached-tsan-dom_peeling-ea-lo-st-swmr-nomerge/slabs.c:661:11 (memcached+0xfab52)
    #5 do_item_alloc_pull /home/alexey/tsan-experiments/nosql/memcached/memcached-tsan-dom_peeling-ea-lo-st-swmr-nomerge/items.c:181:14 (memcached+0xfdfa0)
    #6 do_item_alloc /home/alexey/tsan-experiments/nosql/memcached/memcached-tsan-dom_peeling-ea-lo-st-swmr-nomerge/items.c:298:14 (memcached+0xff5a4)
    #7 item_alloc /home/alexey/tsan-experiments/nosql/memcached/memcached-tsan-dom_peeling-ea-lo-st-swmr-nomerge/thread.c:876:10 (memcached+0x106cf2)
    #8 process_update_command /home/alexey/tsan-experiments/nosql/memcached/memcached-tsan-dom_peeling-ea-lo-st-swmr-nomerge/proto_text.c:2044:10 (memcached+0x1191c1)
    #9 process_command_ascii /home/alexey/tsan-experiments/nosql/memcached/memcached-tsan-dom_peeling-ea-lo-st-swmr-nomerge/proto_text.c (memcached+0x114b67)
    #10 try_read_command_ascii /home/alexey/tsan-experiments/nosql/memcached/memcached-tsan-dom_peeling-ea-lo-st-swmr-nomerge/proto_text.c:494:5 (memcached+0x114398)
    #11 try_read_command_negotiate /home/alexey/tsan-experiments/nosql/memcached/memcached-tsan-dom_peeling-ea-lo-st-swmr-nomerge/memcached.c:2427:12 (memcached+0xeaf97)
    #12 drive_machine /home/alexey/tsan-experiments/nosql/memcached/memcached-tsan-dom_peeling-ea-lo-st-swmr-nomerge/memcached.c:3193:17 (memcached+0xe7704)
    #13 event_handler /home/alexey/tsan-experiments/nosql/memcached/memcached-tsan-dom_peeling-ea-lo-st-swmr-nomerge/memcached.c:3476:5 (memcached+0xeb04f)
    #14 <null> <null> (libevent-2.1.so.7+0x20b3b) (BuildId: 79ee78eebaf1fabcfa2c5160e0b25a68bf3edce9)

  Mutex M0 (0x7ffff53023d8) created at:
    #0 pthread_mutex_init /extra/alexey/worktrees/perf-msize/compiler-rt/lib/tsan/rtl/tsan_interceptors_posix.cpp:1316:3 (memcached+0x65ad3)
    #1 memcached_thread_init /home/alexey/tsan-experiments/nosql/memcached/memcached-tsan-dom_peeling-ea-lo-st-swmr-nomerge/thread.c:1132:9 (memcached+0x108158)
    #2 main /home/alexey/tsan-experiments/nosql/memcached/memcached-tsan-dom_peeling-ea-lo-st-swmr-nomerge/memcached.c:6138:5 (memcached+0xf2fa3)

  Thread T16 'mc-worker' (tid=186758, running) created by main thread at:
    #0 pthread_create /extra/alexey/worktrees/perf-msize/compiler-rt/lib/tsan/rtl/tsan_interceptors_posix.cpp:1023:3 (memcached+0x6419f)
    #1 create_worker /home/alexey/tsan-experiments/nosql/memcached/memcached-tsan-dom_peeling-ea-lo-st-swmr-nomerge/thread.c:385:16 (memcached+0x10860a)
    #2 memcached_thread_init /home/alexey/tsan-experiments/nosql/memcached/memcached-tsan-dom_peeling-ea-lo-st-swmr-nomerge/thread.c:1155:9 (memcached+0x10860a)
    #3 main /home/alexey/tsan-experiments/nosql/memcached/memcached-tsan-dom_peeling-ea-lo-st-swmr-nomerge/memcached.c:6138:5 (memcached+0xf2fa3)

  Thread T7 'mc-worker' (tid=186749, running) created by main thread at:
    #0 pthread_create /extra/alexey/worktrees/perf-msize/compiler-rt/lib/tsan/rtl/tsan_interceptors_posix.cpp:1023:3 (memcached+0x6419f)
    #1 create_worker /home/alexey/tsan-experiments/nosql/memcached/memcached-tsan-dom_peeling-ea-lo-st-swmr-nomerge/thread.c:385:16 (memcached+0x10860a)
    #2 memcached_thread_init /home/alexey/tsan-experiments/nosql/memcached/memcached-tsan-dom_peeling-ea-lo-st-swmr-nomerge/thread.c:1155:9 (memcached+0x10860a)
    #3 main /home/alexey/tsan-experiments/nosql/memcached/memcached-tsan-dom_peeling-ea-lo-st-swmr-nomerge/memcached.c:6138:5 (memcached+0xf2fa3)

SUMMARY: ThreadSanitizer: data race /home/alexey/tsan-experiments/nosql/memcached/memcached-tsan-dom_peeling-ea-lo-st-swmr-nomerge/items.c:983:9 in do_item_get
==================
==================
WARNING: ThreadSanitizer: data race (pid=186738)
  Read of size 2 at 0x7fffec7f66ce by thread T28 (mutexes: write M0, write M1):
    #0 lru_pull_tail /home/alexey/tsan-experiments/nosql/memcached/memcached-tsan-dom_peeling-ea-lo-st-swmr-nomerge/items.c:1137:28 (memcached+0xfe2df)
    #1 lru_maintainer_juggle /home/alexey/tsan-experiments/nosql/memcached/memcached-tsan-dom_peeling-ea-lo-st-swmr-nomerge/items.c:1449:13 (memcached+0x103b11)
    #2 lru_maintainer_thread /home/alexey/tsan-experiments/nosql/memcached/memcached-tsan-dom_peeling-ea-lo-st-swmr-nomerge/items.c:1645:29 (memcached+0x103b11)

  Previous write of size 2 at 0x7fffec7f66ce by thread T25 (mutexes: write M2):
    #0 do_item_bump /home/alexey/tsan-experiments/nosql/memcached/memcached-tsan-dom_peeling-ea-lo-st-swmr-nomerge/items.c:1077:30 (memcached+0x103158)
    #1 do_item_get /home/alexey/tsan-experiments/nosql/memcached/memcached-tsan-dom_peeling-ea-lo-st-swmr-nomerge/items.c:1047:17 (memcached+0x102cc9)
    #2 item_get /home/alexey/tsan-experiments/nosql/memcached/memcached-tsan-dom_peeling-ea-lo-st-swmr-nomerge/thread.c:889:10 (memcached+0x106dae)
    #3 limited_get /home/alexey/tsan-experiments/nosql/memcached/memcached-tsan-dom_peeling-ea-lo-st-swmr-nomerge/memcached.c:2253:14 (memcached+0xefc50)
    #4 process_get_command /home/alexey/tsan-experiments/nosql/memcached/memcached-tsan-dom_peeling-ea-lo-st-swmr-nomerge/proto_text.c:581:18 (memcached+0x11869c)
    #5 process_command_ascii /home/alexey/tsan-experiments/nosql/memcached/memcached-tsan-dom_peeling-ea-lo-st-swmr-nomerge/proto_text.c (memcached+0x114bc0)
    #6 try_read_command_ascii /home/alexey/tsan-experiments/nosql/memcached/memcached-tsan-dom_peeling-ea-lo-st-swmr-nomerge/proto_text.c:494:5 (memcached+0x114398)
    #7 drive_machine /home/alexey/tsan-experiments/nosql/memcached/memcached-tsan-dom_peeling-ea-lo-st-swmr-nomerge/memcached.c:3193:17 (memcached+0xe7704)
    #8 event_handler /home/alexey/tsan-experiments/nosql/memcached/memcached-tsan-dom_peeling-ea-lo-st-swmr-nomerge/memcached.c:3476:5 (memcached+0xeb04f)
    #9 <null> <null> (libevent-2.1.so.7+0x20b3b) (BuildId: 79ee78eebaf1fabcfa2c5160e0b25a68bf3edce9)

  Location is heap block of size 1048576 at 0x7fffec700000 allocated by thread T7:
    #0 malloc /extra/alexey/worktrees/perf-msize/compiler-rt/lib/tsan/rtl/tsan_interceptors_posix.cpp:666:5 (memcached+0x6265f)
    #1 memory_allocate /home/alexey/tsan-experiments/nosql/memcached/memcached-tsan-dom_peeling-ea-lo-st-swmr-nomerge/slabs.c:615:15 (memcached+0xfd985)
    #2 do_slabs_newslab /home/alexey/tsan-experiments/nosql/memcached/memcached-tsan-dom_peeling-ea-lo-st-swmr-nomerge/slabs.c:386:17 (memcached+0xfd985)
    #3 do_slabs_alloc /home/alexey/tsan-experiments/nosql/memcached/memcached-tsan-dom_peeling-ea-lo-st-swmr-nomerge/slabs.c:423:9 (memcached+0xfab52)
    #4 slabs_alloc /home/alexey/tsan-experiments/nosql/memcached/memcached-tsan-dom_peeling-ea-lo-st-swmr-nomerge/slabs.c:661:11 (memcached+0xfab52)
    #5 do_item_alloc_pull /home/alexey/tsan-experiments/nosql/memcached/memcached-tsan-dom_peeling-ea-lo-st-swmr-nomerge/items.c:181:14 (memcached+0xfdfa0)
    #6 do_item_alloc /home/alexey/tsan-experiments/nosql/memcached/memcached-tsan-dom_peeling-ea-lo-st-swmr-nomerge/items.c:298:14 (memcached+0xff5a4)
    #7 item_alloc /home/alexey/tsan-experiments/nosql/memcached/memcached-tsan-dom_peeling-ea-lo-st-swmr-nomerge/thread.c:876:10 (memcached+0x106cf2)
    #8 process_update_command /home/alexey/tsan-experiments/nosql/memcached/memcached-tsan-dom_peeling-ea-lo-st-swmr-nomerge/proto_text.c:2044:10 (memcached+0x1191c1)
    #9 process_command_ascii /home/alexey/tsan-experiments/nosql/memcached/memcached-tsan-dom_peeling-ea-lo-st-swmr-nomerge/proto_text.c (memcached+0x114b67)
    #10 try_read_command_ascii /home/alexey/tsan-experiments/nosql/memcached/memcached-tsan-dom_peeling-ea-lo-st-swmr-nomerge/proto_text.c:494:5 (memcached+0x114398)
    #11 try_read_command_negotiate /home/alexey/tsan-experiments/nosql/memcached/memcached-tsan-dom_peeling-ea-lo-st-swmr-nomerge/memcached.c:2427:12 (memcached+0xeaf97)
    #12 drive_machine /home/alexey/tsan-experiments/nosql/memcached/memcached-tsan-dom_peeling-ea-lo-st-swmr-nomerge/memcached.c:3193:17 (memcached+0xe7704)
    #13 event_handler /home/alexey/tsan-experiments/nosql/memcached/memcached-tsan-dom_peeling-ea-lo-st-swmr-nomerge/memcached.c:3476:5 (memcached+0xeb04f)
    #14 <null> <null> (libevent-2.1.so.7+0x20b3b) (BuildId: 79ee78eebaf1fabcfa2c5160e0b25a68bf3edce9)

  Mutex M0 (0x555556a49cf0) created at:
    #0 pthread_mutex_lock /extra/alexey/worktrees/perf-msize/compiler-rt/lib/tsan/rtl/tsan_interceptors_posix.cpp:1342:3 (memcached+0x65dfe)
    #1 start_lru_maintainer_thread /home/alexey/tsan-experiments/nosql/memcached/memcached-tsan-dom_peeling-ea-lo-st-swmr-nomerge/items.c:1725:5 (memcached+0x1034ac)
    #2 main /home/alexey/tsan-experiments/nosql/memcached/memcached-tsan-dom_peeling-ea-lo-st-swmr-nomerge/memcached.c:6170:33 (memcached+0xf3008)

  Mutex M1 (0x555556a4b0f0) created at:
    #0 pthread_mutex_init /extra/alexey/worktrees/perf-msize/compiler-rt/lib/tsan/rtl/tsan_interceptors_posix.cpp:1316:3 (memcached+0x65ad3)
    #1 memcached_thread_init /home/alexey/tsan-experiments/nosql/memcached/memcached-tsan-dom_peeling-ea-lo-st-swmr-nomerge/thread.c:1093:9 (memcached+0x10801a)
    #2 main /home/alexey/tsan-experiments/nosql/memcached/memcached-tsan-dom_peeling-ea-lo-st-swmr-nomerge/memcached.c:6138:5 (memcached+0xf2fa3)

  Mutex M2 (0x7ffff53023d8) created at:
    #0 pthread_mutex_init /extra/alexey/worktrees/perf-msize/compiler-rt/lib/tsan/rtl/tsan_interceptors_posix.cpp:1316:3 (memcached+0x65ad3)
    #1 memcached_thread_init /home/alexey/tsan-experiments/nosql/memcached/memcached-tsan-dom_peeling-ea-lo-st-swmr-nomerge/thread.c:1132:9 (memcached+0x108158)
    #2 main /home/alexey/tsan-experiments/nosql/memcached/memcached-tsan-dom_peeling-ea-lo-st-swmr-nomerge/memcached.c:6138:5 (memcached+0xf2fa3)

  Thread T28 'mc-lrumaint' (tid=186770, running) created by main thread at:
    #0 pthread_create /extra/alexey/worktrees/perf-msize/compiler-rt/lib/tsan/rtl/tsan_interceptors_posix.cpp:1023:3 (memcached+0x6419f)
    #1 start_lru_maintainer_thread /home/alexey/tsan-experiments/nosql/memcached/memcached-tsan-dom_peeling-ea-lo-st-swmr-nomerge/items.c:1728:16 (memcached+0x1034f6)
    #2 main /home/alexey/tsan-experiments/nosql/memcached/memcached-tsan-dom_peeling-ea-lo-st-swmr-nomerge/memcached.c:6170:33 (memcached+0xf3008)

  Thread T25 'mc-worker' (tid=186767, running) created by main thread at:
    #0 pthread_create /extra/alexey/worktrees/perf-msize/compiler-rt/lib/tsan/rtl/tsan_interceptors_posix.cpp:1023:3 (memcached+0x6419f)
    #1 create_worker /home/alexey/tsan-experiments/nosql/memcached/memcached-tsan-dom_peeling-ea-lo-st-swmr-nomerge/thread.c:385:16 (memcached+0x10860a)
    #2 memcached_thread_init /home/alexey/tsan-experiments/nosql/memcached/memcached-tsan-dom_peeling-ea-lo-st-swmr-nomerge/thread.c:1155:9 (memcached+0x10860a)
    #3 main /home/alexey/tsan-experiments/nosql/memcached/memcached-tsan-dom_peeling-ea-lo-st-swmr-nomerge/memcached.c:6138:5 (memcached+0xf2fa3)

  Thread T7 'mc-worker' (tid=186749, running) created by main thread at:
    #0 pthread_create /extra/alexey/worktrees/perf-msize/compiler-rt/lib/tsan/rtl/tsan_interceptors_posix.cpp:1023:3 (memcached+0x6419f)
    #1 create_worker /home/alexey/tsan-experiments/nosql/memcached/memcached-tsan-dom_peeling-ea-lo-st-swmr-nomerge/thread.c:385:16 (memcached+0x10860a)
    #2 memcached_thread_init /home/alexey/tsan-experiments/nosql/memcached/memcached-tsan-dom_peeling-ea-lo-st-swmr-nomerge/thread.c:1155:9 (memcached+0x10860a)
    #3 main /home/alexey/tsan-experiments/nosql/memcached/memcached-tsan-dom_peeling-ea-lo-st-swmr-nomerge/memcached.c:6138:5 (memcached+0xf2fa3)

SUMMARY: ThreadSanitizer: data race /home/alexey/tsan-experiments/nosql/memcached/memcached-tsan-dom_peeling-ea-lo-st-swmr-nomerge/items.c:1137:28 in lru_pull_tail
==================
==================
WARNING: ThreadSanitizer: data race (pid=186738)
  Write of size 2 at 0x7fffec7f66ce by thread T28 (mutexes: write M0, write M1, write M2):
    #0 lru_pull_tail /home/alexey/tsan-experiments/nosql/memcached/memcached-tsan-dom_peeling-ea-lo-st-swmr-nomerge/items.c:1191:38 (memcached+0xfecba)
    #1 lru_maintainer_juggle /home/alexey/tsan-experiments/nosql/memcached/memcached-tsan-dom_peeling-ea-lo-st-swmr-nomerge/items.c:1449:13 (memcached+0x103bba)
    #2 lru_maintainer_thread /home/alexey/tsan-experiments/nosql/memcached/memcached-tsan-dom_peeling-ea-lo-st-swmr-nomerge/items.c:1645:29 (memcached+0x103bba)

  Previous read of size 2 at 0x7fffec7f66ce by thread T13:
    #0 process_get_command /home/alexey/tsan-experiments/nosql/memcached/memcached-tsan-dom_peeling-ea-lo-st-swmr-nomerge/proto_text.c:651:26 (memcached+0x118b47)
    #1 process_command_ascii /home/alexey/tsan-experiments/nosql/memcached/memcached-tsan-dom_peeling-ea-lo-st-swmr-nomerge/proto_text.c (memcached+0x114bc0)
    #2 try_read_command_ascii /home/alexey/tsan-experiments/nosql/memcached/memcached-tsan-dom_peeling-ea-lo-st-swmr-nomerge/proto_text.c:494:5 (memcached+0x114398)
    #3 drive_machine /home/alexey/tsan-experiments/nosql/memcached/memcached-tsan-dom_peeling-ea-lo-st-swmr-nomerge/memcached.c:3193:17 (memcached+0xe7704)
    #4 event_handler /home/alexey/tsan-experiments/nosql/memcached/memcached-tsan-dom_peeling-ea-lo-st-swmr-nomerge/memcached.c:3476:5 (memcached+0xeb04f)
    #5 <null> <null> (libevent-2.1.so.7+0x20b3b) (BuildId: 79ee78eebaf1fabcfa2c5160e0b25a68bf3edce9)

  Location is heap block of size 1048576 at 0x7fffec700000 allocated by thread T7:
    #0 malloc /extra/alexey/worktrees/perf-msize/compiler-rt/lib/tsan/rtl/tsan_interceptors_posix.cpp:666:5 (memcached+0x6265f)
    #1 memory_allocate /home/alexey/tsan-experiments/nosql/memcached/memcached-tsan-dom_peeling-ea-lo-st-swmr-nomerge/slabs.c:615:15 (memcached+0xfd985)
    #2 do_slabs_newslab /home/alexey/tsan-experiments/nosql/memcached/memcached-tsan-dom_peeling-ea-lo-st-swmr-nomerge/slabs.c:386:17 (memcached+0xfd985)
    #3 do_slabs_alloc /home/alexey/tsan-experiments/nosql/memcached/memcached-tsan-dom_peeling-ea-lo-st-swmr-nomerge/slabs.c:423:9 (memcached+0xfab52)
    #4 slabs_alloc /home/alexey/tsan-experiments/nosql/memcached/memcached-tsan-dom_peeling-ea-lo-st-swmr-nomerge/slabs.c:661:11 (memcached+0xfab52)
    #5 do_item_alloc_pull /home/alexey/tsan-experiments/nosql/memcached/memcached-tsan-dom_peeling-ea-lo-st-swmr-nomerge/items.c:181:14 (memcached+0xfdfa0)
    #6 do_item_alloc /home/alexey/tsan-experiments/nosql/memcached/memcached-tsan-dom_peeling-ea-lo-st-swmr-nomerge/items.c:298:14 (memcached+0xff5a4)
    #7 item_alloc /home/alexey/tsan-experiments/nosql/memcached/memcached-tsan-dom_peeling-ea-lo-st-swmr-nomerge/thread.c:876:10 (memcached+0x106cf2)
    #8 process_update_command /home/alexey/tsan-experiments/nosql/memcached/memcached-tsan-dom_peeling-ea-lo-st-swmr-nomerge/proto_text.c:2044:10 (memcached+0x1191c1)
    #9 process_command_ascii /home/alexey/tsan-experiments/nosql/memcached/memcached-tsan-dom_peeling-ea-lo-st-swmr-nomerge/proto_text.c (memcached+0x114b67)
    #10 try_read_command_ascii /home/alexey/tsan-experiments/nosql/memcached/memcached-tsan-dom_peeling-ea-lo-st-swmr-nomerge/proto_text.c:494:5 (memcached+0x114398)
    #11 try_read_command_negotiate /home/alexey/tsan-experiments/nosql/memcached/memcached-tsan-dom_peeling-ea-lo-st-swmr-nomerge/memcached.c:2427:12 (memcached+0xeaf97)
    #12 drive_machine /home/alexey/tsan-experiments/nosql/memcached/memcached-tsan-dom_peeling-ea-lo-st-swmr-nomerge/memcached.c:3193:17 (memcached+0xe7704)
    #13 event_handler /home/alexey/tsan-experiments/nosql/memcached/memcached-tsan-dom_peeling-ea-lo-st-swmr-nomerge/memcached.c:3476:5 (memcached+0xeb04f)
    #14 <null> <null> (libevent-2.1.so.7+0x20b3b) (BuildId: 79ee78eebaf1fabcfa2c5160e0b25a68bf3edce9)

  Mutex M0 (0x555556a49cf0) created at:
    #0 pthread_mutex_lock /extra/alexey/worktrees/perf-msize/compiler-rt/lib/tsan/rtl/tsan_interceptors_posix.cpp:1342:3 (memcached+0x65dfe)
    #1 start_lru_maintainer_thread /home/alexey/tsan-experiments/nosql/memcached/memcached-tsan-dom_peeling-ea-lo-st-swmr-nomerge/items.c:1725:5 (memcached+0x1034ac)
    #2 main /home/alexey/tsan-experiments/nosql/memcached/memcached-tsan-dom_peeling-ea-lo-st-swmr-nomerge/memcached.c:6170:33 (memcached+0xf3008)

  Mutex M1 (0x555556a4b0f0) created at:
    #0 pthread_mutex_init /extra/alexey/worktrees/perf-msize/compiler-rt/lib/tsan/rtl/tsan_interceptors_posix.cpp:1316:3 (memcached+0x65ad3)
    #1 memcached_thread_init /home/alexey/tsan-experiments/nosql/memcached/memcached-tsan-dom_peeling-ea-lo-st-swmr-nomerge/thread.c:1093:9 (memcached+0x10801a)
    #2 main /home/alexey/tsan-experiments/nosql/memcached/memcached-tsan-dom_peeling-ea-lo-st-swmr-nomerge/memcached.c:6138:5 (memcached+0xf2fa3)

  Mutex M2 (0x7ffff53023d8) created at:
    #0 pthread_mutex_init /extra/alexey/worktrees/perf-msize/compiler-rt/lib/tsan/rtl/tsan_interceptors_posix.cpp:1316:3 (memcached+0x65ad3)
    #1 memcached_thread_init /home/alexey/tsan-experiments/nosql/memcached/memcached-tsan-dom_peeling-ea-lo-st-swmr-nomerge/thread.c:1132:9 (memcached+0x108158)
    #2 main /home/alexey/tsan-experiments/nosql/memcached/memcached-tsan-dom_peeling-ea-lo-st-swmr-nomerge/memcached.c:6138:5 (memcached+0xf2fa3)

  Thread T28 'mc-lrumaint' (tid=186770, running) created by main thread at:
    #0 pthread_create /extra/alexey/worktrees/perf-msize/compiler-rt/lib/tsan/rtl/tsan_interceptors_posix.cpp:1023:3 (memcached+0x6419f)
    #1 start_lru_maintainer_thread /home/alexey/tsan-experiments/nosql/memcached/memcached-tsan-dom_peeling-ea-lo-st-swmr-nomerge/items.c:1728:16 (memcached+0x1034f6)
    #2 main /home/alexey/tsan-experiments/nosql/memcached/memcached-tsan-dom_peeling-ea-lo-st-swmr-nomerge/memcached.c:6170:33 (memcached+0xf3008)

  Thread T13 'mc-worker' (tid=186755, running) created by main thread at:
    #0 pthread_create /extra/alexey/worktrees/perf-msize/compiler-rt/lib/tsan/rtl/tsan_interceptors_posix.cpp:1023:3 (memcached+0x6419f)
    #1 create_worker /home/alexey/tsan-experiments/nosql/memcached/memcached-tsan-dom_peeling-ea-lo-st-swmr-nomerge/thread.c:385:16 (memcached+0x10860a)
    #2 memcached_thread_init /home/alexey/tsan-experiments/nosql/memcached/memcached-tsan-dom_peeling-ea-lo-st-swmr-nomerge/thread.c:1155:9 (memcached+0x10860a)
    #3 main /home/alexey/tsan-experiments/nosql/memcached/memcached-tsan-dom_peeling-ea-lo-st-swmr-nomerge/memcached.c:6138:5 (memcached+0xf2fa3)

  Thread T7 'mc-worker' (tid=186749, running) created by main thread at:
    #0 pthread_create /extra/alexey/worktrees/perf-msize/compiler-rt/lib/tsan/rtl/tsan_interceptors_posix.cpp:1023:3 (memcached+0x6419f)
    #1 create_worker /home/alexey/tsan-experiments/nosql/memcached/memcached-tsan-dom_peeling-ea-lo-st-swmr-nomerge/thread.c:385:16 (memcached+0x10860a)
    #2 memcached_thread_init /home/alexey/tsan-experiments/nosql/memcached/memcached-tsan-dom_peeling-ea-lo-st-swmr-nomerge/thread.c:1155:9 (memcached+0x10860a)
    #3 main /home/alexey/tsan-experiments/nosql/memcached/memcached-tsan-dom_peeling-ea-lo-st-swmr-nomerge/memcached.c:6138:5 (memcached+0xf2fa3)

SUMMARY: ThreadSanitizer: data race /home/alexey/tsan-experiments/nosql/memcached/memcached-tsan-dom_peeling-ea-lo-st-swmr-nomerge/items.c:1191:38 in lru_pull_tail
==================
==================
WARNING: ThreadSanitizer: data race (pid=186738)
  Write of size 2 at 0x7fffec7f66cc by thread T28 (mutexes: write M0, write M1, write M2):
    #0 lru_pull_tail /home/alexey/tsan-experiments/nosql/memcached/memcached-tsan-dom_peeling-ea-lo-st-swmr-nomerge/items.c:1143:13 (memcached+0xfe32c)
    #1 lru_maintainer_juggle /home/alexey/tsan-experiments/nosql/memcached/memcached-tsan-dom_peeling-ea-lo-st-swmr-nomerge/items.c:1449:13 (memcached+0x103bba)
    #2 lru_maintainer_thread /home/alexey/tsan-experiments/nosql/memcached/memcached-tsan-dom_peeling-ea-lo-st-swmr-nomerge/items.c:1645:29 (memcached+0x103bba)

  Previous read of size 2 at 0x7fffec7f66cc by thread T9:
    #0 limited_get /home/alexey/tsan-experiments/nosql/memcached/memcached-tsan-dom_peeling-ea-lo-st-swmr-nomerge/memcached.c:2255:19 (memcached+0xefc66)
    #1 process_get_command /home/alexey/tsan-experiments/nosql/memcached/memcached-tsan-dom_peeling-ea-lo-st-swmr-nomerge/proto_text.c:581:18 (memcached+0x11869c)
    #2 process_command_ascii /home/alexey/tsan-experiments/nosql/memcached/memcached-tsan-dom_peeling-ea-lo-st-swmr-nomerge/proto_text.c (memcached+0x114bc0)
    #3 try_read_command_ascii /home/alexey/tsan-experiments/nosql/memcached/memcached-tsan-dom_peeling-ea-lo-st-swmr-nomerge/proto_text.c:494:5 (memcached+0x114398)
    #4 drive_machine /home/alexey/tsan-experiments/nosql/memcached/memcached-tsan-dom_peeling-ea-lo-st-swmr-nomerge/memcached.c:3193:17 (memcached+0xe7704)
    #5 event_handler /home/alexey/tsan-experiments/nosql/memcached/memcached-tsan-dom_peeling-ea-lo-st-swmr-nomerge/memcached.c:3476:5 (memcached+0xeb04f)
    #6 <null> <null> (libevent-2.1.so.7+0x20b3b) (BuildId: 79ee78eebaf1fabcfa2c5160e0b25a68bf3edce9)

  Location is heap block of size 1048576 at 0x7fffec700000 allocated by thread T7:
    #0 malloc /extra/alexey/worktrees/perf-msize/compiler-rt/lib/tsan/rtl/tsan_interceptors_posix.cpp:666:5 (memcached+0x6265f)
    #1 memory_allocate /home/alexey/tsan-experiments/nosql/memcached/memcached-tsan-dom_peeling-ea-lo-st-swmr-nomerge/slabs.c:615:15 (memcached+0xfd985)
    #2 do_slabs_newslab /home/alexey/tsan-experiments/nosql/memcached/memcached-tsan-dom_peeling-ea-lo-st-swmr-nomerge/slabs.c:386:17 (memcached+0xfd985)
    #3 do_slabs_alloc /home/alexey/tsan-experiments/nosql/memcached/memcached-tsan-dom_peeling-ea-lo-st-swmr-nomerge/slabs.c:423:9 (memcached+0xfab52)
    #4 slabs_alloc /home/alexey/tsan-experiments/nosql/memcached/memcached-tsan-dom_peeling-ea-lo-st-swmr-nomerge/slabs.c:661:11 (memcached+0xfab52)
    #5 do_item_alloc_pull /home/alexey/tsan-experiments/nosql/memcached/memcached-tsan-dom_peeling-ea-lo-st-swmr-nomerge/items.c:181:14 (memcached+0xfdfa0)
    #6 do_item_alloc /home/alexey/tsan-experiments/nosql/memcached/memcached-tsan-dom_peeling-ea-lo-st-swmr-nomerge/items.c:298:14 (memcached+0xff5a4)
    #7 item_alloc /home/alexey/tsan-experiments/nosql/memcached/memcached-tsan-dom_peeling-ea-lo-st-swmr-nomerge/thread.c:876:10 (memcached+0x106cf2)
    #8 process_update_command /home/alexey/tsan-experiments/nosql/memcached/memcached-tsan-dom_peeling-ea-lo-st-swmr-nomerge/proto_text.c:2044:10 (memcached+0x1191c1)
    #9 process_command_ascii /home/alexey/tsan-experiments/nosql/memcached/memcached-tsan-dom_peeling-ea-lo-st-swmr-nomerge/proto_text.c (memcached+0x114b67)
    #10 try_read_command_ascii /home/alexey/tsan-experiments/nosql/memcached/memcached-tsan-dom_peeling-ea-lo-st-swmr-nomerge/proto_text.c:494:5 (memcached+0x114398)
    #11 try_read_command_negotiate /home/alexey/tsan-experiments/nosql/memcached/memcached-tsan-dom_peeling-ea-lo-st-swmr-nomerge/memcached.c:2427:12 (memcached+0xeaf97)
    #12 drive_machine /home/alexey/tsan-experiments/nosql/memcached/memcached-tsan-dom_peeling-ea-lo-st-swmr-nomerge/memcached.c:3193:17 (memcached+0xe7704)
    #13 event_handler /home/alexey/tsan-experiments/nosql/memcached/memcached-tsan-dom_peeling-ea-lo-st-swmr-nomerge/memcached.c:3476:5 (memcached+0xeb04f)
    #14 <null> <null> (libevent-2.1.so.7+0x20b3b) (BuildId: 79ee78eebaf1fabcfa2c5160e0b25a68bf3edce9)

  Mutex M0 (0x555556a49cf0) created at:
    #0 pthread_mutex_lock /extra/alexey/worktrees/perf-msize/compiler-rt/lib/tsan/rtl/tsan_interceptors_posix.cpp:1342:3 (memcached+0x65dfe)
    #1 start_lru_maintainer_thread /home/alexey/tsan-experiments/nosql/memcached/memcached-tsan-dom_peeling-ea-lo-st-swmr-nomerge/items.c:1725:5 (memcached+0x1034ac)
    #2 main /home/alexey/tsan-experiments/nosql/memcached/memcached-tsan-dom_peeling-ea-lo-st-swmr-nomerge/memcached.c:6170:33 (memcached+0xf3008)

  Mutex M1 (0x555556a4b0f0) created at:
    #0 pthread_mutex_init /extra/alexey/worktrees/perf-msize/compiler-rt/lib/tsan/rtl/tsan_interceptors_posix.cpp:1316:3 (memcached+0x65ad3)
    #1 memcached_thread_init /home/alexey/tsan-experiments/nosql/memcached/memcached-tsan-dom_peeling-ea-lo-st-swmr-nomerge/thread.c:1093:9 (memcached+0x10801a)
    #2 main /home/alexey/tsan-experiments/nosql/memcached/memcached-tsan-dom_peeling-ea-lo-st-swmr-nomerge/memcached.c:6138:5 (memcached+0xf2fa3)

  Mutex M2 (0x7ffff53023d8) created at:
    #0 pthread_mutex_init /extra/alexey/worktrees/perf-msize/compiler-rt/lib/tsan/rtl/tsan_interceptors_posix.cpp:1316:3 (memcached+0x65ad3)
    #1 memcached_thread_init /home/alexey/tsan-experiments/nosql/memcached/memcached-tsan-dom_peeling-ea-lo-st-swmr-nomerge/thread.c:1132:9 (memcached+0x108158)
    #2 main /home/alexey/tsan-experiments/nosql/memcached/memcached-tsan-dom_peeling-ea-lo-st-swmr-nomerge/memcached.c:6138:5 (memcached+0xf2fa3)

  Thread T28 'mc-lrumaint' (tid=186770, running) created by main thread at:
    #0 pthread_create /extra/alexey/worktrees/perf-msize/compiler-rt/lib/tsan/rtl/tsan_interceptors_posix.cpp:1023:3 (memcached+0x6419f)
    #1 start_lru_maintainer_thread /home/alexey/tsan-experiments/nosql/memcached/memcached-tsan-dom_peeling-ea-lo-st-swmr-nomerge/items.c:1728:16 (memcached+0x1034f6)
    #2 main /home/alexey/tsan-experiments/nosql/memcached/memcached-tsan-dom_peeling-ea-lo-st-swmr-nomerge/memcached.c:6170:33 (memcached+0xf3008)

  Thread T9 'mc-worker' (tid=186751, running) created by main thread at:
    #0 pthread_create /extra/alexey/worktrees/perf-msize/compiler-rt/lib/tsan/rtl/tsan_interceptors_posix.cpp:1023:3 (memcached+0x6419f)
    #1 create_worker /home/alexey/tsan-experiments/nosql/memcached/memcached-tsan-dom_peeling-ea-lo-st-swmr-nomerge/thread.c:385:16 (memcached+0x10860a)
    #2 memcached_thread_init /home/alexey/tsan-experiments/nosql/memcached/memcached-tsan-dom_peeling-ea-lo-st-swmr-nomerge/thread.c:1155:9 (memcached+0x10860a)
    #3 main /home/alexey/tsan-experiments/nosql/memcached/memcached-tsan-dom_peeling-ea-lo-st-swmr-nomerge/memcached.c:6138:5 (memcached+0xf2fa3)

  Thread T7 'mc-worker' (tid=186749, running) created by main thread at:
    #0 pthread_create /extra/alexey/worktrees/perf-msize/compiler-rt/lib/tsan/rtl/tsan_interceptors_posix.cpp:1023:3 (memcached+0x6419f)
    #1 create_worker /home/alexey/tsan-experiments/nosql/memcached/memcached-tsan-dom_peeling-ea-lo-st-swmr-nomerge/thread.c:385:16 (memcached+0x10860a)
    #2 memcached_thread_init /home/alexey/tsan-experiments/nosql/memcached/memcached-tsan-dom_peeling-ea-lo-st-swmr-nomerge/thread.c:1155:9 (memcached+0x10860a)
    #3 main /home/alexey/tsan-experiments/nosql/memcached/memcached-tsan-dom_peeling-ea-lo-st-swmr-nomerge/memcached.c:6138:5 (memcached+0xf2fa3)

SUMMARY: ThreadSanitizer: data race /home/alexey/tsan-experiments/nosql/memcached/memcached-tsan-dom_peeling-ea-lo-st-swmr-nomerge/items.c:1143:13 in lru_pull_tail
==================
==================
WARNING: ThreadSanitizer: data race (pid=186738)
  Read of size 2 at 0x7fffec7f66ce by thread T20:
    #0 item_remove /home/alexey/tsan-experiments/nosql/memcached/memcached-tsan-dom_peeling-ea-lo-st-swmr-nomerge/thread.c:921:15 (memcached+0x107002)
    #1 resp_finish /home/alexey/tsan-experiments/nosql/memcached/memcached-tsan-dom_peeling-ea-lo-st-swmr-nomerge/memcached.c:1237:9 (memcached+0xeb261)
    #2 _transmit_post /home/alexey/tsan-experiments/nosql/memcached/memcached-tsan-dom_peeling-ea-lo-st-swmr-nomerge/memcached.c (memcached+0xe6f7d)
    #3 transmit /home/alexey/tsan-experiments/nosql/memcached/memcached-tsan-dom_peeling-ea-lo-st-swmr-nomerge/memcached.c:2773:9 (memcached+0xe6f7d)
    #4 drive_machine /home/alexey/tsan-experiments/nosql/memcached/memcached-tsan-dom_peeling-ea-lo-st-swmr-nomerge/memcached.c:3394:45 (memcached+0xe6f7d)
    #5 event_handler /home/alexey/tsan-experiments/nosql/memcached/memcached-tsan-dom_peeling-ea-lo-st-swmr-nomerge/memcached.c:3476:5 (memcached+0xeb04f)
    #6 <null> <null> (libevent-2.1.so.7+0x20b3b) (BuildId: 79ee78eebaf1fabcfa2c5160e0b25a68bf3edce9)

  Previous write of size 2 at 0x7fffec7f66ce by thread T28 (mutexes: write M0, write M1, write M2):
    #0 lru_pull_tail /home/alexey/tsan-experiments/nosql/memcached/memcached-tsan-dom_peeling-ea-lo-st-swmr-nomerge/items.c:1191:38 (memcached+0xfecba)
    #1 lru_maintainer_juggle /home/alexey/tsan-experiments/nosql/memcached/memcached-tsan-dom_peeling-ea-lo-st-swmr-nomerge/items.c:1449:13 (memcached+0x103b11)
    #2 lru_maintainer_thread /home/alexey/tsan-experiments/nosql/memcached/memcached-tsan-dom_peeling-ea-lo-st-swmr-nomerge/items.c:1645:29 (memcached+0x103b11)

  Location is heap block of size 1048576 at 0x7fffec700000 allocated by thread T7:
    #0 malloc /extra/alexey/worktrees/perf-msize/compiler-rt/lib/tsan/rtl/tsan_interceptors_posix.cpp:666:5 (memcached+0x6265f)
    #1 memory_allocate /home/alexey/tsan-experiments/nosql/memcached/memcached-tsan-dom_peeling-ea-lo-st-swmr-nomerge/slabs.c:615:15 (memcached+0xfd985)
    #2 do_slabs_newslab /home/alexey/tsan-experiments/nosql/memcached/memcached-tsan-dom_peeling-ea-lo-st-swmr-nomerge/slabs.c:386:17 (memcached+0xfd985)
    #3 do_slabs_alloc /home/alexey/tsan-experiments/nosql/memcached/memcached-tsan-dom_peeling-ea-lo-st-swmr-nomerge/slabs.c:423:9 (memcached+0xfab52)
    #4 slabs_alloc /home/alexey/tsan-experiments/nosql/memcached/memcached-tsan-dom_peeling-ea-lo-st-swmr-nomerge/slabs.c:661:11 (memcached+0xfab52)
    #5 do_item_alloc_pull /home/alexey/tsan-experiments/nosql/memcached/memcached-tsan-dom_peeling-ea-lo-st-swmr-nomerge/items.c:181:14 (memcached+0xfdfa0)
    #6 do_item_alloc /home/alexey/tsan-experiments/nosql/memcached/memcached-tsan-dom_peeling-ea-lo-st-swmr-nomerge/items.c:298:14 (memcached+0xff5a4)
    #7 item_alloc /home/alexey/tsan-experiments/nosql/memcached/memcached-tsan-dom_peeling-ea-lo-st-swmr-nomerge/thread.c:876:10 (memcached+0x106cf2)
    #8 process_update_command /home/alexey/tsan-experiments/nosql/memcached/memcached-tsan-dom_peeling-ea-lo-st-swmr-nomerge/proto_text.c:2044:10 (memcached+0x1191c1)
    #9 process_command_ascii /home/alexey/tsan-experiments/nosql/memcached/memcached-tsan-dom_peeling-ea-lo-st-swmr-nomerge/proto_text.c (memcached+0x114b67)
    #10 try_read_command_ascii /home/alexey/tsan-experiments/nosql/memcached/memcached-tsan-dom_peeling-ea-lo-st-swmr-nomerge/proto_text.c:494:5 (memcached+0x114398)
    #11 try_read_command_negotiate /home/alexey/tsan-experiments/nosql/memcached/memcached-tsan-dom_peeling-ea-lo-st-swmr-nomerge/memcached.c:2427:12 (memcached+0xeaf97)
    #12 drive_machine /home/alexey/tsan-experiments/nosql/memcached/memcached-tsan-dom_peeling-ea-lo-st-swmr-nomerge/memcached.c:3193:17 (memcached+0xe7704)
    #13 event_handler /home/alexey/tsan-experiments/nosql/memcached/memcached-tsan-dom_peeling-ea-lo-st-swmr-nomerge/memcached.c:3476:5 (memcached+0xeb04f)
    #14 <null> <null> (libevent-2.1.so.7+0x20b3b) (BuildId: 79ee78eebaf1fabcfa2c5160e0b25a68bf3edce9)

  Mutex M0 (0x555556a49cf0) created at:
    #0 pthread_mutex_lock /extra/alexey/worktrees/perf-msize/compiler-rt/lib/tsan/rtl/tsan_interceptors_posix.cpp:1342:3 (memcached+0x65dfe)
    #1 start_lru_maintainer_thread /home/alexey/tsan-experiments/nosql/memcached/memcached-tsan-dom_peeling-ea-lo-st-swmr-nomerge/items.c:1725:5 (memcached+0x1034ac)
    #2 main /home/alexey/tsan-experiments/nosql/memcached/memcached-tsan-dom_peeling-ea-lo-st-swmr-nomerge/memcached.c:6170:33 (memcached+0xf3008)

  Mutex M1 (0x555556a4b0f0) created at:
    #0 pthread_mutex_init /extra/alexey/worktrees/perf-msize/compiler-rt/lib/tsan/rtl/tsan_interceptors_posix.cpp:1316:3 (memcached+0x65ad3)
    #1 memcached_thread_init /home/alexey/tsan-experiments/nosql/memcached/memcached-tsan-dom_peeling-ea-lo-st-swmr-nomerge/thread.c:1093:9 (memcached+0x10801a)
    #2 main /home/alexey/tsan-experiments/nosql/memcached/memcached-tsan-dom_peeling-ea-lo-st-swmr-nomerge/memcached.c:6138:5 (memcached+0xf2fa3)

  Mutex M2 (0x7ffff53023d8) created at:
    #0 pthread_mutex_init /extra/alexey/worktrees/perf-msize/compiler-rt/lib/tsan/rtl/tsan_interceptors_posix.cpp:1316:3 (memcached+0x65ad3)
    #1 memcached_thread_init /home/alexey/tsan-experiments/nosql/memcached/memcached-tsan-dom_peeling-ea-lo-st-swmr-nomerge/thread.c:1132:9 (memcached+0x108158)
    #2 main /home/alexey/tsan-experiments/nosql/memcached/memcached-tsan-dom_peeling-ea-lo-st-swmr-nomerge/memcached.c:6138:5 (memcached+0xf2fa3)

  Thread T20 'mc-worker' (tid=186762, running) created by main thread at:
    #0 pthread_create /extra/alexey/worktrees/perf-msize/compiler-rt/lib/tsan/rtl/tsan_interceptors_posix.cpp:1023:3 (memcached+0x6419f)
    #1 create_worker /home/alexey/tsan-experiments/nosql/memcached/memcached-tsan-dom_peeling-ea-lo-st-swmr-nomerge/thread.c:385:16 (memcached+0x10860a)
    #2 memcached_thread_init /home/alexey/tsan-experiments/nosql/memcached/memcached-tsan-dom_peeling-ea-lo-st-swmr-nomerge/thread.c:1155:9 (memcached+0x10860a)
    #3 main /home/alexey/tsan-experiments/nosql/memcached/memcached-tsan-dom_peeling-ea-lo-st-swmr-nomerge/memcached.c:6138:5 (memcached+0xf2fa3)

  Thread T28 'mc-lrumaint' (tid=186770, running) created by main thread at:
    #0 pthread_create /extra/alexey/worktrees/perf-msize/compiler-rt/lib/tsan/rtl/tsan_interceptors_posix.cpp:1023:3 (memcached+0x6419f)
    #1 start_lru_maintainer_thread /home/alexey/tsan-experiments/nosql/memcached/memcached-tsan-dom_peeling-ea-lo-st-swmr-nomerge/items.c:1728:16 (memcached+0x1034f6)
    #2 main /home/alexey/tsan-experiments/nosql/memcached/memcached-tsan-dom_peeling-ea-lo-st-swmr-nomerge/memcached.c:6170:33 (memcached+0xf3008)

  Thread T7 'mc-worker' (tid=186749, running) created by main thread at:
    #0 pthread_create /extra/alexey/worktrees/perf-msize/compiler-rt/lib/tsan/rtl/tsan_interceptors_posix.cpp:1023:3 (memcached+0x6419f)
    #1 create_worker /home/alexey/tsan-experiments/nosql/memcached/memcached-tsan-dom_peeling-ea-lo-st-swmr-nomerge/thread.c:385:16 (memcached+0x10860a)
    #2 memcached_thread_init /home/alexey/tsan-experiments/nosql/memcached/memcached-tsan-dom_peeling-ea-lo-st-swmr-nomerge/thread.c:1155:9 (memcached+0x10860a)
    #3 main /home/alexey/tsan-experiments/nosql/memcached/memcached-tsan-dom_peeling-ea-lo-st-swmr-nomerge/memcached.c:6138:5 (memcached+0xf2fa3)

SUMMARY: ThreadSanitizer: data race /home/alexey/tsan-experiments/nosql/memcached/memcached-tsan-dom_peeling-ea-lo-st-swmr-nomerge/thread.c:921:15 in item_remove
==================
==================
WARNING: ThreadSanitizer: data race (pid=186738)
  Read of size 8 at 0x555556a3cc10 by main thread:
    #0 clock_handler /home/alexey/tsan-experiments/nosql/memcached/memcached-tsan-dom_peeling-ea-lo-st-swmr-nomerge/memcached.c:4009:36 (memcached+0xf5d16)
    #1 <null> <null> (libevent-2.1.so.7+0x20a57) (BuildId: 79ee78eebaf1fabcfa2c5160e0b25a68bf3edce9)
    #2 __libc_start_call_main csu/../sysdeps/nptl/libc_start_call_main.h:58:16 (libc.so.6+0x2a1c9) (BuildId: 282c2c16e7b6600b0b22ea0c99010d2795752b5f)

  Previous write of size 8 at 0x555556a3cc10 by thread T13 (mutexes: write M0, write M1):
    #0 do_item_unlink /home/alexey/tsan-experiments/nosql/memcached/memcached-tsan-dom_peeling-ea-lo-st-swmr-nomerge/items.c:519:32 (memcached+0x10000c)
    #1 do_item_replace /home/alexey/tsan-experiments/nosql/memcached/memcached-tsan-dom_peeling-ea-lo-st-swmr-nomerge/items.c:589:5 (memcached+0x100a35)
    #2 item_replace /home/alexey/tsan-experiments/nosql/memcached/memcached-tsan-dom_peeling-ea-lo-st-swmr-nomerge/thread.c:934:12 (memcached+0x1070fb)
    #3 do_store_item /home/alexey/tsan-experiments/nosql/memcached/memcached-tsan-dom_peeling-ea-lo-st-swmr-nomerge/memcached.c:1715:13 (memcached+0xed4b6)
    #4 store_item /home/alexey/tsan-experiments/nosql/memcached/memcached-tsan-dom_peeling-ea-lo-st-swmr-nomerge/thread.c:974:11 (memcached+0x107422)
    #5 complete_nread_ascii /home/alexey/tsan-experiments/nosql/memcached/memcached-tsan-dom_peeling-ea-lo-st-swmr-nomerge/proto_text.c:184:13 (memcached+0x1137ab)
    #6 complete_nread /home/alexey/tsan-experiments/nosql/memcached/memcached-tsan-dom_peeling-ea-lo-st-swmr-nomerge/memcached.c:1485:9 (memcached+0xe7ef3)
    #7 drive_machine /home/alexey/tsan-experiments/nosql/memcached/memcached-tsan-dom_peeling-ea-lo-st-swmr-nomerge/memcached.c:3239:17 (memcached+0xe7ef3)
    #8 event_handler /home/alexey/tsan-experiments/nosql/memcached/memcached-tsan-dom_peeling-ea-lo-st-swmr-nomerge/memcached.c:3476:5 (memcached+0xeb04f)
    #9 <null> <null> (libevent-2.1.so.7+0x20b3b) (BuildId: 79ee78eebaf1fabcfa2c5160e0b25a68bf3edce9)

  Location is global 'stats_state' of size 56 at 0x555556a3cc10 (memcached+0x14e8c10)

  Mutex M0 (0x7ffff53709c8) created at:
    #0 pthread_mutex_init /extra/alexey/worktrees/perf-msize/compiler-rt/lib/tsan/rtl/tsan_interceptors_posix.cpp:1316:3 (memcached+0x65ad3)
    #1 memcached_thread_init /home/alexey/tsan-experiments/nosql/memcached/memcached-tsan-dom_peeling-ea-lo-st-swmr-nomerge/thread.c:1132:9 (memcached+0x108158)
    #2 main /home/alexey/tsan-experiments/nosql/memcached/memcached-tsan-dom_peeling-ea-lo-st-swmr-nomerge/memcached.c:6138:5 (memcached+0xf2fa3)

  Mutex M1 (0x555556a4a678) created at:
    #0 pthread_mutex_lock /extra/alexey/worktrees/perf-msize/compiler-rt/lib/tsan/rtl/tsan_interceptors_posix.cpp:1342:3 (memcached+0x65dfe)
    #1 STATS_LOCK /home/alexey/tsan-experiments/nosql/memcached/memcached-tsan-dom_peeling-ea-lo-st-swmr-nomerge/thread.c:982:5 (memcached+0x107496)
    #2 assoc_init /home/alexey/tsan-experiments/nosql/memcached/memcached-tsan-dom_peeling-ea-lo-st-swmr-nomerge/assoc.c:64:5 (memcached+0x104b6d)
    #3 main /home/alexey/tsan-experiments/nosql/memcached/memcached-tsan-dom_peeling-ea-lo-st-swmr-nomerge/memcached.c:6082:5 (memcached+0xf2e56)

  Thread T13 'mc-worker' (tid=186755, running) created by main thread at:
    #0 pthread_create /extra/alexey/worktrees/perf-msize/compiler-rt/lib/tsan/rtl/tsan_interceptors_posix.cpp:1023:3 (memcached+0x6419f)
    #1 create_worker /home/alexey/tsan-experiments/nosql/memcached/memcached-tsan-dom_peeling-ea-lo-st-swmr-nomerge/thread.c:385:16 (memcached+0x10860a)
    #2 memcached_thread_init /home/alexey/tsan-experiments/nosql/memcached/memcached-tsan-dom_peeling-ea-lo-st-swmr-nomerge/thread.c:1155:9 (memcached+0x10860a)
    #3 main /home/alexey/tsan-experiments/nosql/memcached/memcached-tsan-dom_peeling-ea-lo-st-swmr-nomerge/memcached.c:6138:5 (memcached+0xf2fa3)

SUMMARY: ThreadSanitizer: data race /home/alexey/tsan-experiments/nosql/memcached/memcached-tsan-dom_peeling-ea-lo-st-swmr-nomerge/memcached.c:4009:36 in clock_handler
==================
ThreadSanitizer: reported 17 warnings
ThreadSanitizer: accesses total=3504628027 fast_hit=746551666 range_calls=374895295 range_bytes=28774510188 func_entries=783407222
